-90.0, -60.0, -0.0, 180.0, 0.0, 0.0, 0.0
-90.0, -60.0, -0.0, 180.0, 1.2095390610000002e-05, 1.075145832e-05, 0.0
-90.0, -60.0, -0.0, 180.0, 9.632729952000002e-05, 8.562426624e-05, 0.0
-90.0, -60.0, -0.0, 180.0, 0.00032363726823000005, 0.0002876775717600001, 0.0
-90.0, -60.0, -0.0, 180.0, 0.00076367038464, 0.00067881811968, 0.0
-90.0, -60.0, -0.0, 180.0, 0.0014847831562499999, 0.0013198072499999997, 0.0
-90.0, -60.0, -0.0, 180.0, 0.0025540513833600008, 0.0022702678963200007, 0.0
-90.0, -60.0, -0.0, 180.0, 0.00403727803227, 0.0035886915842400003, 0.0
-90.0, -60.0, -0.0, 180.0, 0.0059990011084800005, 0.00533244542976, 0.0
-90.0, -60.0, -0.0, 180.0, 0.008502501529889999, 0.007557779137679999, 0.0
-90.0, -60.0, -0.0, 180.0, 0.011609810999999998, 0.010319832, 0.0
-90.0, -60.0, -0.0, 180.0, 0.015381719881110003, 0.013672639894320002, 0.0
-90.0, -60.0, -0.0, 180.0, 0.019877785067520005, 0.017669142282240008, 0.0
-90.0, -60.0, -0.0, 180.0, 0.025156337858729998, 0.02236118920776, 0.0
-90.0, -60.0, -0.0, 180.0, 0.03127449183264, 0.027799548295680005, 0.0
-90.0, -60.0, -0.0, 180.0, 0.03828815071874999, 0.03403391174999999, 0.0
-90.0, -60.0, -0.0, 180.0, 0.04625201627136, 0.04111290335232, 0.0
-90.0, -60.0, -0.0, 180.0, 0.055219596142770014, 0.04908408546024001, 0.0
-90.0, -60.0, -0.0, 180.0, 0.06524321175647999, 0.05799396600575999, 0.0
-90.0, -60.0, -0.0, 180.0, 0.07637400618039002, 0.06788800549368, 0.0
-90.0, -60.0, -0.0, 180.0, 0.08866195199999997, 0.07881062399999998, 0.0
-90.0, -60.0, -0.0, 180.0, 0.10215585919161001, 0.09080520817031999, 0.0
-90.0, -60.0, -0.0, 180.0, 0.11690338299552003, 0.10391411821824001, 0.0
-90.0, -60.0, -0.0, 180.0, 0.13295103178923004, 0.11817869492376003, 0.0
-90.0, -60.0, -0.0, 180.0, 0.15034417496064, 0.13363926663168002, 0.0
-90.0, -60.0, -0.0, 180.0, 0.16912705078124998, 0.15033515625, 0.0
-90.0, -60.0, -0.0, 180.0, 0.18934277427936, 0.16830468824831998, 0.0
-90.0, -60.0, -0.0, 180.0, 0.21103334511327002, 0.18758519565624002, 0.0
-90.0, -60.0, -0.0, 180.0, 0.23423965544448003, 0.20821302706176, 0.0
-90.0, -60.0, -0.0, 180.0, 0.25900149781089005, 0.23022355360968003, 0.0
-90.0, -60.0, -0.0, 180.0, 0.285357573, 0.253651176, 0.0
-90.0, -60.0, -0.0, 180.0, 0.31334549792211, 0.27852933148632, 0.0
-90.0, -60.0, -0.0, 180.0, 0.34300181348352, 0.30489050087424, 0.0
-90.0, -60.0, -0.0, 180.0, 0.37436199245973006, 0.33276621551976004, 0.0
-90.0, -60.0, -0.0, 180.0, 0.4074604473686401, 0.3621870643276801, 0.0
-90.0, -60.0, -0.0, 180.0, 0.44233053834374997, 0.3931827007499999, 0.0
-90.0, -60.0, -0.0, 180.0, 0.4790045810073599, 0.4257818497843199, 0.0
-90.0, -60.0, -0.0, 180.0, 0.51751385434377, 0.46001231497224, 0.0
-90.0, -60.0, -0.0, 180.0, 0.5578886085724801, 0.49590098539776, 0.0
-90.0, -60.0, -0.0, 180.0, 0.6001580730213901, 0.5334738426856801, 0.0
-90.0, -60.0, -0.0, 180.0, 0.6443504639999998, 0.572755968, 0.0
-90.0, -60.0, -0.0, 180.0, 0.69049299267261, 0.61377154904232, 0.0
-90.0, -60.0, -0.0, 180.0, 0.7386118729315201, 0.6565438870502399, 0.0
-90.0, -60.0, -0.0, 180.0, 0.7887323292702301, 0.7010954037957601, 0.0
-90.0, -60.0, -0.0, 180.0, 0.8408786046566401, 0.7474476485836801, 0.0
-90.0, -60.0, -0.0, 180.0, 0.89507396840625, 0.7956213052500001, 0.0
-90.0, -60.0, -0.0, 180.0, 0.9513407240553604, 0.8456361991603202, 0.0
-90.0, -60.0, -0.0, 180.0, 1.0097002172342704, 0.8975113042082402, 0.0
-90.0, -60.0, -0.0, 180.0, 1.0701728435404803, 0.9512647498137603, 0.0
-90.0, -60.0, -0.0, 180.0, 1.1327780564118899, 1.0069138279216798, 0.0
-90.0, -60.0, -0.0, 180.0, 1.1975343749999998, 1.0644749999999998, 0.0
-90.0, -60.0, -0.0, 180.0, 1.2644593920431098, 1.12396390403832, 0.0
-90.0, -60.0, -0.0, 180.0, 1.33356978173952, 1.1853953615462398, 0.0
-90.0, -60.0, -0.0, 180.0, 1.4048813076207303, 1.24878338455176, 0.0
-90.0, -60.0, -0.0, 180.0, 1.4784088304246399, 1.3141411825996798, 0.0
-90.0, -60.0, -0.0, 180.0, 1.5541663159687504, 1.3814811697500002, 0.0
-90.0, -60.0, -0.0, 180.0, 1.6321668430233602, 1.4508149715763201, 0.0
-90.0, -60.0, -0.0, 180.0, 1.71242261118477, 1.5221534321642403, 0.0
-90.0, -60.0, -0.0, 180.0, 1.7949449487484805, 1.5955066211097602, 0.0
-90.0, -60.0, -0.0, 180.0, 1.8797443205823898, 1.67088384051768, 0.0
-90.0, -60.0, -0.0, 180.0, 1.966830336, 1.748293632, 0.0
-90.0, -60.0, -0.0, 180.0, 2.0562117566336098, 1.8277437836743198, 0.0
-90.0, -60.0, -0.0, 180.0, 2.14789650430752, 1.90924133716224, 0.0
-90.0, -60.0, -0.0, 180.0, 2.24189166891123, 1.9927925945877598, 0.0
-90.0, -60.0, -0.0, 180.0, 2.3382035162726402, 2.07840312557568, 0.0
-90.0, -60.0, -0.0, 180.0, 2.43683749603125, 2.1660777742500006, 0.0
-90.0, -60.0, -0.0, 180.0, 2.5377982495113605, 2.2558206662323204, 0.0
-90.0, -60.0, -0.0, 180.0, 2.6410896175952705, 2.3476352156402402, 0.0
-90.0, -60.0, -0.0, 180.0, 2.746714648596481, 2.4415241320857604, 0.0
-90.0, -60.0, -0.0, 180.0, 2.854675606132891, 2.537489427673681, 0.0
-90.0, -60.0, -0.0, 180.0, 2.964973977, 2.6355324239999995, 0.0
-90.0, -60.0, -0.0, 180.0, 3.0776104790441097, 2.73565375915032, 0.0
-90.0, -60.0, -0.0, 180.0, 3.192585069035519, 2.8378533946982394, 0.0
-90.0, -60.0, -0.0, 180.0, 3.30989695054173, 2.94213062270376, 0.0
-90.0, -60.0, -0.0, 180.0, 3.42954458180064, 3.04848407271168, 0.0
-90.0, -60.0, -0.0, 180.0, 3.5515256835937508, 3.15691171875, 0.0
-90.0, -60.0, -0.0, 180.0, 3.675837247119361, 3.2674108863283204, 0.0
-90.0, -60.0, -0.0, 180.0, 3.802475541865771, 3.379978259436241, 0.0
-90.0, -60.0, -0.0, 180.0, 3.9314361234844806, 3.4946098875417606, 0.0
-90.0, -60.0, -0.0, 180.0, 4.062713841663391, 3.61130119258968, 0.0
-90.0, -60.0, -0.0, 180.0, 4.196302847999999, 3.7300469759999997, 0.0
-90.0, -60.0, -0.0, 180.0, 4.3321966038746105, 3.85084142566632, 0.0
-90.0, -60.0, -0.0, 180.0, 4.470387888323519, 3.97367812295424, 0.0
-90.0, -60.0, -0.0, 180.0, 4.61086880591223, 4.09855004969976, 0.0
-90.0, -60.0, -0.0, 180.0, 4.75363079460864, 4.22544959520768, 0.0
-90.0, -60.0, -0.0, 180.0, 4.898664633656251, 4.354368563250001, 0.0
-90.0, -60.0, -0.0, 180.0, 5.04596045144736, 4.48529817906432, 0.0
-90.0, -60.0, -0.0, 180.0, 5.195507733396271, 4.618229096352241, 0.0
-90.0, -60.0, -0.0, 180.0, 5.34729532981248, 4.75315140427776, 0.0
-90.0, -60.0, -0.0, 180.0, 5.501311463773891, 4.890054634465681, 0.0
-90.0, -60.0, -0.0, 180.0, 5.657543738999999, 5.028927768000001, 0.0
-90.0, -60.0, -0.0, 180.0, 5.815979147725111, 5.169759242422323, 0.0
-90.0, -60.0, -0.0, 180.0, 5.976604078571523, 5.312536958730242, 0.0
-90.0, -60.0, -0.0, 180.0, 6.139404324422733, 5.457248288375762, 0.0
-90.0, -60.0, -0.0, 180.0, 6.304365090296642, 5.603880080263681, 0.0
-90.0, -60.0, -0.0, 180.0, 6.4714710012187515, 5.752418667750001, 0.0
-90.0, -60.0, -0.0, 180.0, 6.640706110095361, 5.902849875640321, 0.0
-90.0, -60.0, -0.0, 180.0, 6.812053905586769, 6.05515902718824, 0.0
-90.0, -60.0, -0.0, 180.0, 6.98549731998048, 6.209330951093759, 0.0
-90.0, -60.0, -0.0, 180.0, 7.1610187370643885, 6.36534998850168, 0.0
-90.0, -60.0, -0.0, 180.0, 7.338599999999999, 6.523199999999999, 0.0
-90.0, -60.0, -0.0, 180.0, 7.5182224191956095, 6.682864372618319, 0.0
-90.0, -60.0, -0.0, 180.0, 7.699866780179519, 6.844326026826239, 0.0
-90.0, -60.0, -0.0, 180.0, 7.88351335147323, 7.007567423531761, 0.0
-90.0, -60.0, -0.0, 180.0, 8.069141892464641, 7.17257057107968, 0.0
-90.0, -60.0, -0.0, 180.0, 8.25673166128125, 7.339317032250001, 0.0
-90.0, -60.0, -0.0, 180.0, 8.44626142266336, 7.50778793125632, 0.0
-90.0, -60.0, -0.0, 180.0, 8.637709455837268, 7.67796396074424, 0.0
-90.0, -60.0, -0.0, 180.0, 8.83105356238848, 7.849825388789759, 0.0
-90.0, -60.0, -0.0, 180.0, 9.026271074134891, 8.023352065897683, 0.0
-90.0, -60.0, -0.0, 180.0, 9.223338861000002, 8.198523432000002, 0.0
-90.0, -60.0, -0.0, 180.0, 9.422233338886112, 8.375318523454322, 0.0
-90.0, -60.0, -0.0, 180.0, 9.62293047754752, 8.55371598004224, 0.0
-90.0, -60.0, -0.0, 180.0, 9.825405808463731, 8.733694051967761, 0.0
-90.0, -60.0, -0.0, 180.0, 10.02963443271264, 8.915230606855683, 0.0
-90.0, -60.0, -0.0, 180.0, 10.235591028843753, 9.098303136750003, 0.0
-90.0, -60.0, -0.0, 180.0, 10.443249860751362, 9.28288876511232, 0.0
-90.0, -60.0, -0.0, 180.0, 10.652584785547774, 9.468964253820241, 0.0
-90.0, -60.0, -0.0, 180.0, 10.86356926143648, 9.65650601016576, 0.0
-90.0, -60.0, -0.0, 180.0, 11.07617635558539, 9.84549009385368, 0.0
-90.0, -60.0, -0.0, 180.0, 11.290378751999999, 10.035892224, 0.0
-90.0, -60.0, -0.0, 180.0, 11.50614875939661, 10.227687786130321, 0.0
-90.0, -60.0, -0.0, 180.0, 11.723458319075517, 10.420851839178237, 0.0
-90.0, -60.0, -0.0, 180.0, 11.942279012794229, 10.615359122483758, 0.0
-90.0, -60.0, -0.0, 180.0, 12.16258207064064, 10.81118406279168, 0.0
-90.0, -60.0, -0.0, 180.0, 12.38433837890625, 11.00830078125, 0.0
-90.0, -60.0, -0.0, 180.0, 12.60751848795936, 11.20668310040832, 0.0
-90.0, -60.0, -0.0, 180.0, 12.832092620118273, 11.406304551216241, 0.0
-90.0, -60.0, -0.0, 180.0, 13.05803067752448, 11.607138380021759, 0.0
-90.0, -60.0, -0.0, 180.0, 13.285302250015892, 11.809157555569682, 0.0
-90.0, -60.0, -0.0, 180.0, 13.513876622999998, 12.012334776000001, 0.0
-90.0, -60.0, -0.0, 180.0, 13.743722785327108, 12.216642475846319, 0.0
-90.0, -60.0, -0.0, 180.0, 13.974809437163522, 12.422052833034243, 0.0
-90.0, -60.0, -0.0, 180.0, 14.207104997864732, 12.628537775879764, 0.0
-90.0, -60.0, -0.0, 180.0, 14.440577613848642, 12.836068990087682, 0.0
-90.0, -60.0, -0.0, 180.0, 14.67519516646875, 13.044617925750002, 0.0
-90.0, -60.0, -0.0, 180.0, 14.910925279887364, 13.254155804344323, 0.0
-90.0, -60.0, -0.0, 180.0, 15.14773532894877, 13.46465362573224, 0.0
-90.0, -60.0, -0.0, 180.0, 15.385592447052487, 13.676082175157767, 0.0
-90.0, -60.0, -0.0, 180.0, 15.624463534026388, 13.88841203024568, 0.0
-90.0, -60.0, -0.0, 180.0, 15.864315263999998, 14.101613567999996, 0.0
-90.0, -60.0, -0.0, 180.0, 16.10511409327761, 14.315656971802321, 0.0
-90.0, -60.0, -0.0, 180.0, 16.34682626821152, 14.530512238410239, 0.0
-90.0, -60.0, -0.0, 180.0, 16.589417833075224, 14.746149184955756, 0.0
-90.0, -60.0, -0.0, 180.0, 16.832854637936634, 14.962537455943677, 0.0
-90.0, -60.0, -0.0, 180.0, 17.077102346531248, 15.179646530249995, 0.0
-90.0, -60.0, -0.0, 180.0, 17.322126444135357, 15.397445728120317, 0.0
-90.0, -60.0, -0.0, 180.0, 17.567892245439275, 15.61590421816824, 0.0
-90.0, -60.0, -0.0, 180.0, 17.81436490242048, 15.83499102437376, 0.0
-90.0, -60.0, -0.0, 180.0, 18.061509412216893, 16.054675033081686, 0.0
-90.0, -60.0, -0.0, 180.0, 18.30929062500001, 16.274925000000003, 0.0
-90.0, -60.0, -0.0, 180.0, 18.557673251848115, 16.49570955719832, 0.0
-90.0, -60.0, -0.0, 180.0, 18.806621872619527, 16.71699722010624, 0.0
-90.0, -60.0, -0.0, 180.0, 19.056100943825726, 16.93875639451176, 0.0
-90.0, -60.0, -0.0, 180.0, 19.306074806504647, 17.16095538355969, 0.0
-90.0, -60.0, -0.0, 180.0, 19.556507694093746, 17.38356239475, 0.0
-90.0, -60.0, -0.0, 180.0, 19.80736374030336, 17.606545546936324, 0.0
-90.0, -60.0, -0.0, 180.0, 20.05860698698977, 17.829872877324245, 0.0
-90.0, -60.0, -0.0, 180.0, 20.310201392028485, 18.05351234846976, 0.0
-90.0, -60.0, -0.0, 180.0, 20.562110837187394, 18.277431855277676, 0.0
-90.0, -60.0, -0.0, 180.0, 20.814299135999995, 18.501599231999997, 0.0
-90.0, -60.0, -0.0, 180.0, 21.066730041638603, 18.725982259234314, 0.0
-90.0, -60.0, -0.0, 180.0, 21.319367254787522, 18.95054867092224, 0.0
-90.0, -60.0, -0.0, 180.0, 21.572174431516224, 19.17526616134775, 0.0
-90.0, -60.0, -0.0, 180.0, 21.825115191152637, 19.400102392135683, 0.0
-90.0, -60.0, -0.0, 180.0, 22.078153124156252, 19.62502499925, 0.0
-90.0, -60.0, -0.0, 180.0, 22.331251799991364, 19.850001599992318, 0.0
-90.0, -60.0, -0.0, 180.0, 22.584374775000256, 20.07499980000023, 0.0
-90.0, -60.0, -0.0, 180.0, 22.83748560027648, 20.29998720024576, 0.0
-90.0, -60.0, -0.0, 180.0, 23.09054782953789, 20.52493140403368, 0.0
-90.0, -60.0, -0.0, 180.0, 23.343525027000013, 20.74980002400001, 0.0
-90.0, -60.0, -0.0, 180.0, 23.596380775249113, 20.974560689110323, 0.0
-90.0, -60.0, -0.0, 180.0, 23.849078683115515, 21.199181051658243, 0.0
-90.0, -60.0, -0.0, 180.0, 24.10158239354673, 21.423628794263756, 0.0
-90.0, -60.0, -0.0, 180.0, 24.353855591480645, 21.647871636871688, 0.0
-90.0, -60.0, -0.0, 180.0, 24.605862011718756, 21.87187734375, 0.0
-90.0, -60.0, -0.0, 180.0, 24.857565446799363, 22.095613730488317, 0.0
-90.0, -60.0, -0.0, 180.0, 25.108929754870765, 22.319048670996242, 0.0
-90.0, -60.0, -0.0, 180.0, 25.359918867564488, 22.542150104501765, 0.0
-90.0, -60.0, -0.0, 180.0, 25.6104967978684, 22.764886042549676, 0.0
-90.0, -60.0, -0.0, 180.0, 25.86062764799999, 22.987224575999996, 0.0
-90.0, -60.0, -0.0, 180.0, 26.110275617279612, 23.20913388202633, 0.0
-90.0, -60.0, -0.0, 180.0, 26.359405010003524, 23.430582231114258, 0.0
-90.0, -60.0, -0.0, 180.0, 26.607980243317225, 23.651537994059762, 0.0
-90.0, -60.0, -0.0, 180.0, 26.855965855088655, 23.871969648967692, 0.0
-90.0, -60.0, -0.0, 180.0, 27.103326511781255, 24.091845788250005, 0.0
-90.0, -60.0, -0.0, 180.0, 27.35002701632738, 24.311135125624332, 0.0
-90.0, -60.0, -0.0, 180.0, 27.59603231600127, 24.529806503112237, 0.0
-90.0, -60.0, -0.0, 180.0, 27.84130751029248, 24.74782889803776, 0.0
-90.0, -60.0, -0.0, 180.0, 28.08581785877888, 24.965171430025684, 0.0
-90.0, -60.0, -0.0, 180.0, 28.329528788999998, 25.181803367999994, 0.0
-90.0, -60.0, -0.0, 180.0, 28.572405904330108, 25.397694137182313, 0.0
-90.0, -60.0, -0.0, 180.0, 28.814414991851518, 25.612813326090237, 0.0
-90.0, -60.0, -0.0, 180.0, 29.05552203022773, 25.827130693535757, 0.0
-90.0, -60.0, -0.0, 180.0, 29.295693197576636, 26.040616175623686, 0.0
-90.0, -60.0, -0.0, 180.0, 29.534894879343753, 26.253239892750003, 0.0
-90.0, -60.0, -0.0, 180.0, 29.773093676175364, 26.464972156600318, 0.0
-90.0, -60.0, -0.0, 180.0, 30.010256411791758, 26.67578347714824, 0.0
-90.0, -60.0, -0.0, 180.0, 30.246350140860468, 26.88564456965376, 0.0
-90.0, -60.0, -0.0, 180.0, 30.48134215686941, 27.09452636166169, 0.0
-90.0, -60.0, -0.0, 180.0, 30.715199999999992, 27.302399999999995, 0.0
-90.0, -60.0, -0.0, 180.0, 30.947891465000612, 27.509236857778316, 0.0
-90.0, -60.0, -0.0, 180.0, 31.179384609059518, 27.715008541386233, 0.0
-90.0, -60.0, -0.0, 180.0, 31.409647759678233, 27.919686897491754, 0.0
-90.0, -60.0, -0.0, 180.0, 31.638649522544632, 28.12324402003967, 0.0
-90.0, -60.0, -0.0, 180.0, 31.866358789406245, 28.325652257249995, 0.0
-90.0, -60.0, -0.0, 180.0, 32.092744745943364, 28.526884218616328, 0.0
-90.0, -60.0, -0.0, 180.0, 32.31777687964227, 28.726912781904247, 0.0
-90.0, -60.0, -0.0, 180.0, 32.541424987668485, 28.925711100149762, 0.0
-90.0, -60.0, -0.0, 180.0, 32.76365918473988, 29.123252608657666, 0.0
-90.0, -60.0, -0.0, 180.0, 32.98444991099999, 29.319511032000005, 0.0
-90.0, -60.0, -0.0, 180.0, 33.20376793989109, 29.514460391014296, 0.0
-90.0, -60.0, -0.0, 180.0, 33.42158438602752, 29.708075009802233, 0.0
-90.0, -60.0, -0.0, 180.0, 33.63787071306875, 29.900329522727773, 0.0
-90.0, -60.0, -0.0, 180.0, 33.852598741592615, 30.091198881415668, 0.0
-90.0, -60.0, -0.0, 180.0, 34.06574065696874, 30.280658361750007, 0.0
-90.0, -60.0, -0.0, 180.0, 34.277269017231355, 30.468683570872305, 0.0
-90.0, -60.0, -0.0, 180.0, 34.487156760952765, 30.65525045418023, 0.0
-90.0, -60.0, -0.0, 180.0, 34.69537721511649, 30.84033530232577, 0.0
-90.0, -60.0, -0.0, 180.0, 34.90190410299039, 31.023914758213675, 0.0
-90.0, -60.0, -0.0, 180.0, 35.106711552000014, 31.20596582400001, 0.0
-90.0, -60.0, -0.0, 180.0, 35.30977410160163, 31.386465868090312, 0.0
-90.0, -60.0, -0.0, 180.0, 35.51106671115552, 31.565392632138245, 0.0
-90.0, -60.0, -0.0, 180.0, 35.71056476779925, 31.742724238043763, 0.0
-90.0, -60.0, -0.0, 180.0, 35.90824409432064, 31.918439194951674, 0.0
-90.0, -60.0, -0.0, 180.0, 36.104080957031265, 32.09251640625, 0.0
-90.0, -60.0, -0.0, 180.0, 36.298052073639354, 32.26493517656833, 0.0
-90.0, -60.0, -0.0, 180.0, 36.49013462112326, 32.435675218776254, 0.0
-90.0, -60.0, -0.0, 180.0, 36.68030624360447, 32.60471666098178, 0.0
-90.0, -60.0, -0.0, 180.0, 36.868545060220896, 32.772040053529686, 0.0
-90.0, -60.0, -0.0, 180.0, 37.05482967300003, 32.937626376000004, 0.0
-90.0, -60.0, -0.0, 180.0, 37.2391391747321, 33.101457044206335, 0.0
-90.0, -60.0, -0.0, 180.0, 37.421453156843526, 33.26351391719422, 0.0
-90.0, -60.0, -0.0, 180.0, 37.60175171726975, 33.423779304239766, 0.0
-90.0, -60.0, -0.0, 180.0, 37.780015468328656, 33.58223597184769, 0.0
-90.0, -60.0, -0.0, 180.0, 37.95622554459377, 33.73886715075, 0.0
-90.0, -60.0, -0.0, 180.0, 38.130363610767375, 33.89365654290434, 0.0
-90.0, -60.0, -0.0, 180.0, 38.3024118695538, 34.046588328492255, 0.0
-90.0, -60.0, -0.0, 180.0, 38.47235306953249, 34.19764717291776, 0.0
-90.0, -60.0, -0.0, 180.0, 38.640170513031386, 34.34681823380565, 0.0
-90.0, -60.0, -0.0, 180.0, 38.805848063999996, 34.494087168000014, 0.0
-90.0, -60.0, -0.0, 180.0, 38.9693701558826, 34.63944013856231, 0.0
-90.0, -60.0, -0.0, 180.0, 39.13072179949152, 34.78286382177026, 0.0
-90.0, -60.0, -0.0, 180.0, 39.289888590880224, 34.92434541411576, 0.0
-90.0, -60.0, -0.0, 180.0, 39.446856719216626, 35.06387263930367, 0.0
-90.0, -60.0, -0.0, 180.0, 39.60161297465625, 35.20143375525003, 0.0
-90.0, -60.0, -0.0, 180.0, 39.75414475621536, 35.3370175610803, 0.0
-90.0, -60.0, -0.0, 180.0, 39.90444007964428, 35.47061340412823, 0.0
-90.0, -60.0, -0.0, 180.0, 40.052487585300476, 35.60221118693376, 0.0
-90.0, -60.0, -0.0, 180.0, 40.19827654602188, 35.73180137424167, 0.0
-90.0, -60.0, -0.0, 180.0, 40.341796875, 35.859375, 0.0
-90.0, -60.0, -0.0, 180.0, 40.483039133653094, 35.9849236743583, 0.0
-90.0, -60.0, -0.0, 180.0, 40.621994539499525, 36.10843959066624, 0.0
-90.0, -60.0, -0.0, 180.0, 40.75865497403073, 36.229915532471765, 0.0
-90.0, -60.0, -0.0, 180.0, 40.893012990584666, 36.3493448805197, 0.0
-90.0, -60.0, -0.0, 180.0, 41.025061822218746, 36.46672161975002, 0.0
-90.0, -60.0, -0.0, 180.0, 41.154795389583356, 36.58204034629631, 0.0
-90.0, -60.0, -0.0, 180.0, 41.282208308794765, 36.69529627448422, 0.0
-90.0, -60.0, -0.0, 180.0, 41.407295899308494, 36.80648524382978, 0.0
-90.0, -60.0, -0.0, 180.0, 41.53005419179243, 36.9156037260377, 0.0
-90.0, -60.0, -0.0, 180.0, 41.65047993599997, 37.022648832, 0.0
-90.0, -60.0, -0.0, 180.0, 41.768570608643586, 37.127618318794305, 0.0
-90.0, -60.0, -0.0, 180.0, 41.88432442126749, 37.23051059668224, 0.0
-90.0, -60.0, -0.0, 180.0, 41.99774032812127, 37.331324736107774, 0.0
-90.0, -60.0, -0.0, 180.0, 42.10881803403265, 37.43006047469569, 0.0
-90.0, -60.0, -0.0, 180.0, 42.217558002281265, 37.52671822425003, 0.0
-90.0, -60.0, -0.0, 180.0, 42.323961462471345, 37.62129907775234, 0.0
-90.0, -60.0, -0.0, 180.0, 42.42803041840527, 37.713804816360266, 0.0
-90.0, -60.0, -0.0, 180.0, 42.52976765595649, 37.80423791640577, 0.0
-90.0, -60.0, -0.0, 180.0, 42.629176750942946, 37.8926015563937, 0.0
-90.0, -60.0, -0.0, 180.0, 42.72626207699999, 37.97889962399999, 0.0
-90.0, -60.0, -0.0, 180.0, 42.82102881345412, 38.06313672307034, 0.0
-90.0, -60.0, -0.0, 180.0, 42.91348295319554, 38.14531818061825, 0.0
-90.0, -60.0, -0.0, 180.0, 43.00363131055171, 38.22545005382375, 0.0
-90.0, -60.0, -0.0, 180.0, 43.09148152916062, 38.30353913703166, 0.0
-90.0, -60.0, -0.0, 180.0, 43.17704208984378, 38.37959296875002, 0.0
-90.0, -60.0, -0.0, 180.0, 43.260322318479396, 38.45361983864835, 0.0
-90.0, -60.0, -0.0, 180.0, 43.34133239387579, 38.525628794556226, 0.0
-90.0, -60.0, -0.0, 180.0, 43.42008335564448, 38.59562964946177, 0.0
-90.0, -60.0, -0.0, 180.0, 43.4965871120734, 38.663632988509676, 0.0
-90.0, -60.0, -0.0, 180.0, 43.570856448, 38.729650175999964, 0.0
-90.0, -60.0, -0.0, 180.0, 43.642905032684595, 38.79369336238632, 0.0
-90.0, -60.0, -0.0, 180.0, 43.71274742768354, 38.85577549127426, 0.0
-90.0, -60.0, -0.0, 180.0, 43.780399094722185, 38.91591030641979, 0.0
-90.0, -60.0, -0.0, 180.0, 43.84587640356864, 38.974112358727695, 0.0
-90.0, -60.0, -0.0, 180.0, 43.909196639906256, 39.030397013249996, 0.0
-90.0, -60.0, -0.0, 180.0, 43.970378013207295, 39.084780456184305, 0.0
-90.0, -60.0, -0.0, 180.0, 44.02943966460623, 39.137279701872245, 0.0
-90.0, -60.0, -0.0, 180.0, 44.086401674772446, 39.18791259979774, 0.0
-90.0, -60.0, -0.0, 180.0, 44.1412850717839, 39.236697841585695, 0.0
-90.0, -60.0, -0.0, 180.0, 44.19411183899999, 39.283654967999965, 0.0
-90.0, -60.0, -0.0, 180.0, 44.24490492293515, 39.32880437594238, 0.0
-90.0, -60.0, -0.0, 180.0, 44.29368824113152, 39.37216732545021, 0.0
-90.0, -60.0, -0.0, 180.0, 44.34048669003269, 39.41376594669573, 0.0
-90.0, -60.0, -0.0, 180.0, 44.38532615285669, 39.45362324698365, 0.0
-90.0, -60.0, -0.0, 180.0, 44.42823350746875, 39.49176311774997, 0.0
-90.0, -60.0, -0.0, 180.0, 44.46923663425537, 39.52821034156031, 0.0
-90.0, -60.0, -0.0, 180.0, 44.50836442399674, 39.562990599108275, 0.0
-90.0, -60.0, -0.0, 180.0, 44.5456467857405, 39.5961304762138, 0.0
-90.0, -60.0, -0.0, 180.0, 44.58111465467442, 39.627657470821674, 0.0
-90.0, -60.0, -0.0, 180.0, 44.61480000000009, 39.6576, 0.0
-90.0, -60.0, -0.0, 180.0, 44.646735832805575, 39.685987406938324, 0.0
-90.0, -60.0, -0.0, 180.0, 44.676956213939576, 39.712849967946255, 0.0
-90.0, -60.0, -0.0, 180.0, 44.70549626188327, 39.738218899451766, 0.0
-90.0, -60.0, -0.0, 180.0, 44.7323921606247, 39.76212636499966, 0.0
-90.0, -60.0, -0.0, 180.0, 44.757681167531274, 39.78460548225004, 0.0
-90.0, -60.0, -0.0, 180.0, 44.781401621223324, 39.8056903299763, 0.0
-90.0, -60.0, -0.0, 180.0, 44.80359294944728, 39.825415955064244, 0.0
-90.0, -60.0, -0.0, 180.0, 44.82429567694854, 39.8438183795098, 0.0
-90.0, -60.0, -0.0, 180.0, 44.84355143334486, 39.86093460741765, 0.0
-90.0, -60.0, -0.0, 180.0, 44.86140296099995, 39.876802631999965, 0.0
-90.0, -60.0, -0.0, 180.0, 44.87789412289612, 39.891461442574354, 0.0
-90.0, -60.0, -0.0, 180.0, 44.89306991050748, 39.904951031562234, 0.0
-90.0, -60.0, -0.0, 180.0, 44.906976451673756, 39.91731240148775, 0.0
-90.0, -60.0, -0.0, 180.0, 44.919661018472596, 39.928587571975726, 0.0
-90.0, -60.0, -0.0, 180.0, 44.93117203509368, 39.938819586750014, 0.0
-90.0, -60.0, -0.0, 180.0, 44.94155908571142, 39.9480525206323, 0.0
-90.0, -60.0, -0.0, 180.0, 44.95087292235783, 39.95633148654022, 0.0
-90.0, -60.0, -0.0, 180.0, 44.95916547279651, 39.963702642485714, 0.0
-90.0, -60.0, -0.0, 180.0, 44.966489848395355, 39.97021319857362, 0.0
-90.0, -60.0, -0.0, 180.0, 44.972900351999954, 39.975911424, 0.0
-90.0, -60.0, -0.0, 180.0, 44.97845248580657, 39.980846654050225, 0.0
-90.0, -60.0, -0.0, 180.0, 44.983202959235456, 39.985069297098164, 0.0
-90.0, -60.0, -0.0, 180.0, 44.9872096968042, 39.98863084160368, 0.0
-90.0, -60.0, -0.0, 180.0, 44.99053184600069, 39.991583863111714, 0.0
-90.0, -60.0, -0.0, 180.0, 44.993229785156245, 39.99398203124997, 0.0
-90.0, -60.0, -0.0, 180.0, 44.99536513131932, 39.995880116728216, 0.0
-90.0, -60.0, -0.0, 180.0, 44.99700074812833, 39.997333998336245, 0.0
-90.0, -60.0, -0.0, 180.0, 44.99820075368447, 39.998400669941816, 0.0
-90.0, -60.0, -0.0, 180.0, 44.999030528425834, 39.99913824748964, 0.0
-90.0, -60.0, -0.0, 180.0, 44.99955672300001, 39.999605976000055, 0.0
-90.0, -60.0, -0.0, 180.0, 44.999847266137124, 39.99986423656628, 0.0
-90.0, -60.0, -0.0, 180.0, 44.99997137252353, 39.999974553354235, 0.0
-90.0, -60.0, -0.0, 180.0, 44.999999550674715, 39.99999960059981, 0.0
-90.0, -60.0, 2.3928057600000003e-06, 180.0, 45.0, 40.0, 0.0
-90.0, -60.0, 3.721931250000001e-05, 180.0, 45.0, 40.0, 0.0
-90.0, -60.0, 0.00015176269824000003, 180.0, 45.0, 40.0, 0.0
-90.0, -60.0, 0.00039274053917999995, 180.0, 45.0, 40.0, 0.0
-90.0, -60.0, 0.0008060096083200001, 180.0, 45.0, 40.0, 0.0
-90.0, -60.0, 0.0014365711242600005, 180.0, 45.0, 40.0, 0.0
-90.0, -60.0, 0.002328576, 180.0, 45.0, 40.0, 0.0
-90.0, -60.0, 0.00352533009174, 180.0, 45.0, 40.0, 0.0
-90.0, -60.0, 0.005069299447680003, 180.0, 45.0, 40.0, 0.0
-90.0, -60.0, 0.00700211555682, 180.0, 45.0, 40.0, 0.0
-90.0, -60.0, 0.00936458059776, 180.0, 45.0, 40.0, 0.0
-90.0, -60.0, 0.012196672687500005, 180.0, 45.0, 40.0, 0.0
-90.0, -60.0, 0.01553755113024, 180.0, 45.0, 40.0, 0.0
-90.0, -60.0, 0.019425561666180004, 180.0, 45.0, 40.0, 0.0
-90.0, -60.0, 0.023898241720319995, 180.0, 45.0, 40.0, 0.0
-90.0, -60.0, 0.02899232565126, 180.0, 45.0, 40.0, 0.0
-90.0, -60.0, 0.034743750000000004, 180.0, 45.0, 40.0, 0.0
-90.0, -60.0, 0.041187658738739995, 180.0, 45.0, 40.0, 0.0
-90.0, -60.0, 0.04835840851968, 180.0, 45.0, 40.0, 0.0
-90.0, -60.0, 0.05628957392382, 180.0, 45.0, 40.0, 0.0
-90.0, -60.0, 0.06501395270976, 180.0, 45.0, 40.0, 0.0
-90.0, -60.0, 0.0745635710625, 180.0, 45.0, 40.0, 0.0
-90.0, -60.0, 0.08496968884224003, 180.0, 45.0, 40.0, 0.0
-90.0, -60.0, 0.09626280483318003, 180.0, 45.0, 40.0, 0.0
-90.0, -60.0, 0.10847266199231997, 180.0, 45.0, 40.0, 0.0
-90.0, -60.0, 0.12162825269826, 180.0, 45.0, 40.0, 0.0
-90.0, -60.0, 0.135757824, 180.0, 45.0, 40.0, 0.0
-90.0, -60.0, 0.15088888286574004, 180.0, 45.0, 40.0, 0.0
-90.0, -60.0, 0.16704820143168006, 180.0, 45.0, 40.0, 0.0
-90.0, -60.0, 0.18426182225082, 180.0, 45.0, 40.0, 0.0
-90.0, -60.0, 0.20255506354175998, 180.0, 45.0, 40.0, 0.0
-90.0, -60.0, 0.22195252443750002, 180.0, 45.0, 40.0, 0.0
-90.0, -60.0, 0.24247809023424002, 180.0, 45.0, 40.0, 0.0
-90.0, -60.0, 0.26415493764018005, 180.0, 45.0, 40.0, 0.0
-90.0, -60.0, 0.2870055400243201, 180.0, 45.0, 40.0, 0.0
-90.0, -60.0, 0.31105167266525996, 180.0, 45.0, 40.0, 0.0
-90.0, -60.0, 0.33631441799999995, 180.0, 45.0, 40.0, 0.0
-90.0, -60.0, 0.36281417087274, 180.0, 45.0, 40.0, 0.0
-90.0, -60.0, 0.39057064378368, 180.0, 45.0, 40.0, 0.0
-90.0, -60.0, 0.41960287213782005, 180.0, 45.0, 40.0, 0.0
-90.0, -60.0, 0.44992921949376, 180.0, 45.0, 40.0, 0.0
-90.0, -60.0, 0.4815673828125, 180.0, 45.0, 40.0, 0.0
-90.0, -60.0, 0.51453439770624, 180.0, 45.0, 40.0, 0.0
-90.0, -60.0, 0.5488466436871801, 180.0, 45.0, 40.0, 0.0
-90.0, -60.0, 0.5845198494163201, 180.0, 45.0, 40.0, 0.0
-90.0, -60.0, 0.6215690979522601, 180.0, 45.0, 40.0, 0.0
-90.0, -60.0, 0.6600088320000003, 180.0, 45.0, 40.0, 0.0
-90.0, -60.0, 0.6998528591597403, 180.0, 45.0, 40.0, 0.0
-90.0, -60.0, 0.7411143571756799, 180.0, 45.0, 40.0, 0.0
-90.0, -60.0, 0.7838058791848199, 180.0, 45.0, 40.0, 0.0
-90.0, -60.0, 0.82793935896576, 180.0, 45.0, 40.0, 0.0
-90.0, -60.0, 0.8735261161874998, 180.0, 45.0, 40.0, 0.0
-90.0, -60.0, 0.92057686165824, 180.0, 45.0, 40.0, 0.0
-90.0, -60.0, 0.9691017025741799, 180.0, 45.0, 40.0, 0.0
-90.0, -60.0, 1.0191101477683202, 180.0, 45.0, 40.0, 0.0
-90.0, -60.0, 1.07061111295926, 180.0, 45.0, 40.0, 0.0
-90.0, -60.0, 1.123612926, 180.0, 45.0, 40.0, 0.0
-90.0, -60.0, 1.1781233321267401, 180.0, 45.0, 40.0, 0.0
-90.0, -60.0, 1.2341494992076798, 180.0, 45.0, 40.0, 0.0
-90.0, -60.0, 1.29169802299182, 180.0, 45.0, 40.0, 0.0
-90.0, -60.0, 1.35077493235776, 180.0, 45.0, 40.0, 0.0
-90.0, -60.0, 1.4113856945624998, 180.0, 45.0, 40.0, 0.0
-90.0, -60.0, 1.4735352204902399, 180.0, 45.0, 40.0, 0.0
-90.0, -60.0, 1.53722786990118, 180.0, 45.0, 40.0, 0.0
-90.0, -60.0, 1.60246745668032, 180.0, 45.0, 40.0, 0.0
-90.0, -60.0, 1.6692572540862607, 180.0, 45.0, 40.0, 0.0
-90.0, -60.0, 1.7376000000000003, 180.0, 45.0, 40.0, 0.0
-90.0, -60.0, 1.8074979021737403, 180.0, 45.0, 40.0, 0.0
-90.0, -60.0, 1.8789526434796806, 180.0, 45.0, 40.0, 0.0
-90.0, -60.0, 1.9519653871588194, 180.0, 45.0, 40.0, 0.0
-90.0, -60.0, 2.0265367820697593, 180.0, 45.0, 40.0, 0.0
-90.0, -60.0, 2.1026669679375005, 180.0, 45.0, 40.0, 0.0
-90.0, -60.0, 2.1803555806022406, 180.0, 45.0, 40.0, 0.0
-90.0, -60.0, 2.2596017572681797, 180.0, 45.0, 40.0, 0.0
-90.0, -60.0, 2.3404041417523205, 180.0, 45.0, 40.0, 0.0
-90.0, -60.0, 2.42276088973326, 180.0, 45.0, 40.0, 0.0
-90.0, -60.0, 2.506669674, 180.0, 45.0, 40.0, 0.0
-90.0, -60.0, 2.59212768970074, 180.0, 45.0, 40.0, 0.0
-90.0, -60.0, 2.6791316595916803, 180.0, 45.0, 40.0, 0.0
-90.0, -60.0, 2.767677839285821, 180.0, 45.0, 40.0, 0.0
-90.0, -60.0, 2.85776202250176, 180.0, 45.0, 40.0, 0.0
-90.0, -60.0, 2.9493795463125, 180.0, 45.0, 40.0, 0.0
-90.0, -60.0, 3.04252529639424, 180.0, 45.0, 40.0, 0.0
-90.0, -60.0, 3.137193712275179, 180.0, 45.0, 40.0, 0.0
-90.0, -60.0, 3.2333787925843196, 180.0, 45.0, 40.0, 0.0
-90.0, -60.0, 3.3310741003002593, 180.0, 45.0, 40.0, 0.0
-90.0, -60.0, 3.430272768, 180.0, 45.0, 40.0, 0.0
-90.0, -60.0, 3.530967503107741, 180.0, 45.0, 40.0, 0.0
-90.0, -60.0, 3.6331505931436805, 180.0, 45.0, 40.0, 0.0
-90.0, -60.0, 3.736813910972821, 180.0, 45.0, 40.0, 0.0
-90.0, -60.0, 3.841948920053761, 180.0, 45.0, 40.0, 0.0
-90.0, -60.0, 3.9485466796875013, 180.0, 45.0, 40.0, 0.0
-90.0, -60.0, 4.0565978502662405, 180.0, 45.0, 40.0, 0.0
-90.0, -60.0, 4.1660926985221804, 180.0, 45.0, 40.0, 0.0
-90.0, -60.0, 4.277021102776321, 180.0, 45.0, 40.0, 0.0
-90.0, -60.0, 4.389372558187262, 180.0, 45.0, 40.0, 0.0
-90.0, -60.0, 4.5031361819999995, 180.0, 45.0, 40.0, 0.0
-90.0, -60.0, 4.61830071879474, 180.0, 45.0, 40.0, 0.0
-90.0, -60.0, 4.734854545735678, 180.0, 45.0, 40.0, 0.0
-90.0, -60.0, 4.85278567781982, 180.0, 45.0, 40.0, 0.0
-90.0, -60.0, 4.972081773125758, 180.0, 45.0, 40.0, 0.0
-90.0, -60.0, 5.0927301380625, 180.0, 45.0, 40.0, 0.0
-90.0, -60.0, 5.21471773261824, 180.0, 45.0, 40.0, 0.0
-90.0, -60.0, 5.33803117560918, 180.0, 45.0, 40.0, 0.0
-90.0, -60.0, 5.462656749928319, 180.0, 45.0, 40.0, 0.0
-90.0, -60.0, 5.588580407794261, 180.0, 45.0, 40.0, 0.0
-90.0, -60.0, 5.715787776000001, 180.0, 45.0, 40.0, 0.0
-90.0, -60.0, 5.844264161161741, 180.0, 45.0, 40.0, 0.0
-90.0, -60.0, 5.973994554967679, 180.0, 45.0, 40.0, 0.0
-90.0, -60.0, 6.1049636394268205, 180.0, 45.0, 40.0, 0.0
-90.0, -60.0, 6.237155792117762, 180.0, 45.0, 40.0, 0.0
-90.0, -60.0, 6.3705550914375015, 180.0, 45.0, 40.0, 0.0
-90.0, -60.0, 6.505145321850242, 180.0, 45.0, 40.0, 0.0
-90.0, -60.0, 6.640909979136182, 180.0, 45.0, 40.0, 0.0
-90.0, -60.0, 6.777832275640322, 180.0, 45.0, 40.0, 0.0
-90.0, -60.0, 6.915895145521261, 180.0, 45.0, 40.0, 0.0
-90.0, -60.0, 7.055081250000001, 180.0, 45.0, 40.0, 0.0
-90.0, -60.0, 7.195372982608738, 180.0, 45.0, 40.0, 0.0
-90.0, -60.0, 7.33675247443968, 180.0, 45.0, 40.0, 0.0
-90.0, -60.0, 7.479201599393821, 180.0, 45.0, 40.0, 0.0
-90.0, -60.0, 7.622701979429759, 180.0, 45.0, 40.0, 0.0
-90.0, -60.0, 7.767234989812499, 180.0, 45.0, 40.0, 0.0
-90.0, -60.0, 7.91278176436224, 180.0, 45.0, 40.0, 0.0
-90.0, -60.0, 8.05932320070318, 180.0, 45.0, 40.0, 0.0
-90.0, -60.0, 8.20683996551232, 180.0, 45.0, 40.0, 0.0
-90.0, -60.0, 8.355312499768258, 180.0, 45.0, 40.0, 0.0
-90.0, -60.0, 8.504721024, 180.0, 45.0, 40.0, 0.0
-90.0, -60.0, 8.655045543535739, 180.0, 45.0, 40.0, 0.0
-90.0, -60.0, 8.806265853751682, 180.0, 45.0, 40.0, 0.0
-90.0, -60.0, 8.95836154532082, 180.0, 45.0, 40.0, 0.0
-90.0, -60.0, 9.111312009461763, 180.0, 45.0, 40.0, 0.0
-90.0, -60.0, 9.2650964431875, 180.0, 45.0, 40.0, 0.0
-90.0, -60.0, 9.419693854554243, 180.0, 45.0, 40.0, 0.0
-90.0, -60.0, 9.575083067910185, 180.0, 45.0, 40.0, 0.0
-90.0, -60.0, 9.73124272914432, 180.0, 45.0, 40.0, 0.0
-90.0, -60.0, 9.88815131093526, 180.0, 45.0, 40.0, 0.0
-90.0, -60.0, 10.045787118000002, 180.0, 45.0, 40.0, 0.0
-90.0, -60.0, 10.204128292342741, 180.0, 45.0, 40.0, 0.0
-90.0, -60.0, 10.363152818503684, 180.0, 45.0, 40.0, 0.0
-90.0, -60.0, 10.52283852880782, 180.0, 45.0, 40.0, 0.0
-90.0, -60.0, 10.68316310861376, 180.0, 45.0, 40.0, 0.0
-90.0, -60.0, 10.8441041015625, 180.0, 45.0, 40.0, 0.0
-90.0, -60.0, 11.005638914826239, 180.0, 45.0, 40.0, 0.0
-90.0, -60.0, 11.16774482435718, 180.0, 45.0, 40.0, 0.0
-90.0, -60.0, 11.330398980136318, 180.0, 45.0, 40.0, 0.0
-90.0, -60.0, 11.493578411422257, 180.0, 45.0, 40.0, 0.0
-90.0, -60.0, 11.657260032, 180.0, 45.0, 40.0, 0.0
-90.0, -60.0, 11.821420645429743, 180.0, 45.0, 40.0, 0.0
-90.0, -60.0, 11.986036950295679, 180.0, 45.0, 40.0, 0.0
-90.0, -60.0, 12.151085545454823, 180.0, 45.0, 40.0, 0.0
-90.0, -60.0, 12.31654293528576, 180.0, 45.0, 40.0, 0.0
-90.0, -60.0, 12.4823855349375, 180.0, 45.0, 40.0, 0.0
-90.0, -60.0, 12.648589675578243, 180.0, 45.0, 40.0, 0.0
-90.0, -60.0, 12.815131609644185, 180.0, 45.0, 40.0, 0.0
-90.0, -60.0, 12.98198751608832, 180.0, 45.0, 40.0, 0.0
-90.0, -60.0, 13.149133505629262, 180.0, 45.0, 40.0, 0.0
-90.0, -60.0, 13.316545625999998, 180.0, 45.0, 40.0, 0.0
-90.0, -60.0, 13.484199867196741, 180.0, 45.0, 40.0, 0.0
-90.0, -60.0, 13.652072166727677, 180.0, 45.0, 40.0, 0.0
-90.0, -60.0, 13.820138414861827, 180.0, 45.0, 40.0, 0.0
-90.0, -60.0, 13.988374459877761, 180.0, 45.0, 40.0, 0.0
-90.0, -60.0, 14.1567561133125, 180.0, 45.0, 40.0, 0.0
-90.0, -60.0, 14.32525915521024, 180.0, 45.0, 40.0, 0.0
-90.0, -60.0, 14.49385933937118, 180.0, 45.0, 40.0, 0.0
-90.0, -60.0, 14.66253239860032, 180.0, 45.0, 40.0, 0.0
-90.0, -60.0, 14.83125404995626, 180.0, 45.0, 40.0, 0.0
-90.0, -60.0, 15.0, 180.0, 45.0, 40.0, 0.0
-90.0, -60.0, 15.168745950043746, 180.0, 45.0, 40.0, 0.0
-90.0, -60.0, 15.337467601399686, 180.0, 45.0, 40.0, 0.0
-90.0, -60.0, 15.506140660628823, 180.0, 45.0, 40.0, 0.0
-90.0, -60.0, 15.67474084478976, 180.0, 45.0, 40.0, 0.0
-90.0, -60.0, 15.843243886687498, 180.0, 45.0, 40.0, 0.0
-90.0, -60.0, 16.011625540122242, 180.0, 45.0, 40.0, 0.0
-90.0, -60.0, 16.179861585138184, 180.0, 45.0, 40.0, 0.0
-90.0, -60.0, 16.347927833272315, 180.0, 45.0, 40.0, 0.0
-90.0, -60.0, 16.515800132803257, 180.0, 45.0, 40.0, 0.0
-90.0, -60.0, 16.683454373999993, 180.0, 45.0, 40.0, 0.0
-90.0, -60.0, 16.850866494370734, 180.0, 45.0, 40.0, 0.0
-90.0, -60.0, 17.018012483911683, 180.0, 45.0, 40.0, 0.0
-90.0, -60.0, 17.184868390355817, 180.0, 45.0, 40.0, 0.0
-90.0, -60.0, 17.351410324421764, 180.0, 45.0, 40.0, 0.0
-90.0, -60.0, 17.5176144650625, 180.0, 45.0, 40.0, 0.0
-90.0, -60.0, 17.68345706471424, 180.0, 45.0, 40.0, 0.0
-90.0, -60.0, 17.84891445454518, 180.0, 45.0, 40.0, 0.0
-90.0, -60.0, 18.013963049704323, 180.0, 45.0, 40.0, 0.0
-90.0, -60.0, 18.178579354570264, 180.0, 45.0, 40.0, 0.0
-90.0, -60.0, 18.342739968000007, 180.0, 45.0, 40.0, 0.0
-90.0, -60.0, 18.506421588577734, 180.0, 45.0, 40.0, 0.0
-90.0, -60.0, 18.669601019863684, 180.0, 45.0, 40.0, 0.0
-90.0, -60.0, 18.83225517564283, 180.0, 45.0, 40.0, 0.0
-90.0, -60.0, 18.994361085173765, 180.0, 45.0, 40.0, 0.0
-90.0, -60.0, 19.1558958984375, 180.0, 45.0, 40.0, 0.0
-90.0, -60.0, 19.316836891386238, 180.0, 45.0, 40.0, 0.0
-90.0, -60.0, 19.477161471192183, 180.0, 45.0, 40.0, 0.0
-90.0, -60.0, 19.636847181496314, 180.0, 45.0, 40.0, 0.0
-90.0, -60.0, 19.795871707657266, 180.0, 45.0, 40.0, 0.0
-90.0, -60.0, 19.954212882, 180.0, 45.0, 40.0, 0.0
-90.0, -60.0, 20.111848689064743, 180.0, 45.0, 40.0, 0.0
-90.0, -60.0, 20.26875727085568, 180.0, 45.0, 40.0, 0.0
-90.0, -60.0, 20.424916932089808, 180.0, 45.0, 40.0, 0.0
-90.0, -60.0, 20.58030614544576, 180.0, 45.0, 40.0, 0.0
-90.0, -60.0, 20.734903556812505, 180.0, 45.0, 40.0, 0.0
-90.0, -60.0, 20.888687990538244, 180.0, 45.0, 40.0, 0.0
-90.0, -60.0, 21.041638454679184, 180.0, 45.0, 40.0, 0.0
-90.0, -60.0, 21.193734146248325, 180.0, 45.0, 40.0, 0.0
-90.0, -60.0, 21.344954456464258, 180.0, 45.0, 40.0, 0.0
-90.0, -60.0, 21.49527897599999, 180.0, 45.0, 40.0, 0.0
-90.0, -60.0, 21.644687500231743, 180.0, 45.0, 40.0, 0.0
-90.0, -60.0, 21.793160034487677, 180.0, 45.0, 40.0, 0.0
-90.0, -60.0, 21.94067679929682, 180.0, 45.0, 40.0, 0.0
-90.0, -60.0, 22.087218235637767, 180.0, 45.0, 40.0, 0.0
-90.0, -60.0, 22.23276501018751, 180.0, 45.0, 40.0, 0.0
-90.0, -60.0, 22.377298020570244, 180.0, 45.0, 40.0, 0.0
-90.0, -60.0, 22.520798400606182, 180.0, 45.0, 40.0, 0.0
-90.0, -60.0, 22.66324752556031, 180.0, 45.0, 40.0, 0.0
-90.0, -60.0, 22.80462701739127, 180.0, 45.0, 40.0, 0.0
-90.0, -60.0, 22.944918749999985, 180.0, 45.0, 40.0, 0.0
-90.0, -60.0, 23.084104854478742, 180.0, 45.0, 40.0, 0.0
-90.0, -60.0, 23.222167724359696, 180.0, 45.0, 40.0, 0.0
-90.0, -60.0, 23.35909002086381, 180.0, 45.0, 40.0, 0.0
-90.0, -60.0, 23.49485467814976, 180.0, 45.0, 40.0, 0.0
-90.0, -60.0, 23.629444908562505, 180.0, 45.0, 40.0, 0.0
-90.0, -60.0, 23.76284420788222, 180.0, 45.0, 40.0, 0.0
-90.0, -60.0, 23.895036360573187, 180.0, 45.0, 40.0, 0.0
-90.0, -60.0, 24.02600544503232, 180.0, 45.0, 40.0, 0.0
-90.0, -60.0, 24.155735838838265, 180.0, 45.0, 40.0, 0.0
-90.0, -60.0, 24.284212223999987, 180.0, 45.0, 40.0, 0.0
-90.0, -60.0, 24.411419592205746, 180.0, 45.0, 40.0, 0.0
-90.0, -60.0, 24.53734325007167, 180.0, 45.0, 40.0, 0.0
-90.0, -60.0, 24.661968824390833, 180.0, 45.0, 40.0, 0.0
-90.0, -60.0, 24.785282267381753, 180.0, 45.0, 40.0, 0.0
-90.0, -60.0, 24.907269861937507, 180.0, 45.0, 40.0, 0.0
-90.0, -60.0, 25.02791822687425, 180.0, 45.0, 40.0, 0.0
-90.0, -60.0, 25.14721432218018, 180.0, 45.0, 40.0, 0.0
-90.0, -60.0, 25.26514545426432, 180.0, 45.0, 40.0, 0.0
-90.0, -60.0, 25.381699281205268, 180.0, 45.0, 40.0, 0.0
-90.0, -60.0, 25.49686381799998, 180.0, 45.0, 40.0, 0.0
-90.0, -60.0, 25.610627441812746, 180.0, 45.0, 40.0, 0.0
-90.0, -60.0, 25.722978897223676, 180.0, 45.0, 40.0, 0.0
-90.0, -60.0, 25.8339073014778, 180.0, 45.0, 40.0, 0.0
-90.0, -60.0, 25.943402149733757, 180.0, 45.0, 40.0, 0.0
-90.0, -60.0, 26.05145332031249, 180.0, 45.0, 40.0, 0.0
-90.0, -60.0, 26.158051079946254, 180.0, 45.0, 40.0, 0.0
-90.0, -60.0, 26.263186089027172, 180.0, 45.0, 40.0, 0.0
-90.0, -60.0, 26.366849406856304, 180.0, 45.0, 40.0, 0.0
-90.0, -60.0, 26.46903249689226, 180.0, 45.0, 40.0, 0.0
-90.0, -60.0, 26.569727231999977, 180.0, 45.0, 40.0, 0.0
-90.0, -60.0, 26.66892589969975, 180.0, 45.0, 40.0, 0.0
-90.0, -60.0, 26.766621207415668, 180.0, 45.0, 40.0, 0.0
-90.0, -60.0, 26.862806287724837, 180.0, 45.0, 40.0, 0.0
-90.0, -60.0, 26.95747470360576, 180.0, 45.0, 40.0, 0.0
-90.0, -60.0, 27.050620453687472, 180.0, 45.0, 40.0, 0.0
-90.0, -60.0, 27.142237977498226, 180.0, 45.0, 40.0, 0.0
-90.0, -60.0, 27.232322160714205, 180.0, 45.0, 40.0, 0.0
-90.0, -60.0, 27.32086834040831, 180.0, 45.0, 40.0, 0.0
-90.0, -60.0, 27.40787231029929, 180.0, 45.0, 40.0, 0.0
-90.0, -60.0, 27.493330326000013, 180.0, 45.0, 40.0, 0.0
-90.0, -60.0, 27.57723911026674, 180.0, 45.0, 40.0, 0.0
-90.0, -60.0, 27.659595858247684, 180.0, 45.0, 40.0, 0.0
-90.0, -60.0, 27.7403982427318, 180.0, 45.0, 40.0, 0.0
-90.0, -60.0, 27.819644419397783, 180.0, 45.0, 40.0, 0.0
-90.0, -60.0, 27.897333032062484, 180.0, 45.0, 40.0, 0.0
-90.0, -60.0, 27.973463217930266, 180.0, 45.0, 40.0, 0.0
-90.0, -60.0, 28.0480346128412, 180.0, 45.0, 40.0, 0.0
-90.0, -60.0, 28.121047356520336, 180.0, 45.0, 40.0, 0.0
-90.0, -60.0, 28.192502097826257, 180.0, 45.0, 40.0, 0.0
-90.0, -60.0, 28.262400000000014, 180.0, 45.0, 40.0, 0.0
-90.0, -60.0, 28.33074274591374, 180.0, 45.0, 40.0, 0.0
-90.0, -60.0, 28.397532543319684, 180.0, 45.0, 40.0, 0.0
-90.0, -60.0, 28.462772130098827, 180.0, 45.0, 40.0, 0.0
-90.0, -60.0, 28.526464779509766, 180.0, 45.0, 40.0, 0.0
-90.0, -60.0, 28.588614305437474, 180.0, 45.0, 40.0, 0.0
-90.0, -60.0, 28.64922506764225, 180.0, 45.0, 40.0, 0.0
-90.0, -60.0, 28.708301977008205, 180.0, 45.0, 40.0, 0.0
-90.0, -60.0, 28.76585050079231, 180.0, 45.0, 40.0, 0.0
-90.0, -60.0, 28.821876667873227, 180.0, 45.0, 40.0, 0.0
-90.0, -60.0, 28.876387074000007, 180.0, 45.0, 40.0, 0.0
-90.0, -60.0, 28.929388887040744, 180.0, 45.0, 40.0, 0.0
-90.0, -60.0, 28.980889852231655, 180.0, 45.0, 40.0, 0.0
-90.0, -60.0, 29.030898297425793, 180.0, 45.0, 40.0, 0.0
-90.0, -60.0, 29.07942313834178, 180.0, 45.0, 40.0, 0.0
-90.0, -60.0, 29.12647388381251, 180.0, 45.0, 40.0, 0.0
-90.0, -60.0, 29.172060641034207, 180.0, 45.0, 40.0, 0.0
-90.0, -60.0, 29.216194120815146, 180.0, 45.0, 40.0, 0.0
-90.0, -60.0, 29.25888564282431, 180.0, 45.0, 40.0, 0.0
-90.0, -60.0, 29.300147140840267, 180.0, 45.0, 40.0, 0.0
-90.0, -60.0, 29.33999116800001, 180.0, 45.0, 40.0, 0.0
-90.0, -60.0, 29.37843090204774, 180.0, 45.0, 40.0, 0.0
-90.0, -60.0, 29.415480150583647, 180.0, 45.0, 40.0, 0.0
-90.0, -60.0, 29.451153356312858, 180.0, 45.0, 40.0, 0.0
-90.0, -60.0, 29.485465602293786, 180.0, 45.0, 40.0, 0.0
-90.0, -60.0, 29.5184326171875, 180.0, 45.0, 40.0, 0.0
-90.0, -60.0, 29.55007078050626, 180.0, 45.0, 40.0, 0.0
-90.0, -60.0, 29.58039712786217, 180.0, 45.0, 40.0, 0.0
-90.0, -60.0, 29.609429356216268, 180.0, 45.0, 40.0, 0.0
-90.0, -60.0, 29.637185829127247, 180.0, 45.0, 40.0, 0.0
-90.0, -60.0, 29.663685582000056, 180.0, 45.0, 40.0, 0.0
-90.0, -60.0, 29.688948327334757, 180.0, 45.0, 40.0, 0.0
-90.0, -60.0, 29.71299445997566, 180.0, 45.0, 40.0, 0.0
-90.0, -60.0, 29.73584506235983, 180.0, 45.0, 40.0, 0.0
-90.0, -60.0, 29.75752190976577, 180.0, 45.0, 40.0, 0.0
-90.0, -60.0, 29.778047475562545, 180.0, 45.0, 40.0, 0.0
-90.0, -60.0, 29.797444936458234, 180.0, 45.0, 40.0, 0.0
-90.0, -60.0, 29.815738177749168, 180.0, 45.0, 40.0, 0.0
-90.0, -60.0, 29.832951798568274, 180.0, 45.0, 40.0, 0.0
-90.0, -60.0, 29.849111117134214, 180.0, 45.0, 40.0, 0.0
-90.0, -60.0, 29.86424217599999, 180.0, 45.0, 40.0, 0.0
-90.0, -60.0, 29.878371747301742, 180.0, 45.0, 40.0, 0.0
-90.0, -60.0, 29.89152733800772, 180.0, 45.0, 40.0, 0.0
-90.0, -60.0, 29.903737195166798, 180.0, 45.0, 40.0, 0.0
-90.0, -60.0, 29.91503031115778, 180.0, 45.0, 40.0, 0.0
-90.0, -60.0, 29.925436428937502, 180.0, 45.0, 40.0, 0.0
-90.0, -60.0, 29.934986047290238, 180.0, 45.0, 40.0, 0.0
-90.0, -60.0, 29.943710426076166, 180.0, 45.0, 40.0, 0.0
-90.0, -60.0, 29.951641591480296, 180.0, 45.0, 40.0, 0.0
-90.0, -60.0, 29.95881234126125, 180.0, 45.0, 40.0, 0.0
-90.0, -60.0, 29.965256250000067, 180.0, 45.0, 40.0, 0.0
-90.0, -60.0, 29.971007674348755, 180.0, 45.0, 40.0, 0.0
-90.0, -60.0, 29.97610175827967, 180.0, 45.0, 40.0, 0.0
-90.0, -60.0, 29.980574438333804, 180.0, 45.0, 40.0, 0.0
-90.0, -60.0, 29.984462448869806, 180.0, 45.0, 40.0, 0.0
-90.0, -60.0, 29.98780332731249, 180.0, 45.0, 40.0, 0.0
-90.0, -60.0, 29.990635419402253, 180.0, 45.0, 40.0, 0.0
-90.0, -60.0, 29.992997884443128, 180.0, 45.0, 40.0, 0.0
-90.0, -60.0, 29.994930700552317, 180.0, 45.0, 40.0, 0.0
-90.0, -60.0, 29.996474669908224, 180.0, 45.0, 40.0, 0.0
-90.0, -60.0, 29.997671424000032, 180.0, 45.0, 40.0, 0.0
-90.0, -60.0, 29.998563428875713, 180.0, 45.0, 40.0, 0.0
-90.0, -60.0, 29.999193990391717, 180.0, 45.0, 40.0, 0.0
-90.0, -60.0, 29.999607259460817, 180.0, 45.0, 40.0, 0.0
-90.0, -60.0, 29.99984823730179, 180.0, 45.0, 40.0, 0.0
-90.0, -60.0, 29.999962780687525, 180.0, 45.0, 40.0, 0.0
-90.0, -60.0, 29.999997607194246, 180.0, 45.0, 40.0, 0.0
-90.0, -60.0, 29.99999940089964, 180.0, 45.0, 40.0, 0.0
-90.0, -60.0, 29.99996183003136, 180.0, 45.0, 40.0, 0.0
-90.0, -60.0, 29.99979635484948, 180.0, 45.0, 40.0, 0.0
-90.0, -60.0, 29.999408964, 180.0, 45.0, 40.0, 0.0
-90.0, -60.0, 29.99870737123452, 180.0, 45.0, 40.0, 0.0
-90.0, -60.0, 29.99760100491264, 180.0, 45.0, 40.0, 0.0
-90.0, -60.0, 29.99600099750436, 180.0, 45.0, 40.0, 0.0
-90.0, -60.0, 29.99382017509248, 180.0, 45.0, 40.0, 0.0
-90.0, -60.0, 29.990973046875002, 180.0, 45.0, 40.0, 0.0
-90.0, -60.0, 29.98737579466752, 180.0, 45.0, 40.0, 0.0
-90.0, -60.0, 29.98294626240564, 180.0, 45.0, 40.0, 0.0
-90.0, -60.0, 29.977603945647363, 180.0, 45.0, 40.0, 0.0
-90.0, -60.0, 29.97126998107548, 180.0, 45.0, 40.0, 0.0
-90.0, -60.0, 29.963867136, 180.0, 45.0, 40.0, 0.0
-90.0, -60.0, 29.955319797860522, 180.0, 45.0, 40.0, 0.0
-90.0, -60.0, 29.945553963728642, 180.0, 45.0, 40.0, 0.0
-90.0, -60.0, 29.93449722981036, 180.0, 45.0, 40.0, 0.0
-90.0, -60.0, 29.922078780948482, 180.0, 45.0, 40.0, 0.0
-90.0, -60.0, 29.908229380125, 180.0, 45.0, 40.0, 0.0
-90.0, -60.0, 29.89288135796352, 180.0, 45.0, 40.0, 0.0
-90.0, -60.0, 29.87596860223164, 180.0, 45.0, 40.0, 0.0
-90.0, -60.0, 29.857426547343362, 180.0, 45.0, 40.0, 0.0
-90.0, -60.0, 29.83719216386148, 180.0, 45.0, 40.0, 0.0
-90.0, -60.0, 29.815203948, 180.0, 45.0, 40.0, 0.0
-90.0, -60.0, 29.79140191112652, 180.0, 45.0, 40.0, 0.0
-90.0, -60.0, 29.76572756926464, 180.0, 45.0, 40.0, 0.0
-90.0, -60.0, 29.73812393259636, 180.0, 45.0, 40.0, 0.0
-90.0, -60.0, 29.708535494964476, 180.0, 45.0, 40.0, 0.0
-90.0, -60.0, 29.676908223375, 180.0, 45.0, 40.0, 0.0
-90.0, -60.0, 29.64318954749952, 180.0, 45.0, 40.0, 0.0
-90.0, -60.0, 29.607328349177642, 180.0, 45.0, 40.0, 0.0
-90.0, -60.0, 29.56927495191936, 180.0, 45.0, 40.0, 0.0
-90.0, -60.0, 29.528981110407482, 180.0, 45.0, 40.0, 0.0
-90.0, -60.0, 29.4864, 180.0, 45.0, 40.0, 0.0
-90.0, -60.0, 29.441486206232522, 180.0, 45.0, 40.0, 0.0
-90.0, -60.0, 29.39419571432064, 180.0, 45.0, 40.0, 0.0
-90.0, -60.0, 29.344485898662363, 180.0, 45.0, 40.0, 0.0
-90.0, -60.0, 29.29231551234048, 180.0, 45.0, 40.0, 0.0
-90.0, -60.0, 29.237644676625003, 180.0, 45.0, 40.0, 0.0
-90.0, -60.0, 29.180434870475516, 180.0, 45.0, 40.0, 0.0
-90.0, -60.0, 29.120648920043642, 180.0, 45.0, 40.0, 0.0
-90.0, -60.0, 29.05825098817536, 180.0, 45.0, 40.0, 0.0
-90.0, -60.0, 28.99320656391348, 180.0, 45.0, 40.0, 0.0
-90.0, -60.0, 28.925482451999997, 180.0, 45.0, 40.0, 0.0
-90.0, -60.0, 28.855046762378517, 180.0, 45.0, 40.0, 0.0
-90.0, -60.0, 28.78186889969664, 180.0, 45.0, 40.0, 0.0
-90.0, -60.0, 28.70591955280836, 180.0, 45.0, 40.0, 0.0
-90.0, -60.0, 28.62717068427648, 180.0, 45.0, 40.0, 0.0
-90.0, -60.0, 28.545595519875, 180.0, 45.0, 40.0, 0.0
-90.0, -60.0, 28.46116853809152, 180.0, 45.0, 40.0, 0.0
-90.0, -60.0, 28.373865459629638, 180.0, 45.0, 40.0, 0.0
-90.0, -60.0, 28.283663236911362, 180.0, 45.0, 40.0, 0.0
-90.0, -60.0, 28.19054004357948, 180.0, 45.0, 40.0, 0.0
-90.0, -60.0, 28.094475264, 180.0, 45.0, 40.0, 0.0
-90.0, -60.0, 27.99544948276452, 180.0, 45.0, 40.0, 0.0
-90.0, -60.0, 27.893444474192638, 180.0, 45.0, 40.0, 0.0
-90.0, -60.0, 27.78844319183436, 180.0, 45.0, 40.0, 0.0
-90.0, -60.0, 27.68042975797248, 180.0, 45.0, 40.0, 0.0
-90.0, -60.0, 27.569389453125, 180.0, 45.0, 40.0, 0.0
-90.0, -60.0, 27.455308705547523, 180.0, 45.0, 40.0, 0.0
-90.0, -60.0, 27.338175080735642, 180.0, 45.0, 40.0, 0.0
-90.0, -60.0, 27.21797727092736, 180.0, 45.0, 40.0, 0.0
-90.0, -60.0, 27.094705084605483, 180.0, 45.0, 40.0, 0.0
-90.0, -60.0, 26.968349436, 180.0, 45.0, 40.0, 0.0
-90.0, -60.0, 26.83890233459052, 180.0, 45.0, 40.0, 0.0
-90.0, -60.0, 26.706356874608637, 180.0, 45.0, 40.0, 0.0
-90.0, -60.0, 26.57070722454036, 180.0, 45.0, 40.0, 0.0
-90.0, -60.0, 26.43194861662848, 180.0, 45.0, 40.0, 0.0
-90.0, -60.0, 26.290077336375, 180.0, 45.0, 40.0, 0.0
-90.0, -60.0, 26.14509071204352, 180.0, 45.0, 40.0, 0.0
-90.0, -60.0, 25.99698710416164, 180.0, 45.0, 40.0, 0.0
-90.0, -60.0, 25.845765895023362, 180.0, 45.0, 40.0, 0.0
-90.0, -60.0, 25.691427478191482, 180.0, 45.0, 40.0, 0.0
-90.0, -60.0, 25.533973248000002, 180.0, 45.0, 40.0, 0.0
-90.0, -60.0, 25.373405589056517, 180.0, 45.0, 40.0, 0.0
-90.0, -60.0, 25.20972786574464, 180.0, 45.0, 40.0, 0.0
-90.0, -60.0, 25.042944411726356, 180.0, 45.0, 40.0, 0.0
-90.0, -60.0, 24.87306051944448, 180.0, 45.0, 40.0, 0.0
-90.0, -60.0, 24.700082429625, 180.0, 45.0, 40.0, 0.0
-90.0, -60.0, 24.524017320779517, 180.0, 45.0, 40.0, 0.0
-90.0, -60.0, 24.34487329870764, 180.0, 45.0, 40.0, 0.0
-90.0, -60.0, 24.16265938599936, 180.0, 45.0, 40.0, 0.0
-90.0, -60.0, 23.97738551153748, 180.0, 45.0, 40.0, 0.0
-90.0, -60.0, 23.7890625, 180.0, 45.0, 40.0, 0.0
-90.0, -60.0, 23.59770206136252, 180.0, 45.0, 40.0, 0.0
-90.0, -60.0, 23.403316780400637, 180.0, 45.0, 40.0, 0.0
-90.0, -60.0, 23.20592010619236, 180.0, 45.0, 40.0, 0.0
-90.0, -60.0, 23.00552634162048, 180.0, 45.0, 40.0, 0.0
-90.0, -60.0, 22.802150632875, 180.0, 45.0, 40.0, 0.0
-90.0, -60.0, 22.59580895895552, 180.0, 45.0, 40.0, 0.0
-90.0, -60.0, 22.386518121173637, 180.0, 45.0, 40.0, 0.0
-90.0, -60.0, 22.17429573265536, 180.0, 45.0, 40.0, 0.0
-90.0, -60.0, 21.959160207843478, 180.0, 45.0, 40.0, 0.0
-90.0, -60.0, 21.741130751999993, 180.0, 45.0, 40.0, 0.0
-90.0, -60.0, 21.52022735070852, 180.0, 45.0, 40.0, 0.0
-90.0, -60.0, 21.29647075937664, 180.0, 45.0, 40.0, 0.0
-90.0, -60.0, 21.069882492738362, 180.0, 45.0, 40.0, 0.0
-90.0, -60.0, 20.84048481435648, 180.0, 45.0, 40.0, 0.0
-90.0, -60.0, 20.608300726125, 180.0, 45.0, 40.0, 0.0
-90.0, -60.0, 20.37335395777152, 180.0, 45.0, 40.0, 0.0
-90.0, -60.0, 20.135668956359638, 180.0, 45.0, 40.0, 0.0
-90.0, -60.0, 19.89527087579136, 180.0, 45.0, 40.0, 0.0
-90.0, -60.0, 19.65218556630948, 180.0, 45.0, 40.0, 0.0
-90.0, -60.0, 19.406439564, 180.0, 45.0, 40.0, 0.0
-90.0, -60.0, 19.158060080294522, 180.0, 45.0, 40.0, 0.0
-90.0, -60.0, 18.907074991472637, 180.0, 45.0, 40.0, 0.0
-90.0, -60.0, 18.65351282816436, 180.0, 45.0, 40.0, 0.0
-90.0, -60.0, 18.397402764852483, 180.0, 45.0, 40.0, 0.0
-90.0, -60.0, 18.138774609375, 180.0, 45.0, 40.0, 0.0
-90.0, -60.0, 17.877658792427514, 180.0, 45.0, 40.0, 0.0
-90.0, -60.0, 17.614086357065638, 180.0, 45.0, 40.0, 0.0
-90.0, -60.0, 17.348088948207366, 180.0, 45.0, 40.0, 0.0
-90.0, -60.0, 17.07969880213548, 180.0, 45.0, 40.0, 0.0
-90.0, -60.0, 16.808948736, 180.0, 45.0, 40.0, 0.0
-90.0, -60.0, 16.53587213732052, 180.0, 45.0, 40.0, 0.0
-90.0, -60.0, 16.26050295348864, 180.0, 45.0, 40.0, 0.0
-90.0, -60.0, 15.982875681270356, 180.0, 45.0, 40.0, 0.0
-90.0, -60.0, 15.70302535630848, 180.0, 45.0, 40.0, 0.0
-90.0, -60.0, 15.420987542625003, 180.0, 45.0, 40.0, 0.0
-90.0, -60.0, 15.136798322123521, 180.0, 45.0, 40.0, 0.0
-90.0, -60.0, 14.850494284091642, 180.0, 45.0, 40.0, 0.0
-90.0, -60.0, 14.562112514703358, 180.0, 45.0, 40.0, 0.0
-90.0, -60.0, 14.271690586521483, 180.0, 45.0, 40.0, 0.0
-90.0, -60.0, 13.979266548000005, 180.0, 45.0, 40.0, 0.0
-90.0, -60.0, 13.684878912986521, 180.0, 45.0, 40.0, 0.0
-90.0, -60.0, 13.388566650224641, 180.0, 45.0, 40.0, 0.0
-90.0, -60.0, 13.090369172856363, 180.0, 45.0, 40.0, 0.0
-90.0, -60.0, 12.79032632792448, 180.0, 45.0, 40.0, 0.0
-90.0, -60.0, 12.488478385874998, 180.0, 45.0, 40.0, 0.0
-90.0, -60.0, 12.184866030059517, 180.0, 45.0, 40.0, 0.0
-90.0, -60.0, 11.879530346237635, 180.0, 45.0, 40.0, 0.0
-90.0, -60.0, 11.572512812079353, 180.0, 45.0, 40.0, 0.0
-90.0, -60.0, 11.263855286667475, 180.0, 45.0, 40.0, 0.0
-90.0, -60.0, 10.953599999999996, 180.0, 45.0, 40.0, 0.0
-90.0, -60.0, 10.641789542492514, 180.0, 45.0, 40.0, 0.0
-90.0, -60.0, 10.328466854480638, 180.0, 45.0, 40.0, 0.0
-90.0, -60.0, 10.013675215722357, 180.0, 45.0, 40.0, 0.0
-90.0, -60.0, 9.697458234900475, 180.0, 45.0, 40.0, 0.0
-90.0, -60.0, 9.379859839124997, 180.0, 45.0, 40.0, 0.0
-90.0, -60.0, 9.060924263435528, 180.0, 45.0, 40.0, 0.0
-90.0, -60.0, 8.740696040303636, 180.0, 45.0, 40.0, 0.0
-90.0, -60.0, 8.419219989135367, 180.0, 45.0, 40.0, 0.0
-90.0, -60.0, 8.096541205773484, 180.0, 45.0, 40.0, 0.0
-90.0, -60.0, 7.772705051999997, 180.0, 45.0, 40.0, 0.0
-90.0, -60.0, 7.4477571450385245, 180.0, 45.0, 40.0, 0.0
-90.0, -60.0, 7.121743347056634, 180.0, 45.0, 40.0, 0.0
-90.0, -60.0, 6.794709754668356, 180.0, 45.0, 40.0, 0.0
-90.0, -60.0, 6.466702688436489, 180.0, 45.0, 40.0, 0.0
-90.0, -60.0, 6.13776868237499, 180.0, 45.0, 40.0, 0.0
-90.0, -60.0, 5.807954473451521, 180.0, 45.0, 40.0, 0.0
-90.0, -60.0, 5.477306991089637, 180.0, 45.0, 40.0, 0.0
-90.0, -60.0, 5.145873346671361, 180.0, 45.0, 40.0, 0.0
-90.0, -60.0, 4.813700823039484, 180.0, 45.0, 40.0, 0.0
-90.0, -60.0, 4.480836864000001, 180.0, 45.0, 40.0, 0.0
-90.0, -60.0, 4.14732906382451, 180.0, 45.0, 40.0, 0.0
-90.0, -60.0, 3.8132251567526367, 180.0, 45.0, 40.0, 0.0
-90.0, -60.0, 3.478573006494356, 180.0, 45.0, 40.0, 0.0
-90.0, -60.0, 3.143420595732481, 180.0, 45.0, 40.0, 0.0
-90.0, -60.0, 2.8078160156249847, 180.0, 45.0, 40.0, 0.0
-90.0, -60.0, 2.4718074553075144, 180.0, 45.0, 40.0, 0.0
-90.0, -60.0, 2.135443191395634, 180.0, 45.0, 40.0, 0.0
-90.0, -60.0, 1.798771577487356, 180.0, 45.0, 40.0, 0.0
-90.0, -60.0, 1.4618410336654808, 180.0, 45.0, 40.0, 0.0
-90.0, -60.0, 1.1247000359999966, 180.0, 45.0, 40.0, 0.0
-90.0, -60.0, 0.7873971060505109, 180.0, 45.0, 40.0, 0.0
-90.0, -60.0, 0.44998080036863364, 180.0, 45.0, 40.0, 0.0
-90.0, -60.0, 0.11249970000035603, 180.0, 45.0, 40.0, 0.0
-90.0, -60.0, -0.2249976000115108, 180.0, 45.0, 40.0, 0.0
-90.0, -60.0, -0.5624625011250011, 180.0, 45.0, 40.0, 0.0
-90.0, -60.0, -0.8998464117964744, 180.0, 45.0, 40.0, 0.0
-90.0, -60.0, -1.2371007579783608, 180.0, 45.0, 40.0, 0.0
-90.0, -60.0, -1.5741769936166268, 180.0, 45.0, 40.0, 0.0
-90.0, -60.0, -1.9110266111485128, 180.0, 45.0, 40.0, 0.0
-90.0, -60.0, -2.247601151999996, 180.0, 45.0, 40.0, 0.0
-90.0, -60.0, -2.583852217083482, 180.0, 45.0, 40.0, 0.0
-90.0, -60.0, -2.9197314772953735, 180.0, 45.0, 40.0, 0.0
-90.0, -60.0, -3.255190684013648, 180.0, 45.0, 40.0, 0.0
-90.0, -60.0, -3.5901816795955295, 180.0, 45.0, 40.0, 0.0
-90.0, -60.0, -3.9246564078750126, 180.0, 45.0, 40.0, 0.0
-90.0, -60.0, -4.258566924660496, 180.0, 45.0, 40.0, 0.0
-90.0, -60.0, -4.591865408232351, 180.0, 45.0, 40.0, 0.0
-90.0, -60.0, -4.924504169840656, 180.0, 45.0, 40.0, 0.0
-90.0, -60.0, -5.25643566420251, 180.0, 45.0, 40.0, 0.0
-90.0, -60.0, -5.58761250000002, 180.0, 45.0, 40.0, 0.0
-90.0, -60.0, -5.917987450377485, 180.0, 45.0, 40.0, 0.0
-90.0, -60.0, -6.247513463439358, 180.0, 45.0, 40.0, 0.0
-90.0, -60.0, -6.576143672747648, 180.0, 45.0, 40.0, 0.0
-90.0, -60.0, -6.9038314078195135, 180.0, 45.0, 40.0, 0.0
-90.0, -60.0, -7.230530204625019, 180.0, 45.0, 40.0, 0.0
-90.0, -60.0, -7.55619381608448, 180.0, 45.0, 40.0, 0.0
-90.0, -60.0, -7.880776222566361, 180.0, 45.0, 40.0, 0.0
-90.0, -60.0, -8.204231642384649, 180.0, 45.0, 40.0, 0.0
-90.0, -60.0, -8.526514542296503, 180.0, 45.0, 40.0, 0.0
-90.0, -60.0, -8.847579647999996, 180.0, 45.0, 40.0, 0.0
-90.0, -60.0, -9.167381954631477, 180.0, 45.0, 40.0, 0.0
-90.0, -60.0, -9.48587673726336, 180.0, 45.0, 40.0, 0.0
-90.0, -60.0, -9.803019561401634, 180.0, 45.0, 40.0, 0.0
-90.0, -60.0, -10.118766293483507, 180.0, 45.0, 40.0, 0.0
-90.0, -60.0, -10.433073111374988, 180.0, 45.0, 40.0, 0.0
-90.0, -60.0, -10.74589651486847, 180.0, 45.0, 40.0, 0.0
-90.0, -60.0, -11.057193336180358, 180.0, 45.0, 40.0, 0.0
-90.0, -60.0, -11.366920750448621, 180.0, 45.0, 40.0, 0.0
-90.0, -60.0, -11.675036286230515, 180.0, 45.0, 40.0, 0.0
-90.0, -60.0, -11.981497835999996, 180.0, 45.0, 40.0, 0.0
-90.0, -60.0, -12.286263666645489, 180.0, 45.0, 40.0, 0.0
-90.0, -60.0, -12.589292429967362, 180.0, 45.0, 40.0, 0.0
-90.0, -60.0, -12.890543173175644, 180.0, 45.0, 40.0, 0.0
-90.0, -60.0, -13.18997534938751, 180.0, 45.0, 40.0, 0.0
-90.0, -60.0, -13.487548828125, 180.0, 45.0, 40.0, 0.0
-90.0, -60.0, -13.78322390581247, 180.0, 45.0, 40.0, 0.0
-90.0, -60.0, -14.076961316274364, 180.0, 45.0, 40.0, 0.0
-90.0, -60.0, -14.368722241232646, 180.0, 45.0, 40.0, 0.0
-90.0, -60.0, -14.65846832080453, 180.0, 45.0, 40.0, 0.0
-90.0, -60.0, -14.946161664000016, 180.0, 45.0, 40.0, 0.0
-90.0, -60.0, -15.23176485921946, 180.0, 45.0, 40.0, 0.0
-90.0, -60.0, -15.515240984751365, 180.0, 45.0, 40.0, 0.0
-90.0, -60.0, -15.796553619269645, 180.0, 45.0, 40.0, 0.0
-90.0, -60.0, -16.0756668523315, 180.0, 45.0, 40.0, 0.0
-90.0, -60.0, -16.35254529487497, 180.0, 45.0, 40.0, 0.0
-90.0, -60.0, -16.627154089716484, 180.0, 45.0, 40.0, 0.0
-90.0, -60.0, -16.899458922048375, 180.0, 45.0, 40.0, 0.0
-90.0, -60.0, -17.16942602993666, 180.0, 45.0, 40.0, 0.0
-90.0, -60.0, -17.437022214818505, 180.0, 45.0, 40.0, 0.0
-90.0, -60.0, -17.70221485200002, 180.0, 45.0, 40.0, 0.0
-90.0, -60.0, -17.96497190115347, 180.0, 45.0, 40.0, 0.0
-90.0, -60.0, -18.22526191681537, 180.0, 45.0, 40.0, 0.0
-90.0, -60.0, -18.48305405888364, 180.0, 45.0, 40.0, 0.0
-90.0, -60.0, -18.738318103115525, 180.0, 45.0, 40.0, 0.0
-90.0, -60.0, -18.99102445162503, 180.0, 45.0, 40.0, 0.0
-90.0, -60.0, -19.241144143380495, 180.0, 45.0, 40.0, 0.0
-90.0, -60.0, -19.488648864702363, 180.0, 45.0, 40.0, 0.0
-90.0, -60.0, -19.733510959760636, 180.0, 45.0, 40.0, 0.0
-90.0, -60.0, -19.975703441072525, 180.0, 45.0, 40.0, 0.0
-90.0, -60.0, -20.21519999999998, 180.0, 45.0, 40.0, 0.0
-90.0, -60.0, -20.451975017247513, 180.0, 45.0, 40.0, 0.0
-90.0, -60.0, -20.686003573359358, 180.0, 45.0, 40.0, 0.0
-90.0, -60.0, -20.91726145921764, 180.0, 45.0, 40.0, 0.0
-90.0, -60.0, -21.145725186539536, 180.0, 45.0, 40.0, 0.0
-90.0, -60.0, -21.371371998375025, 180.0, 45.0, 40.0, 0.0
-90.0, -60.0, -21.59417987960451, 180.0, 45.0, 40.0, 0.0
-90.0, -60.0, -21.814127567436344, 180.0, 45.0, 40.0, 0.0
-90.0, -60.0, -22.031194561904613, 180.0, 45.0, 40.0, 0.0
-90.0, -60.0, -22.24536113636654, 180.0, 45.0, 40.0, 0.0
-90.0, -60.0, -22.456608348000003, 180.0, 45.0, 40.0, 0.0
-90.0, -60.0, -22.66491804830146, 180.0, 45.0, 40.0, 0.0
-90.0, -60.0, -22.870272893583362, 180.0, 45.0, 40.0, 0.0
-90.0, -60.0, -23.07265635547165, 180.0, 45.0, 40.0, 0.0
-90.0, -60.0, -23.272052731403505, 180.0, 45.0, 40.0, 0.0
-90.0, -60.0, -23.468447155125006, 180.0, 45.0, 40.0, 0.0
-90.0, -60.0, -23.661825607188476, 180.0, 45.0, 40.0, 0.0
-90.0, -60.0, -23.85217492545037, 180.0, 45.0, 40.0, 0.0
-90.0, -60.0, -24.03948281556862, 180.0, 45.0, 40.0, 0.0
-90.0, -60.0, -24.223737861500496, 180.0, 45.0, 40.0, 0.0
-90.0, -60.0, -24.404929535999997, 180.0, 45.0, 40.0, 0.0
-90.0, -60.0, -24.583048211115482, 180.0, 45.0, 40.0, 0.0
-90.0, -60.0, -24.758085168687316, 180.0, 45.0, 40.0, 0.0
-90.0, -60.0, -24.930032610845586, 180.0, 45.0, 40.0, 0.0
-90.0, -60.0, -25.09888367050756, 180.0, 45.0, 40.0, 0.0
-90.0, -60.0, -25.264632421875035, 180.0, 45.0, 40.0, 0.0
-90.0, -60.0, -25.427273890932483, 180.0, 45.0, 40.0, 0.0
-90.0, -60.0, -25.586804065944435, 180.0, 45.0, 40.0, 0.0
-90.0, -60.0, -25.743219907952664, 180.0, 45.0, 40.0, 0.0
-90.0, -60.0, -25.8965193612745, 180.0, 45.0, 40.0, 0.0
-90.0, -60.0, -26.046701363999958, 180.0, 45.0, 40.0, 0.0
-90.0, -60.0, -26.1937658584895, 180.0, 45.0, 40.0, 0.0
-90.0, -60.0, -26.33771380187136, 180.0, 45.0, 40.0, 0.0
-90.0, -60.0, -26.47854717653962, 180.0, 45.0, 40.0, 0.0
-90.0, -60.0, -26.6162690006516, 180.0, 45.0, 40.0, 0.0
-90.0, -60.0, -26.750883338625002, 180.0, 45.0, 40.0, 0.0
-90.0, -60.0, -26.882395311636458, 180.0, 45.0, 40.0, 0.0
-90.0, -60.0, -27.010811108118276, 180.0, 45.0, 40.0, 0.0
-90.0, -60.0, -27.136137994256615, 180.0, 45.0, 40.0, 0.0
-90.0, -60.0, -27.258384324488503, 180.0, 45.0, 40.0, 0.0
-90.0, -60.0, -27.377559552000008, 180.0, 45.0, 40.0, 0.0
-90.0, -60.0, -27.493674239223452, 180.0, 45.0, 40.0, 0.0
-90.0, -60.0, -27.606740068335313, 180.0, 45.0, 40.0, 0.0
-90.0, -60.0, -27.716769851753725, 180.0, 45.0, 40.0, 0.0
-90.0, -60.0, -27.823777542635554, 180.0, 45.0, 40.0, 0.0
-90.0, -60.0, -27.92777824537498, 180.0, 45.0, 40.0, 0.0
-90.0, -60.0, -28.028788226100517, 180.0, 45.0, 40.0, 0.0
-90.0, -60.0, -28.126824923172364, 180.0, 45.0, 40.0, 0.0
-90.0, -60.0, -28.22190695768066, 180.0, 45.0, 40.0, 0.0
-90.0, -60.0, -28.314054143942514, 180.0, 45.0, 40.0, 0.0
-90.0, -60.0, -28.403287500000033, 180.0, 45.0, 40.0, 0.0
-90.0, -60.0, -28.489629258117446, 180.0, 45.0, 40.0, 0.0
-90.0, -60.0, -28.573102875279346, 180.0, 45.0, 40.0, 0.0
-90.0, -60.0, -28.65373304368771, 180.0, 45.0, 40.0, 0.0
-90.0, -60.0, -28.731545701259535, 180.0, 45.0, 40.0, 0.0
-90.0, -60.0, -28.806568042124923, 180.0, 45.0, 40.0, 0.0
-90.0, -60.0, -28.878828527124426, 180.0, 45.0, 40.0, 0.0
-90.0, -60.0, -28.948356894306443, 180.0, 45.0, 40.0, 0.0
-90.0, -60.0, -29.0151841694246, 180.0, 45.0, 40.0, 0.0
-90.0, -60.0, -29.079342676436482, 180.0, 45.0, 40.0, 0.0
-90.0, -60.0, -29.140866047999992, 180.0, 45.0, 40.0, 0.0
-90.0, -60.0, -29.19978923597148, 180.0, 45.0, 40.0, 0.0
-90.0, -60.0, -29.25614852190344, 180.0, 45.0, 40.0, 0.0
-90.0, -60.0, -29.30998152754168, 180.0, 45.0, 40.0, 0.0
-90.0, -60.0, -29.36132722532352, 180.0, 45.0, 40.0, 0.0
-90.0, -60.0, -29.410225948874967, 180.0, 45.0, 40.0, 0.0
-90.0, -60.0, -29.456719403508515, 180.0, 45.0, 40.0, 0.0
-90.0, -60.0, -29.500850676720347, 180.0, 45.0, 40.0, 0.0
-90.0, -60.0, -29.542664248688652, 180.0, 45.0, 40.0, 0.0
-90.0, -60.0, -29.582206002770533, 180.0, 45.0, 40.0, 0.0
-90.0, -60.0, -29.619523235999964, 180.0, 45.0, 40.0, 0.0
-90.0, -60.0, -29.65466466958543, 180.0, 45.0, 40.0, 0.0
-90.0, -60.0, -29.687680459407403, 180.0, 45.0, 40.0, 0.0
-90.0, -60.0, -29.71862220651562, 180.0, 45.0, 40.0, 0.0
-90.0, -60.0, -29.747542967627595, 180.0, 45.0, 40.0, 0.0
-90.0, -60.0, -29.774497265625, 180.0, 45.0, 40.0, 0.0
-90.0, -60.0, -29.799541100052522, 180.0, 45.0, 40.0, 0.0
-90.0, -60.0, -29.822731957614394, 180.0, 45.0, 40.0, 0.0
-90.0, -60.0, -29.844128822672644, 180.0, 45.0, 40.0, 0.0
-90.0, -60.0, -29.863792187744536, 180.0, 45.0, 40.0, 0.0
-90.0, -60.0, -29.88178406399993, 180.0, 45.0, 40.0, 0.0
-90.0, -60.0, -29.898167991759465, 180.0, 45.0, 40.0, 0.0
-90.0, -60.0, -29.913009050991377, 180.0, 45.0, 40.0, 0.0
-90.0, -60.0, -29.926373871809687, 180.0, 45.0, 40.0, 0.0
-90.0, -60.0, -29.938330644971472, 180.0, 45.0, 40.0, 0.0
-90.0, -60.0, -29.948949132374935, 180.0, 45.0, 40.0, 0.0
-90.0, -60.0, -29.958300677556565, 180.0, 45.0, 40.0, 0.0
-90.0, -60.0, -29.9664582161883, 180.0, 45.0, 40.0, 0.0
-90.0, -60.0, -29.973496286576676, 180.0, 45.0, 40.0, 0.0
-90.0, -60.0, -29.979491040158564, 180.0, 45.0, 40.0, 0.0
-90.0, -60.0, -29.98452025199998, 180.0, 45.0, 40.0, 0.0
-90.0, -60.0, -29.988663331293594, 180.0, 45.0, 40.0, 0.0
-90.0, -60.0, -29.99200133185542, 180.0, 45.0, 40.0, 0.0
-90.0, -60.0, -29.99461696262364, 180.0, 45.0, 40.0, 0.0
-90.0, -60.0, -29.996594598155582, 180.0, 45.0, 40.0, 0.0
-90.0, -60.0, -29.998020289124952, 180.0, 45.0, 40.0, 0.0
-90.0, -60.0, -29.998981772820457, 180.0, 45.0, 40.0, 0.0
-90.0, -60.0, -29.999568483642292, 180.0, 45.0, 40.0, 0.0
-90.0, -60.0, -29.999871563600664, 180.0, 45.0, 40.0, 0.0
-90.0, -60.0, -29.99998387281238, 180.0, 45.0, 40.0, 0.0
-90.0, -60.0, -30.0, 180.0, 45.0, 40.0, 0.0
-90.0, -60.0, -29.99999193640626, 180.0, 44.999987904609384, 39.99998924854168, 0.0
-90.0, -60.0, -29.999935781800318, 180.0, 44.99990367270048, 39.99991437573376, 0.0
-90.0, -60.0, -29.999784241821178, 180.0, 44.99967636273177, 39.999712322428245, 0.0
-90.0, -60.0, -29.99949088641024, 180.0, 44.999236329615364, 39.99932118188032, 0.0
-90.0, -60.0, -29.999010144562497, 180.0, 44.99851521684375, 39.99868019275, 0.0
-90.0, -60.0, -29.99829729907776, 180.0, 44.99744594861664, 39.997729732103686, 0.0
-90.0, -60.0, -29.997308481311823, 180.0, 44.99596272196773, 39.996411308415766, 0.0
-90.0, -60.0, -29.99600066592768, 180.0, 44.994000998891515, 39.994667554570235, 0.0
-90.0, -60.0, -29.99433166564674, 180.0, 44.99149749847011, 39.992442220862316, 0.0
-90.0, -60.0, -29.992260126, 180.0, 44.988390189, 39.989680168, 0.0
-90.0, -60.0, -29.98974552007926, 180.0, 44.984618280118895, 39.98632736010568, 0.0
-90.0, -60.0, -29.986748143288317, 180.0, 44.98012221493248, 39.98233085771776, 0.0
-90.0, -60.0, -29.98322910809418, 180.0, 44.974843662141275, 39.97763881079224, 0.0
-90.0, -60.0, -29.97915033877824, 180.0, 44.96872550816737, 39.97220045170432, 0.0
-90.0, -60.0, -29.974474566187496, 180.0, 44.961711849281244, 39.96596608825, 0.0
-90.0, -60.0, -29.96916532248576, 180.0, 44.95374798372864, 39.95888709664768, 0.0
-90.0, -60.0, -29.96318693590482, 180.0, 44.94478040385723, 39.950915914539756, 0.0
-90.0, -60.0, -29.956504525495678, 180.0, 44.93475678824352, 39.94200603399425, 0.0
-90.0, -60.0, -29.94908399587974, 180.0, 44.923625993819606, 39.93211199450632, 0.0
-90.0, -60.0, -29.940892032, 180.0, 44.911338048, 39.921189376, 0.0
-90.0, -60.0, -29.931896093872258, 180.0, 44.89784414080839, 39.909194791829684, 0.0
-90.0, -60.0, -29.922064411336322, 180.0, 44.883096617004476, 39.89608588178176, 0.0
-90.0, -60.0, -29.911365978807183, 180.0, 44.867048968210774, 39.881821305076244, 0.0
-90.0, -60.0, -29.899770550026236, 180.0, 44.849655825039356, 39.86636073336832, 0.0
-90.0, -60.0, -29.887248632812504, 180.0, 44.83087294921875, 39.84966484375, 0.0
-90.0, -60.0, -29.87377148381376, 180.0, 44.81065722572064, 39.83169531175168, 0.0
-90.0, -60.0, -29.85931110325782, 180.0, 44.78896665488673, 39.81241480434376, 0.0
-90.0, -60.0, -29.84384022970368, 180.0, 44.76576034455552, 39.79178697293823, 0.0
-90.0, -60.0, -29.82733233479274, 180.0, 44.74099850218911, 39.769776446390324, 0.0
-90.0, -60.0, -29.809761618000003, 180.0, 44.714642427, 39.746348824, 0.0
-90.0, -60.0, -29.79110300138526, 180.0, 44.686654502077886, 39.721470668513675, 0.0
-90.0, -60.0, -29.77133212434432, 180.0, 44.65699818651648, 39.695109499125756, 0.0
-90.0, -60.0, -29.750425338360177, 180.0, 44.625638007540275, 39.66723378448024, 0.0
-90.0, -60.0, -29.72835970175424, 180.0, 44.592539552631365, 39.63781293567232, 0.0
-90.0, -60.0, -29.705112974437498, 180.0, 44.55766946165625, 39.60681729925, 0.0
-90.0, -60.0, -29.68066361266176, 180.0, 44.52099541899264, 39.57421815021568, 0.0
-90.0, -60.0, -29.654990763770822, 180.0, 44.482486145656225, 39.53998768502777, 0.0
-90.0, -60.0, -29.628074260951678, 180.0, 44.44211139142752, 39.50409901460225, 0.0
-90.0, -60.0, -29.599894617985743, 180.0, 44.39984192697861, 39.46652615731431, 0.0
-90.0, -60.0, -29.570433024, 180.0, 44.355649536, 39.427244032, 0.0
-90.0, -60.0, -29.539671338218263, 180.0, 44.3095070073274, 39.38622845095768, 0.0
-90.0, -60.0, -29.507592084712318, 180.0, 44.26138812706848, 39.34345611294977, 0.0
-90.0, -60.0, -29.474178447153182, 180.0, 44.21126767072977, 39.298904596204245, 0.0
-90.0, -60.0, -29.43941426356224, 180.0, 44.15912139534336, 39.25255235141632, 0.0
-90.0, -60.0, -29.4032840210625, 180.0, 44.10492603159375, 39.20437869475, 0.0
-90.0, -60.0, -29.36577285062976, 180.0, 44.04865927594464, 39.15436380083968, 0.0
-90.0, -60.0, -29.32686652184382, 180.0, 43.990299782765725, 39.102488695791756, 0.0
-90.0, -60.0, -29.28655143763968, 180.0, 43.929827156459524, 39.04873525018625, 0.0
-90.0, -60.0, -29.24481462905874, 180.0, 43.86722194358811, 38.99308617207832, 0.0
-90.0, -60.0, -29.20164375, 180.0, 43.802465625, 38.935525, 0.0
-90.0, -60.0, -29.157027071971264, 180.0, 43.73554060795689, 38.87603609596168, 0.0
-90.0, -60.0, -29.11095347884032, 180.0, 43.66643021826049, 38.81460463845376, 0.0
-90.0, -60.0, -29.06341246158618, 180.0, 43.59511869237927, 38.751216615448236, 0.0
-90.0, -60.0, -29.01439411305024, 180.0, 43.52159116957536, 38.68585881740032, 0.0
-90.0, -60.0, -28.963889122687497, 180.0, 43.44583368403125, 38.618518830250004, 0.0
-90.0, -60.0, -28.911888771317763, 180.0, 43.36783315697664, 38.54918502842368, 0.0
-90.0, -60.0, -28.85838492587682, 180.0, 43.28757738881524, 38.47784656783576, 0.0
-90.0, -60.0, -28.80337003416768, 180.0, 43.20505505125152, 38.40449337889024, 0.0
-90.0, -60.0, -28.74683711961174, 180.0, 43.12025567941761, 38.329116159482325, 0.0
-90.0, -60.0, -28.688779775999997, 180.0, 43.033169664, 38.251706368, 0.0
-90.0, -60.0, -28.629192162244262, 180.0, 42.943788243366384, 38.17225621632568, 0.0
-90.0, -60.0, -28.568068997128318, 180.0, 42.852103495692475, 38.090758662837764, 0.0
-90.0, -60.0, -28.50540555405918, 180.0, 42.75810833108877, 38.00720740541224, 0.0
-90.0, -60.0, -28.44119765581824, 180.0, 42.661796483727365, 37.92159687442432, 0.0
-90.0, -60.0, -28.375441669312497, 180.0, 42.56316250396875, 37.83392222575, 0.0
-90.0, -60.0, -28.308134500325757, 180.0, 42.462201750488646, 37.74417933376768, 0.0
-90.0, -60.0, -28.23927358826982, 180.0, 42.35891038240473, 37.652364784359754, 0.0
-90.0, -60.0, -28.16885690093568, 180.0, 42.25328535140352, 37.55847586791424, 0.0
-90.0, -60.0, -28.096882929244735, 180.0, 42.14532439386711, 37.46251057232632, 0.0
-90.0, -60.0, -28.023350682000004, 180.0, 42.035026023, 37.364467575999996, 0.0
-90.0, -60.0, -27.948259680637257, 180.0, 41.92238952095589, 37.26434624084968, 0.0
-90.0, -60.0, -27.87160995397632, 180.0, 41.80741493096448, 37.16214660530176, 0.0
-90.0, -60.0, -27.793402032972182, 180.0, 41.69010304945827, 37.05786937729624, 0.0
-90.0, -60.0, -27.713636945466238, 180.0, 41.57045541819936, 36.95151592728832, 0.0
-90.0, -60.0, -27.6323162109375, 180.0, 41.44847431640625, 36.84308828125, 0.0
-90.0, -60.0, -27.549441835253763, 180.0, 41.32416275288064, 36.73258911367167, 0.0
-90.0, -60.0, -27.465016305422818, 180.0, 41.197524458134225, 36.620021740563764, 0.0
-90.0, -60.0, -27.379042584343676, 180.0, 41.06856387651552, 36.505390112458244, 0.0
-90.0, -60.0, -27.291524105557738, 180.0, 40.93728615833661, 36.38869880741032, 0.0
-90.0, -60.0, -27.202464768000002, 180.0, 40.803697152000005, 36.269953023999996, 0.0
-90.0, -60.0, -27.111868930750262, 180.0, 40.66780339612539, 36.149158574333676, 0.0
-90.0, -60.0, -27.01974140778432, 180.0, 40.529612111676485, 36.02632187704576, 0.0
-90.0, -60.0, -26.92608746272518, 180.0, 40.389131194087774, 35.90144995030024, 0.0
-90.0, -60.0, -26.83091280359424, 180.0, 40.24636920539137, 35.77455040479232, 0.0
-90.0, -60.0, -26.7342235775625, 180.0, 40.10133536634375, 35.645631436749994, 0.0
-90.0, -60.0, -26.63602636570176, 180.0, 39.954039548552636, 35.51470182093568, 0.0
-90.0, -60.0, -26.536328177735818, 180.0, 39.80449226660373, 35.38177090364776, 0.0
-90.0, -60.0, -26.43513644679168, 180.0, 39.65270467018752, 35.246848595722234, 0.0
-90.0, -60.0, -26.33245902415074, 180.0, 39.498688536226105, 35.10994536553432, 0.0
-90.0, -60.0, -26.228304173999998, 180.0, 39.342456261, 34.971072232000004, 0.0
-90.0, -60.0, -26.122680568183256, 180.0, 39.184020852274884, 34.83024075757768, 0.0
-90.0, -60.0, -26.015597280952317, 180.0, 39.02339592142848, 34.68746304126975, 0.0
-90.0, -60.0, -25.90706378371818, 180.0, 38.86059567557727, 34.54275171162424, 0.0
-90.0, -60.0, -25.797089939802238, 180.0, 38.69563490970336, 34.39611991973632, 0.0
-90.0, -60.0, -25.6856859991875, 180.0, 38.52852899878125, 34.24758133225, 0.0
-90.0, -60.0, -25.57286259326976, 180.0, 38.359293889904635, 34.09715012435968, 0.0
-90.0, -60.0, -25.458630729608824, 180.0, 38.187946094413235, 33.94484097281176, 0.0
-90.0, -60.0, -25.34300178667968, 180.0, 38.01450268001952, 33.79066904890624, 0.0
-90.0, -60.0, -25.225987508623742, 180.0, 37.83898126293561, 33.63465001149832, 0.0
-90.0, -60.0, -25.107599999999998, 180.0, 37.6614, 33.476800000000004, 0.0
-90.0, -60.0, -24.98785172053626, 180.0, 37.48177758080439, 33.31713562738168, 0.0
-90.0, -60.0, -24.86675547988032, 180.0, 37.30013321982048, 33.155673973173755, 0.0
-90.0, -60.0, -24.74432443235118, 180.0, 37.11648664852677, 32.99243257646824, 0.0
-90.0, -60.0, -24.62057207169024, 180.0, 36.93085810753536, 32.827429428920325, 0.0
-90.0, -60.0, -24.4955122258125, 180.0, 36.74326833871875, 32.660682967750006, 0.0
-90.0, -60.0, -24.36915905155776, 180.0, 36.553738577336645, 32.49221206874368, 0.0
-90.0, -60.0, -24.241527029441823, 180.0, 36.36229054416273, 32.32203603925576, 0.0
-90.0, -60.0, -24.11263095840768, 180.0, 36.168946437611524, 32.15017461121024, 0.0
-90.0, -60.0, -23.98248595057674, 180.0, 35.97372892586511, 31.976647934102317, 0.0
-90.0, -60.0, -23.851107426, 180.0, 35.77666113899999, 31.801476568000002, 0.0
-90.0, -60.0, -23.718511107409256, 180.0, 35.577766661113884, 31.624681476545675, 0.0
-90.0, -60.0, -23.58471301496832, 180.0, 35.37706952245247, 31.44628401995776, 0.0
-90.0, -60.0, -23.449729461024177, 180.0, 35.174594191536265, 31.266305948032237, 0.0
-90.0, -60.0, -23.31357704485824, 180.0, 34.97036556728737, 31.084769393144317, 0.0
-90.0, -60.0, -23.1762726474375, 180.0, 34.76440897115624, 30.90169686325, 0.0
-90.0, -60.0, -23.037833426165758, 180.0, 34.556750139248635, 30.717111234887682, 0.0
-90.0, -60.0, -22.89827680963482, 180.0, 34.34741521445223, 30.531035746179757, 0.0
-90.0, -60.0, -22.757620492375683, 180.0, 34.13643073856352, 30.34349398983424, 0.0
-90.0, -60.0, -22.61588242960974, 180.0, 33.92382364441461, 30.15450990614632, 0.0
-90.0, -60.0, -22.473080831999997, 180.0, 33.709621248, 29.964107776, 0.0
-90.0, -60.0, -22.32923416040226, 180.0, 33.49385124060339, 29.77231221386968, 0.0
-90.0, -60.0, -22.184361120616323, 180.0, 33.27654168092448, 29.579148160821763, 0.0
-90.0, -60.0, -22.038480658137182, 180.0, 33.05772098720577, 29.384640877516244, 0.0
-90.0, -60.0, -21.89161195290624, 180.0, 32.83741792935936, 29.188815937208318, 0.0
-90.0, -60.0, -21.7437744140625, 180.0, 32.61566162109375, 28.99169921875, 0.0
-90.0, -60.0, -21.594987674693762, 180.0, 32.39248151204064, 28.79331689959168, 0.0
-90.0, -60.0, -21.445271586587822, 180.0, 32.167907379881726, 28.593695448783755, 0.0
-90.0, -60.0, -21.29464621498368, 180.0, 31.94196932247552, 28.39286161997824, 0.0
-90.0, -60.0, -21.143131833322737, 180.0, 31.71469774998411, 28.190842444430317, 0.0
-90.0, -60.0, -20.990748918, 180.0, 31.486123377000006, 27.987665224, 0.0
-90.0, -60.0, -20.83751814311526, 180.0, 31.256277214672895, 27.78335752415368, 0.0
-90.0, -60.0, -20.68346037522432, 180.0, 31.02519056283648, 27.57794716696576, 0.0
-90.0, -60.0, -20.528596668090174, 180.0, 30.792895002135268, 27.371462224120236, 0.0
-90.0, -60.0, -20.37294825743424, 180.0, 30.559422386151354, 27.163931009912318, 0.0
-90.0, -60.0, -20.216536555687497, 180.0, 30.32480483353125, 26.95538207425, 0.0
-90.0, -60.0, -20.05938314674176, 180.0, 30.08907472011264, 26.74584419565568, 0.0
-90.0, -60.0, -19.901509780700817, 180.0, 29.852264671051234, 26.53534637426776, 0.0
-90.0, -60.0, -19.742938368631677, 180.0, 29.614407552947508, 26.323917824842233, 0.0
-90.0, -60.0, -19.58369097731574, 180.0, 29.37553646597361, 26.11158796975432, 0.0
-90.0, -60.0, -19.423789824000004, 180.0, 29.135684736000005, 25.898386432000006, 0.0
-90.0, -60.0, -19.26325727114826, 180.0, 28.894885906722386, 25.68434302819768, 0.0
-90.0, -60.0, -19.102115821192317, 180.0, 28.65317373178848, 25.46948776158976, 0.0
-90.0, -60.0, -18.940388111283184, 180.0, 28.410582166924772, 25.253850815044242, 0.0
-90.0, -60.0, -18.778096908042244, 180.0, 28.167145362063362, 25.037462544056325, 0.0
-90.0, -60.0, -18.615265102312502, 180.0, 27.922897653468752, 24.820353469750003, 0.0
-90.0, -60.0, -18.451915703909762, 180.0, 27.677873555864643, 24.602554271879683, 0.0
-90.0, -60.0, -18.288071836373824, 180.0, 27.432107754560725, 24.38409578183176, 0.0
-90.0, -60.0, -18.12375673171968, 180.0, 27.18563509757952, 24.16500897562624, 0.0
-90.0, -60.0, -17.958993725188737, 180.0, 26.938490587783107, 23.945324966918314, 0.0
-90.0, -60.0, -17.793806249999996, 180.0, 26.69070937499999, 23.725074999999997, 0.0
-90.0, -60.0, -17.628217832101257, 180.0, 26.442326748151885, 23.50429044280168, 0.0
-90.0, -60.0, -17.462252084920316, 180.0, 26.193378127380473, 23.28300277989376, 0.0
-90.0, -60.0, -17.295932704116183, 180.0, 25.943899056174274, 23.06124360548824, 0.0
-90.0, -60.0, -17.129283462330235, 180.0, 25.693925193495353, 22.83904461644031, 0.0
-90.0, -60.0, -16.962328203937503, 180.0, 25.443492305906254, 22.61643760525, 0.0
-90.0, -60.0, -16.79509083979776, 180.0, 25.19263625969664, 22.393454453063676, 0.0
-90.0, -60.0, -16.627595342006817, 180.0, 24.94139301301023, 22.170127122675755, 0.0
-90.0, -60.0, -16.459865738647675, 180.0, 24.689798607971515, 21.94648765153024, 0.0
-90.0, -60.0, -16.291926108541738, 180.0, 24.437889162812606, 21.722568144722324, 0.0
-90.0, -60.0, -16.123800576000004, 180.0, 24.185700864000005, 21.498400768000003, 0.0
-90.0, -60.0, -15.955513305574264, 180.0, 23.933269958361397, 21.274017740765686, 0.0
-90.0, -60.0, -15.787088496808323, 180.0, 23.680632745212478, 21.04945132907776, 0.0
-90.0, -60.0, -15.618550378989184, 180.0, 23.427825568483776, 20.82473383865225, 0.0
-90.0, -60.0, -15.449923205898237, 180.0, 23.174884808847363, 20.599897607864317, 0.0
-90.0, -60.0, -15.281231250562499, 180.0, 22.921846875843748, 20.37497500075, 0.0
-90.0, -60.0, -15.11249880000576, 180.0, 22.668748200008636, 20.149998400007682, 0.0
-90.0, -60.0, -14.943750149999826, 180.0, 22.415625224999744, 19.92500019999977, 0.0
-90.0, -60.0, -14.775009599815679, 180.0, 22.16251439972352, 19.70001279975424, 0.0
-90.0, -60.0, -14.606301446974744, 180.0, 21.90945217046211, 19.47506859596632, 0.0
-90.0, -60.0, -14.437649981999996, 180.0, 21.656474972999987, 19.25019997599999, 0.0
-90.0, -60.0, -14.269079483167268, 180.0, 21.403619224750887, 19.025439310889677, 0.0
-90.0, -60.0, -14.100614211256318, 180.0, 21.150921316884485, 18.800818948341757, 0.0
-90.0, -60.0, -13.932278404302185, 180.0, 20.89841760645327, 18.576371205736244, 0.0
-90.0, -60.0, -13.764096272346237, 180.0, 20.646144408519355, 18.352128363128312, 0.0
-90.0, -60.0, -13.596091992187503, 180.0, 20.394137988281244, 18.12812265625, 0.0
-90.0, -60.0, -13.42828970213376, 180.0, 20.142434553200637, 17.904386269511683, 0.0
-90.0, -60.0, -13.260713496752814, 180.0, 19.891070245129235, 17.680951329003758, 0.0
-90.0, -60.0, -13.093387421623678, 180.0, 19.640081132435512, 17.457849895498235, 0.0
-90.0, -60.0, -12.926335468087741, 180.0, 19.3895032021316, 17.235113957450324, 0.0
-90.0, -60.0, -12.759581568000003, 180.0, 19.13937235200001, 17.012775424000004, 0.0
-90.0, -60.0, -12.593149588480253, 180.0, 18.889724382720388, 16.79086611797367, 0.0
-90.0, -60.0, -12.427063326664317, 180.0, 18.640594989996476, 16.569417768885742, 0.0
-90.0, -60.0, -12.261346504455181, 180.0, 18.392019756682775, 16.348462005940238, 0.0
-90.0, -60.0, -12.096022763274233, 180.0, 18.144034144911345, 16.128030351032308, 0.0
-90.0, -60.0, -11.9311156588125, 180.0, 17.896673488218745, 15.908154211749993, 0.0
-90.0, -60.0, -11.766648655781747, 180.0, 17.64997298367262, 15.688864874375668, 0.0
-90.0, -60.0, -11.602645122665814, 180.0, 17.40396768399873, 15.470193496887763, 0.0
-90.0, -60.0, -11.439128326471687, 180.0, 17.15869248970752, 15.25217110196224, 0.0
-90.0, -60.0, -11.27612142748074, 180.0, 16.91418214122112, 15.034828569974314, 0.0
-90.0, -60.0, -11.113647474000002, 180.0, 16.670471211000002, 14.818196632000006, 0.0
-90.0, -60.0, -10.951729397113267, 180.0, 16.427594095669892, 14.602305862817685, 0.0
-90.0, -60.0, -10.79039000543232, 180.0, 16.185585008148482, 14.387186673909763, 0.0
-90.0, -60.0, -10.629651979848182, 180.0, 15.944477969772269, 14.172869306464243, 0.0
-90.0, -60.0, -10.469537868282247, 180.0, 15.704306802423364, 13.959383824376314, 0.0
-90.0, -60.0, -10.310070080437507, 180.0, 15.465105120656247, 13.746760107249997, 0.0
-90.0, -60.0, -10.151270882549762, 180.0, 15.226906323824636, 13.535027843399682, 0.0
-90.0, -60.0, -9.993162392138824, 180.0, 14.989743588208242, 13.32421652285176, 0.0
-90.0, -60.0, -9.835766572759683, 180.0, 14.753649859139532, 13.11435543034624, 0.0
-90.0, -60.0, -9.679105228753738, 180.0, 14.51865784313059, 12.90547363833831, 0.0
-90.0, -60.0, -9.523200000000006, 180.0, 14.284800000000008, 12.697600000000005, 0.0
-90.0, -60.0, -9.368072356666262, 180.0, 14.052108534999388, 12.490763142221684, 0.0
-90.0, -60.0, -9.213743593960318, 180.0, 13.820615390940482, 12.284991458613767, 0.0
-90.0, -60.0, -9.060234826881176, 180.0, 13.590352240321767, 12.080313102508246, 0.0
-90.0, -60.0, -8.907566984970247, 180.0, 13.361350477455368, 11.876755979960329, 0.0
-90.0, -60.0, -8.755760807062506, 180.0, 13.133641210593755, 11.674347742750005, 0.0
-90.0, -60.0, -8.604836836037759, 180.0, 12.907255254056636, 11.473115781383672, 0.0
-90.0, -60.0, -8.454815413571808, 180.0, 12.682223120357733, 11.273087218095753, 0.0
-90.0, -60.0, -8.305716674887666, 180.0, 12.458575012331515, 11.074288899850238, 0.0
-90.0, -60.0, -8.157560543506737, 180.0, 12.236340815260117, 10.876747391342334, 0.0
-90.0, -60.0, -8.010366726000012, 180.0, 12.015550089000008, 10.680488967999995, 0.0
-90.0, -60.0, -7.864154706739271, 180.0, 11.796232060108913, 10.485539608985704, 0.0
-90.0, -60.0, -7.718943742648321, 180.0, 11.578415613972481, 10.291924990197767, 0.0
-90.0, -60.0, -7.5747528579541665, 180.0, 11.36212928693125, 10.099670477272227, 0.0
-90.0, -60.0, -7.431600838938245, 180.0, 11.147401258407381, 9.908801118584332, 0.0
-90.0, -60.0, -7.289506228687497, 180.0, 10.934259343031254, 9.719341638249993, 0.0
-90.0, -60.0, -7.148487321845771, 180.0, 10.722730982768645, 9.531316429127695, 0.0
-90.0, -60.0, -7.008562159364821, 180.0, 10.512843239047235, 9.34474954581977, 0.0
-90.0, -60.0, -6.86974852325568, 180.0, 10.304622784883513, 9.15966469767423, 0.0
-90.0, -60.0, -6.7320639313397415, 180.0, 10.098095897009607, 8.976085241786325, 0.0
-90.0, -60.0, -6.595525632000008, 180.0, 9.893288447999986, 8.79403417599999, 0.0
-90.0, -60.0, -6.460150598932266, 180.0, 9.690225898398367, 8.613534131909688, 0.0
-90.0, -60.0, -6.325955525896312, 180.0, 9.488933288844478, 8.434607367861755, 0.0
-90.0, -60.0, -6.192956821467185, 180.0, 9.289435232200752, 8.257275761956237, 0.0
-90.0, -60.0, -6.061170603786245, 180.0, 9.091755905679364, 8.081560805048326, 0.0
-90.0, -60.0, -5.930612695312501, 180.0, 8.895919042968735, 7.907483593750001, 0.0
-90.0, -60.0, -5.80129861757376, 180.0, 8.701947926360646, 7.735064823431671, 0.0
-90.0, -60.0, -5.673243585917813, 180.0, 8.50986537887674, 7.564324781223746, 0.0
-90.0, -60.0, -5.546462504263669, 180.0, 8.31969375639553, 7.395283339018221, 0.0
-90.0, -60.0, -5.420969959852734, 180.0, 8.131454939779104, 7.227959946470314, 0.0
-90.0, -60.0, -5.296780217999981, 180.0, 7.945170326999971, 7.062373623999996, 0.0
-90.0, -60.0, -5.1739072168452545, 180.0, 7.760860825267898, 6.8985429557936655, 0.0
-90.0, -60.0, -5.052364562104312, 180.0, 7.578546843156474, 6.736486082805783, 0.0
-90.0, -60.0, -4.932165521820181, 180.0, 7.3982482827302505, 6.5762206957602345, 0.0
-90.0, -60.0, -4.813323021114243, 180.0, 7.219984531671344, 6.4177640281523125, 0.0
-90.0, -60.0, -4.6958496369374885, 180.0, 7.043774455406229, 6.2611328492499965, 0.0
-90.0, -60.0, -4.579757592821757, 180.0, 6.869636389232625, 6.106343457095662, 0.0
-90.0, -60.0, -4.465058753630807, 180.0, 6.697588130446199, 5.9534116715077445, 0.0
-90.0, -60.0, -4.351764620311677, 180.0, 6.527646930467512, 5.802352827082238, 0.0
-90.0, -60.0, -4.239886324645752, 180.0, 6.359829486968614, 5.653181766194351, 0.0
-90.0, -60.0, -4.129434623999998, 180.0, 6.194151936000004, 5.505912831999986, 0.0
-90.0, -60.0, -4.020419896078259, 180.0, 6.030629844117399, 5.360559861437693, 0.0
-90.0, -60.0, -3.912852133672324, 180.0, 5.869278200508482, 5.217136178229737, 0.0
-90.0, -60.0, -3.806740939413203, 180.0, 5.710111409119776, 5.075654585884237, 0.0
-90.0, -60.0, -3.7020955205222563, 180.0, 5.553143280783374, 4.936127360696332, 0.0
-90.0, -60.0, -3.598924683562487, 180.0, 5.398387025343752, 4.798566244749971, 0.0
-90.0, -60.0, -3.4972368291897737, 180.0, 5.245855243784639, 4.662982438919698, 0.0
-90.0, -60.0, -3.3970399469038313, 180.0, 5.0955599203557185, 4.52938659587177, 0.0
-90.0, -60.0, -3.2983416097996923, 180.0, 4.947512414699524, 4.397788813066242, 0.0
-90.0, -60.0, -3.2011489693187443, 180.0, 4.80172345397812, 4.26819862575833, 0.0
-90.0, -60.0, -3.10546875, 180.0, 4.658203125, 4.140625, 0.0
-90.0, -60.0, -3.0113072442312756, 180.0, 4.516960866346906, 4.015076325641701, 0.0
-90.0, -60.0, -2.9186703070003333, 180.0, 4.378005460500475, 3.8915604093337635, 0.0
-90.0, -60.0, -2.8275633506462015, 180.0, 4.241345025969267, 3.7700844675282355, 0.0
-90.0, -60.0, -2.7379913396102324, 180.0, 4.1069870094153345, 3.650655119480298, 0.0
-90.0, -60.0, -2.6499587851874793, 180.0, 3.9749381777812545, 3.533278380249982, 0.0
-90.0, -60.0, -2.563469740277746, 180.0, 3.845204610416644, 3.41795965370369, 0.0
-90.0, -60.0, -2.4785277941368236, 180.0, 3.7177916912052353, 3.304703725515779, 0.0
-90.0, -60.0, -2.395136067127673, 180.0, 3.592704100691506, 3.1935147561702166, 0.0
-90.0, -60.0, -2.3132972054717555, 180.0, 3.4699458082075694, 3.084396273962298, 0.0
-90.0, -60.0, -2.233013376000031, 180.0, 3.349520064000032, 2.9773511679999984, 0.0
-90.0, -60.0, -2.1542862609042714, 180.0, 3.2314293913564143, 2.8723816812056953, 0.0
-90.0, -60.0, -2.077117052488326, 180.0, 3.115675578732507, 2.7694894033177633, 0.0
-90.0, -60.0, -2.0015064479191693, 180.0, 3.0022596718787327, 2.6686752638922258, 0.0
-90.0, -60.0, -1.9274546439782512, 180.0, 2.8911819659673483, 2.5699395253043065, 0.0
-90.0, -60.0, -1.8549613318124898, 180.0, 2.7824419977187347, 2.4732817757499674, 0.0
-90.0, -60.0, -1.7840256916857342, 180.0, 2.6760385375286546, 2.37870092224766, 0.0
-90.0, -60.0, -1.7146463877298004, 180.0, 2.571969581594729, 2.286195183639734, 0.0
-90.0, -60.0, -1.6468215626956493, 180.0, 2.4702323440435094, 2.195762083594232, 0.0
-90.0, -60.0, -1.5805488327047215, 180.0, 2.3708232490570538, 2.1073984436063, 0.0
-90.0, -60.0, -1.5158252820000016, 180.0, 2.273737923000013, 2.021100376000007, 0.0
-90.0, -60.0, -1.4526474576972248, 180.0, 2.17897118654588, 1.9368632769296568, 0.0
-90.0, -60.0, -1.391011364536297, 180.0, 2.0865170468044596, 1.854681819381753, 0.0
-90.0, -60.0, -1.3309124596321737, 180.0, 1.996368689448289, 1.7745499461762506, 0.0
-90.0, -60.0, -1.2723456472262455, 180.0, 1.9085184708393825, 1.6964608629683369, 0.0
-90.0, -60.0, -1.2153052734374938, 180.0, 1.8229579101562194, 1.6204070312499823, 0.0
-90.0, -60.0, -1.1597851210137406, 180.0, 1.7396776815206039, 1.5463801613516495, 0.0
-90.0, -60.0, -1.105778404082841, 180.0, 1.6586676061242116, 1.4743712054437736, 0.0
-90.0, -60.0, -1.0532777629036616, 180.0, 1.5799166443555208, 1.4043703505382297, 0.0
-90.0, -60.0, -1.0022752586177432, 180.0, 1.5034128879266007, 1.3363670114903243, 0.0
-90.0, -60.0, -0.9527623680000374, 180.0, 1.4291435519999993, 1.2703498240000357, 0.0
-90.0, -60.0, -0.9047299782102556, 180.0, 1.3570949673154047, 1.2063066376136788, 0.0
-90.0, -60.0, -0.8581683815443029, 180.0, 1.2872525723164614, 1.1442245087257419, 0.0
-90.0, -60.0, -0.8130672701851722, 180.0, 1.2196009052778152, 1.0840896935802107, 0.0
-90.0, -60.0, -0.7694157309542362, 180.0, 1.1541235964313614, 1.0258876412723055, 0.0
-90.0, -60.0, -0.7272022400624962, 180.0, 1.0908033600937443, 0.9696029867500044, 0.0
-90.0, -60.0, -0.6864146578617749, 180.0, 1.029621986792705, 0.9152195438156951, 0.0
-90.0, -60.0, -0.6470402235958375, 180.0, 0.9705603353937704, 0.8627202981277549, 0.0
-90.0, -60.0, -0.6090655501517119, 180.0, 0.9135983252275537, 0.8120874002022589, 0.0
-90.0, -60.0, -0.5724766188107253, 180.0, 0.8587149282161022, 0.7633021584143052, 0.0
-90.0, -60.0, -0.5372587740000085, 180.0, 0.8058881610000128, 0.7163450320000351, 0.0
-90.0, -60.0, -0.5033967180432768, 180.0, 0.7550950770648512, 0.6711956240576171, 0.0
-90.0, -60.0, -0.4708745059123629, 180.0, 0.7063117588684804, 0.6278326745497935, 0.0
-90.0, -60.0, -0.43967553997819664, 180.0, 0.6595133099673092, 0.5862340533042669, 0.0
-90.0, -60.0, -0.40978256476228125, 180.0, 0.6146738471433082, 0.5463767530163466, 0.0
-90.0, -60.0, -0.38117766168751643, 180.0, 0.5717664925312533, 0.5082368822500314, 0.0
-90.0, -60.0, -0.35384224382976015, 180.0, 0.5307633657446331, 0.4717896584396897, 0.0
-90.0, -60.0, -0.3277570506688221, 180.0, 0.4916355760032616, 0.4370094008917249, 0.0
-90.0, -60.0, -0.3029021428396419, 180.0, 0.4543532142594984, 0.40386952378619867, 0.0
-90.0, -60.0, -0.2792568968837372, 180.0, 0.4188853453255774, 0.3723425291783258, 0.0
-90.0, -60.0, -0.25679999999996994, 180.0, 0.3851999999999123, 0.3423999999999978, 0.0
-90.0, -60.0, -0.23550944479626423, 180.0, 0.35326416719442477, 0.31401259306167617, 0.0
-90.0, -60.0, -0.21536252404030165, 180.0, 0.32304378606042405, 0.287150032053745, 0.0
-90.0, -60.0, -0.19633582541115402, 180.0, 0.29450373811673103, 0.2617811005482338, 0.0
-90.0, -60.0, -0.17840522625022004, 180.0, 0.26760783937530164, 0.23787363500034076, 0.0
-90.0, -60.0, -0.16154588831250294, 180.0, 0.242318832468726, 0.21539451774995655, 0.0
-90.0, -60.0, -0.14573225251780286, 180.0, 0.21859837877667587, 0.19430967002369925, 0.0
-90.0, -60.0, -0.1309380337018382, 180.0, 0.19640705055272178, 0.17458404493575586, 0.0
-90.0, -60.0, -0.11713621536762275, 180.0, 0.17570432305146255, 0.15618162049020157, 0.0
-90.0, -60.0, -0.10429904443675753, 180.0, 0.1564485666551434, 0.13906539258235284, 0.0
-90.0, -60.0, -0.09239802600004055, 180.0, 0.1385970390000466, 0.12319736800003511, 0.0
-90.0, -60.0, -0.08140391806927028, 180.0, 0.12210587710387699, 0.10853855742564633, 0.0
-90.0, -60.0, -0.07128672632833855, 180.0, 0.10693008949252203, 0.09504896843776578, 0.0
-90.0, -60.0, -0.062015698884152926, 180.0, 0.0930235483262436, 0.08268759851225127, 0.0
-90.0, -60.0, -0.05355932101821281, 180.0, 0.08033898152740448, 0.07141242802427428, 0.0
-90.0, -60.0, -0.04588530993748918, 180.0, 0.06882796490631904, 0.06118041324998558, 0.0
-90.0, -60.0, -0.03896060952573066, 180.0, 0.05844091428858178, 0.051947479367697724, 0.0
-90.0, -60.0, -0.032751385094798025, 180.0, 0.049127077642168615, 0.04366851345977807, 0.0
-90.0, -60.0, -0.02722301813565764, 180.0, 0.04083452720348646, 0.03629735751428598, 0.0
-90.0, -60.0, -0.0223401010697728, 180.0, 0.03351015160464499, 0.02978680142638268, 0.0
-90.0, -60.0, -0.0180664320000119, 180.0, 0.027099648000046273, 0.02408857599999692, 0.0
-90.0, -60.0, -0.014365009462323997, 180.0, 0.02154751419342915, 0.019153345949774803, 0.0
-90.0, -60.0, -0.011198027176334335, 180.0, 0.016797040764544136, 0.014930702901835957, 0.0
-90.0, -60.0, -0.008526868797190446, 180.0, 0.01279030319579988, 0.011369158396320245, 0.0
-90.0, -60.0, -0.0063121026662713575, 180.0, 0.00946815399930756, 0.008416136888286019, 0.0
-90.0, -60.0, -0.004513476562522101, 180.0, 0.006770214843754729, 0.006017968750029468, 0.0
-90.0, -60.0, -0.0030899124538166234, 180.0, 0.0046348686806823025, 0.0041198832717839196, 0.0
-90.0, -60.0, -0.001999501247837543, 180.0, 0.0029992518716710492, 0.002666001663754969, 0.0
-90.0, -60.0, -0.0011994975436380173, 180.0, 0.0017992463155280802, 0.001599330058184023, 0.0
-90.0, -60.0, -0.0006463143828057127, 180.0, 0.0009694715741659365, 0.0008617525103602475, 0.0
-90.0, -60.0, -0.0002955180000014934, 180.0, 0.0004432769999880293, 0.0003940239999451478, 0.0
-90.0, -60.0, -0.00010182257526025751, 180.0, 0.0001527338628761754, 0.00013576343371823896, 0.0
-90.0, -60.0, -1.908498433067507e-05, 180.0, 2.8627476467590895e-05, 2.5446645764759523e-05, 0.0
-90.0, -60.0, -2.995501802161016e-07, 180.0, 4.493252845350071e-07, 3.994001929186197e-07, 0.0
