-0.0, -0.0, -0.0, 90.0, 0.0, 0.0, 0.0
-0.0, 8.06359374e-06, -0.0, 90.00000806359374, 0.0, 0.0, 0.0
-0.0, 6.421819968e-05, -0.0, 90.00006421819968, 0.0, 0.0, 0.0
-0.0, 0.00021575817882000007, -0.0, 90.00021575817883, 0.0, 0.0, 0.0
-0.0, 0.00050911358976, -0.0, 90.00050911358976, 0.0, 0.0, 0.0
-0.0, 0.0009898554374999998, -0.0, 90.0009898554375, 0.0, 0.0, 0.0
-0.0, 0.0017027009222400006, -0.0, 90.00170270092224, 0.0, 0.0, 0.0
-0.0, 0.0026915186881800003, -0.0, 90.00269151868818, 0.0, 0.0, 0.0
-0.0, 0.00399933407232, -0.0, 90.00399933407232, 0.0, 0.0, 0.0
-0.0, 0.00566833435326, -0.0, 90.00566833435326, 0.0, 0.0, 0.0
-0.0, 0.007739873999999997, -0.0, 90.007739874, 0.0, 0.0, 0.0
-0.0, 0.010254479920740002, -0.0, 90.01025447992075, 0.0, 0.0, 0.0
-0.0, 0.013251856711680006, -0.0, 90.01325185671168, 0.0, 0.0, 0.0
-0.0, 0.016770891905820002, -0.0, 90.01677089190582, 0.0, 0.0, 0.0
-0.0, 0.02084966122176, -0.0, 90.02084966122176, 0.0, 0.0, 0.0
-0.0, 0.025525433812499998, -0.0, 90.0255254338125, 0.0, 0.0, 0.0
-0.0, 0.030834677514240003, -0.0, 90.03083467751424, 0.0, 0.0, 0.0
-0.0, 0.03681306409518001, -0.0, 90.03681306409518, 0.0, 0.0, 0.0
-0.0, 0.043495474504319995, -0.0, 90.04349547450433, 0.0, 0.0, 0.0
-0.0, 0.05091600412026001, -0.0, 90.05091600412025, 0.0, 0.0, 0.0
-0.0, 0.05910796799999998, -0.0, 90.059107968, 0.0, 0.0, 0.0
-0.0, 0.06810390612774, -0.0, 90.06810390612775, 0.0, 0.0, 0.0
-0.0, 0.07793558866368, -0.0, 90.07793558866368, 0.0, 0.0, 0.0
-0.0, 0.08863402119282003, -0.0, 90.08863402119282, 0.0, 0.0, 0.0
-0.0, 0.10022944997376003, -0.0, 90.10022944997375, 0.0, 0.0, 0.0
-0.0, 0.11275136718749999, -0.0, 90.1127513671875, 0.0, 0.0, 0.0
-0.0, 0.12622851618624, -0.0, 90.12622851618625, 0.0, 0.0, 0.0
-0.0, 0.14068889674218, -0.0, 90.14068889674218, 0.0, 0.0, 0.0
-0.0, 0.15615977029632003, -0.0, 90.15615977029633, 0.0, 0.0, 0.0
-0.0, 0.17266766520726007, -0.0, 90.17266766520726, 0.0, 0.0, 0.0
-0.0, 0.19023838199999998, -0.0, 90.190238382, 0.0, 0.0, 0.0
-0.0, 0.20889699861474, -0.0, 90.20889699861473, 0.0, 0.0, 0.0
-0.0, 0.22866787565568003, -0.0, 90.22866787565567, 0.0, 0.0, 0.0
-0.0, 0.24957466163982, -0.0, 90.24957466163983, 0.0, 0.0, 0.0
-0.0, 0.2716402982457601, -0.0, 90.27164029824576, 0.0, 0.0, 0.0
-0.0, 0.29488702556249996, -0.0, 90.2948870255625, 0.0, 0.0, 0.0
-0.0, 0.31933638733824, -0.0, 90.31933638733824, 0.0, 0.0, 0.0
-0.0, 0.34500923622918, -0.0, 90.34500923622917, 0.0, 0.0, 0.0
-0.0, 0.3719257390483201, -0.0, 90.37192573904832, 0.0, 0.0, 0.0
-0.0, 0.40010538201426005, -0.0, 90.40010538201426, 0.0, 0.0, 0.0
-0.0, 0.42956697599999993, -0.0, 90.429566976, 0.0, 0.0, 0.0
-0.0, 0.46032866178174003, -0.0, 90.46032866178174, 0.0, 0.0, 0.0
-0.0, 0.49240791528768, -0.0, 90.49240791528769, 0.0, 0.0, 0.0
-0.0, 0.52582155284682, -0.0, 90.52582155284682, 0.0, 0.0, 0.0
-0.0, 0.5605857364377601, -0.0, 90.56058573643776, 0.0, 0.0, 0.0
-0.0, 0.5967159789375001, -0.0, 90.5967159789375, 0.0, 0.0, 0.0
-0.0, 0.6342271493702402, -0.0, 90.63422714937025, 0.0, 0.0, 0.0
-0.0, 0.6731334781561801, -0.0, 90.67313347815617, 0.0, 0.0, 0.0
-0.0, 0.7134485623603203, -0.0, 90.71344856236033, 0.0, 0.0, 0.0
-0.0, 0.7551853709412599, -0.0, 90.75518537094126, 0.0, 0.0, 0.0
-0.0, 0.79835625, -0.0, 90.79835625, 0.0, 0.0, 0.0
-0.0, 0.8429729280287399, -0.0, 90.84297292802874, 0.0, 0.0, 0.0
-0.0, 0.8890465211596801, -0.0, 90.88904652115968, 0.0, 0.0, 0.0
-0.0, 0.9365875384138199, -0.0, 90.93658753841382, 0.0, 0.0, 0.0
-0.0, 0.9856058869497599, -0.0, 90.98560588694976, 0.0, 0.0, 0.0
-0.0, 1.0361108773124998, -0.0, 91.0361108773125, 0.0, 0.0, 0.0
-0.0, 1.08811122868224, -0.0, 91.08811122868224, 0.0, 0.0, 0.0
-0.0, 1.1416150741231803, -0.0, 91.14161507412318, 0.0, 0.0, 0.0
-0.0, 1.1966299658323203, -0.0, 91.19662996583232, 0.0, 0.0, 0.0
-0.0, 1.2531628803882597, -0.0, 91.25316288038826, 0.0, 0.0, 0.0
-0.0, 1.311220224, -0.0, 91.311220224, 0.0, 0.0, 0.0
-0.0, 1.3708078377557398, -0.0, 91.37080783775573, 0.0, 0.0, 0.0
-0.0, 1.43193100287168, -0.0, 91.43193100287168, 0.0, 0.0, 0.0
-0.0, 1.49459444594082, -0.0, 91.49459444594082, 0.0, 0.0, 0.0
-0.0, 1.5588023441817602, -0.0, 91.55880234418176, 0.0, 0.0, 0.0
-0.0, 1.6245583306874998, -0.0, 91.6245583306875, 0.0, 0.0, 0.0
-0.0, 1.69186549967424, -0.0, 91.69186549967424, 0.0, 0.0, 0.0
-0.0, 1.7607264117301806, -0.0, 91.76072641173018, 0.0, 0.0, 0.0
-0.0, 1.8311430990643207, -0.0, 91.83114309906432, 0.0, 0.0, 0.0
-0.0, 1.9031170707552607, -0.0, 91.90311707075526, 0.0, 0.0, 0.0
-0.0, 1.9766493179999993, -0.0, 91.976649318, 0.0, 0.0, 0.0
-0.0, 2.05174031936274, -0.0, 92.05174031936274, 0.0, 0.0, 0.0
-0.0, 2.12839004602368, -0.0, 92.12839004602368, 0.0, 0.0, 0.0
-0.0, 2.2065979670278195, -0.0, 92.20659796702782, 0.0, 0.0, 0.0
-0.0, 2.2863630545337603, -0.0, 92.28636305453377, 0.0, 0.0, 0.0
-0.0, 2.3676837890625, -0.0, 92.3676837890625, 0.0, 0.0, 0.0
-0.0, 2.45055816474624, -0.0, 92.45055816474624, 0.0, 0.0, 0.0
-0.0, 2.534983694577181, -0.0, 92.53498369457718, 0.0, 0.0, 0.0
-0.0, 2.6209574156563207, -0.0, 92.62095741565632, 0.0, 0.0, 0.0
-0.0, 2.7084758944422602, -0.0, 92.70847589444226, 0.0, 0.0, 0.0
-0.0, 2.797535231999999, -0.0, 92.797535232, 0.0, 0.0, 0.0
-0.0, 2.8881310692497393, -0.0, 92.88813106924974, 0.0, 0.0, 0.0
-0.0, 2.9802585922156806, -0.0, 92.98025859221568, 0.0, 0.0, 0.0
-0.0, 3.0739125372748197, -0.0, 93.07391253727482, 0.0, 0.0, 0.0
-0.0, 3.1690871964057603, -0.0, 93.16908719640575, 0.0, 0.0, 0.0
-0.0, 3.2657764224375008, -0.0, 93.2657764224375, 0.0, 0.0, 0.0
-0.0, 3.36397363429824, -0.0, 93.36397363429823, 0.0, 0.0, 0.0
-0.0, 3.4636718222641805, -0.0, 93.46367182226417, 0.0, 0.0, 0.0
-0.0, 3.5648635532083204, -0.0, 93.56486355320833, 0.0, 0.0, 0.0
-0.0, 3.6675409758492603, -0.0, 93.66754097584926, 0.0, 0.0, 0.0
-0.0, 3.7716958259999998, -0.0, 93.771695826, 0.0, 0.0, 0.0
-0.0, 3.8773194318167405, -0.0, 93.87731943181674, 0.0, 0.0, 0.0
-0.0, 3.9844027190476816, -0.0, 93.98440271904768, 0.0, 0.0, 0.0
-0.0, 4.092936216281822, -0.0, 94.09293621628183, 0.0, 0.0, 0.0
-0.0, 4.20291006019776, -0.0, 94.20291006019777, 0.0, 0.0, 0.0
-0.0, 4.314314000812501, -0.0, 94.3143140008125, 0.0, 0.0, 0.0
-0.0, 4.427137406730242, -0.0, 94.42713740673024, 0.0, 0.0, 0.0
-0.0, 4.541369270391179, -0.0, 94.54136927039119, 0.0, 0.0, 0.0
-0.0, 4.65699821332032, -0.0, 94.65699821332032, 0.0, 0.0, 0.0
-0.0, 4.77401249137626, -0.0, 94.77401249137625, 0.0, 0.0, 0.0
-0.0, 4.8924, -0.0, 94.8924, 0.0, 0.0, 0.0
-0.0, 5.01214827946374, -0.0, 95.01214827946374, 0.0, 0.0, 0.0
-0.0, 5.133244520119679, -0.0, 95.13324452011967, 0.0, 0.0, 0.0
-0.0, 5.2556755676488205, -0.0, 95.25567556764882, 0.0, 0.0, 0.0
-0.0, 5.379427928309761, -0.0, 95.37942792830977, 0.0, 0.0, 0.0
-0.0, 5.504487774187499, -0.0, 95.5044877741875, 0.0, 0.0, 0.0
-0.0, 5.6308409484422395, -0.0, 95.63084094844224, 0.0, 0.0, 0.0
-0.0, 5.75847297055818, -0.0, 95.75847297055817, 0.0, 0.0, 0.0
-0.0, 5.887369041592319, -0.0, 95.88736904159232, 0.0, 0.0, 0.0
-0.0, 6.01751404942326, -0.0, 96.01751404942326, 0.0, 0.0, 0.0
-0.0, 6.1488925739999996, -0.0, 96.148892574, 0.0, 0.0, 0.0
-0.0, 6.281488892590742, -0.0, 96.28148889259074, 0.0, 0.0, 0.0
-0.0, 6.41528698503168, -0.0, 96.41528698503168, 0.0, 0.0, 0.0
-0.0, 6.550270538975821, -0.0, 96.55027053897582, 0.0, 0.0, 0.0
-0.0, 6.6864229551417615, -0.0, 96.68642295514177, 0.0, 0.0, 0.0
-0.0, 6.823727352562503, -0.0, 96.8237273525625, 0.0, 0.0, 0.0
-0.0, 6.962166573834242, -0.0, 96.96216657383424, 0.0, 0.0, 0.0
-0.0, 7.101723190365181, -0.0, 97.10172319036518, 0.0, 0.0, 0.0
-0.0, 7.242379507624319, -0.0, 97.24237950762432, 0.0, 0.0, 0.0
-0.0, 7.38411757039026, -0.0, 97.38411757039026, 0.0, 0.0, 0.0
-0.0, 7.526919167999999, -0.0, 97.526919168, 0.0, 0.0, 0.0
-0.0, 7.670765839597739, -0.0, 97.67076583959773, 0.0, 0.0, 0.0
-0.0, 7.815638879383679, -0.0, 97.81563887938368, 0.0, 0.0, 0.0
-0.0, 7.961519341862819, -0.0, 97.96151934186283, 0.0, 0.0, 0.0
-0.0, 8.10838804709376, -0.0, 98.10838804709375, 0.0, 0.0, 0.0
-0.0, 8.2562255859375, -0.0, 98.2562255859375, 0.0, 0.0, 0.0
-0.0, 8.405012325306238, -0.0, 98.40501232530625, 0.0, 0.0, 0.0
-0.0, 8.554728413412182, -0.0, 98.55472841341218, 0.0, 0.0, 0.0
-0.0, 8.705353785016321, -0.0, 98.70535378501631, 0.0, 0.0, 0.0
-0.0, 8.85686816667726, -0.0, 98.85686816667726, 0.0, 0.0, 0.0
-0.0, 9.009251081999999, -0.0, 99.00925108199999, 0.0, 0.0, 0.0
-0.0, 9.16248185688474, -0.0, 99.16248185688474, 0.0, 0.0, 0.0
-0.0, 9.316539624775679, -0.0, 99.31653962477569, 0.0, 0.0, 0.0
-0.0, 9.471403331909825, -0.0, 99.47140333190983, 0.0, 0.0, 0.0
-0.0, 9.627051742565763, -0.0, 99.62705174256577, 0.0, 0.0, 0.0
-0.0, 9.7834634443125, -0.0, 99.7834634443125, 0.0, 0.0, 0.0
-0.0, 9.940616853258245, -0.0, 99.94061685325825, 0.0, 0.0, 0.0
-0.0, 10.09849021929918, -0.0, 100.09849021929918, 0.0, 0.0, 0.0
-0.0, 10.257061631368325, -0.0, 100.25706163136833, 0.0, 0.0, 0.0
-0.0, 10.41630902268426, -0.0, 100.41630902268426, 0.0, 0.0, 0.0
-0.0, 10.576210175999996, -0.0, 100.57621017599999, 0.0, 0.0, 0.0
-0.0, 10.73674272885174, -0.0, 100.73674272885174, 0.0, 0.0, 0.0
-0.0, 10.89788417880768, -0.0, 100.89788417880769, 0.0, 0.0, 0.0
-0.0, 11.059611888716818, -0.0, 101.05961188871682, 0.0, 0.0, 0.0
-0.0, 11.221903091957756, -0.0, 101.22190309195776, 0.0, 0.0, 0.0
-0.0, 11.384734897687498, -0.0, 101.3847348976875, 0.0, 0.0, 0.0
-0.0, 11.548084296090236, -0.0, 101.54808429609024, 0.0, 0.0, 0.0
-0.0, 11.711928163626176, -0.0, 101.71192816362617, 0.0, 0.0, 0.0
-0.0, 11.876243268280321, -0.0, 101.87624326828032, 0.0, 0.0, 0.0
-0.0, 12.041006274811263, -0.0, 102.04100627481127, 0.0, 0.0, 0.0
-0.0, 12.206193750000002, -0.0, 102.20619375, 0.0, 0.0, 0.0
-0.0, 12.371782167898742, -0.0, 102.37178216789874, 0.0, 0.0, 0.0
-0.0, 12.537747915079683, -0.0, 102.53774791507968, 0.0, 0.0, 0.0
-0.0, 12.704067295883817, -0.0, 102.70406729588382, 0.0, 0.0, 0.0
-0.0, 12.870716537669765, -0.0, 102.87071653766976, 0.0, 0.0, 0.0
-0.0, 13.037671796062497, -0.0, 103.0376717960625, 0.0, 0.0, 0.0
-0.0, 13.204909160202241, -0.0, 103.20490916020225, 0.0, 0.0, 0.0
-0.0, 13.372404657993183, -0.0, 103.37240465799319, 0.0, 0.0, 0.0
-0.0, 13.540134261352325, -0.0, 103.54013426135232, 0.0, 0.0, 0.0
-0.0, 13.708073891458264, -0.0, 103.70807389145827, 0.0, 0.0, 0.0
-0.0, 13.876199423999996, -0.0, 103.87619942399999, 0.0, 0.0, 0.0
-0.0, 14.044486694425736, -0.0, 104.04448669442573, 0.0, 0.0, 0.0
-0.0, 14.212911503191677, -0.0, 104.21291150319168, 0.0, 0.0, 0.0
-0.0, 14.381449621010816, -0.0, 104.38144962101082, 0.0, 0.0, 0.0
-0.0, 14.550076794101763, -0.0, 104.55007679410176, 0.0, 0.0, 0.0
-0.0, 14.718768749437501, -0.0, 104.7187687494375, 0.0, 0.0, 0.0
-0.0, 14.88750119999424, -0.0, 104.88750119999423, 0.0, 0.0, 0.0
-0.0, 15.056249850000174, -0.0, 105.05624985000017, 0.0, 0.0, 0.0
-0.0, 15.224990400184321, -0.0, 105.22499040018432, 0.0, 0.0, 0.0
-0.0, 15.393698553025256, -0.0, 105.39369855302526, 0.0, 0.0, 0.0
-0.0, 15.562350018000004, -0.0, 105.562350018, 0.0, 0.0, 0.0
-0.0, 15.730920516832732, -0.0, 105.73092051683273, 0.0, 0.0, 0.0
-0.0, 15.899385788743682, -0.0, 105.89938578874369, 0.0, 0.0, 0.0
-0.0, 16.067721595697815, -0.0, 106.06772159569782, 0.0, 0.0, 0.0
-0.0, 16.235903727653763, -0.0, 106.23590372765376, 0.0, 0.0, 0.0
-0.0, 16.403908007812497, -0.0, 106.4039080078125, 0.0, 0.0, 0.0
-0.0, 16.57171029786624, -0.0, 106.57171029786625, 0.0, 0.0, 0.0
-0.0, 16.739286503247186, -0.0, 106.73928650324719, 0.0, 0.0, 0.0
-0.0, 16.906612578376322, -0.0, 106.90661257837633, 0.0, 0.0, 0.0
-0.0, 17.073664531912257, -0.0, 107.07366453191226, 0.0, 0.0, 0.0
-0.0, 17.240418432, -0.0, 107.240418432, 0.0, 0.0, 0.0
-0.0, 17.40685041151975, -0.0, 107.40685041151974, 0.0, 0.0, 0.0
-0.0, 17.572936673335683, -0.0, 107.57293667333568, 0.0, 0.0, 0.0
-0.0, 17.738653495544817, -0.0, 107.73865349554481, 0.0, 0.0, 0.0
-0.0, 17.903977236725765, -0.0, 107.90397723672577, 0.0, 0.0, 0.0
-0.0, 18.0688843411875, -0.0, 108.0688843411875, 0.0, 0.0, 0.0
-0.0, 18.233351344218253, -0.0, 108.23335134421825, 0.0, 0.0, 0.0
-0.0, 18.397354877334188, -0.0, 108.39735487733418, 0.0, 0.0, 0.0
-0.0, 18.56087167352831, -0.0, 108.56087167352831, 0.0, 0.0, 0.0
-0.0, 18.72387857251926, -0.0, 108.72387857251925, 0.0, 0.0, 0.0
-0.0, 18.886352525999996, -0.0, 108.886352526, 0.0, 0.0, 0.0
-0.0, 19.04827060288673, -0.0, 109.04827060288673, 0.0, 0.0, 0.0
-0.0, 19.20960999456768, -0.0, 109.20960999456767, 0.0, 0.0, 0.0
-0.0, 19.370348020151816, -0.0, 109.37034802015182, 0.0, 0.0, 0.0
-0.0, 19.530462131717755, -0.0, 109.53046213171775, 0.0, 0.0, 0.0
-0.0, 19.689929919562495, -0.0, 109.6899299195625, 0.0, 0.0, 0.0
-0.0, 19.84872911745024, -0.0, 109.84872911745023, 0.0, 0.0, 0.0
-0.0, 20.006837607861176, -0.0, 110.00683760786117, 0.0, 0.0, 0.0
-0.0, 20.16423342724032, -0.0, 110.16423342724032, 0.0, 0.0, 0.0
-0.0, 20.320894771246262, -0.0, 110.32089477124626, 0.0, 0.0, 0.0
-0.0, 20.476799999999994, -0.0, 110.4768, 0.0, 0.0, 0.0
-0.0, 20.63192764333374, -0.0, 110.63192764333374, 0.0, 0.0, 0.0
-0.0, 20.786256406039683, -0.0, 110.78625640603968, 0.0, 0.0, 0.0
-0.0, 20.939765173118822, -0.0, 110.93976517311881, 0.0, 0.0, 0.0
-0.0, 21.092433015029755, -0.0, 111.09243301502975, 0.0, 0.0, 0.0
-0.0, 21.244239192937492, -0.0, 111.2442391929375, 0.0, 0.0, 0.0
-0.0, 21.39516316396224, -0.0, 111.39516316396224, 0.0, 0.0, 0.0
-0.0, 21.545184586428192, -0.0, 111.54518458642819, 0.0, 0.0, 0.0
-0.0, 21.694283325112334, -0.0, 111.69428332511234, 0.0, 0.0, 0.0
-0.0, 21.842439456493263, -0.0, 111.84243945649327, 0.0, 0.0, 0.0
-0.0, 21.98963327399999, -0.0, 111.98963327399998, 0.0, 0.0, 0.0
-0.0, 22.13584529326073, -0.0, 112.13584529326073, 0.0, 0.0, 0.0
-0.0, 22.28105625735168, -0.0, 112.28105625735168, 0.0, 0.0, 0.0
-0.0, 22.425247142045833, -0.0, 112.42524714204583, 0.0, 0.0, 0.0
-0.0, 22.568399161061755, -0.0, 112.56839916106176, 0.0, 0.0, 0.0
-0.0, 22.710493771312503, -0.0, 112.7104937713125, 0.0, 0.0, 0.0
-0.0, 22.85151267815423, -0.0, 112.85151267815422, 0.0, 0.0, 0.0
-0.0, 22.99143784063518, -0.0, 112.99143784063517, 0.0, 0.0, 0.0
-0.0, 23.13025147674432, -0.0, 113.13025147674432, 0.0, 0.0, 0.0
-0.0, 23.26793606866026, -0.0, 113.26793606866026, 0.0, 0.0, 0.0
-0.0, 23.404474367999992, -0.0, 113.404474368, 0.0, 0.0, 0.0
-0.0, 23.539849401067734, -0.0, 113.53984940106773, 0.0, 0.0, 0.0
-0.0, 23.674044474103688, -0.0, 113.67404447410368, 0.0, 0.0, 0.0
-0.0, 23.807043178532815, -0.0, 113.80704317853281, 0.0, 0.0, 0.0
-0.0, 23.938829396213755, -0.0, 113.93882939621375, 0.0, 0.0, 0.0
-0.0, 24.0693873046875, -0.0, 114.0693873046875, 0.0, 0.0, 0.0
-0.0, 24.19870138242624, -0.0, 114.19870138242624, 0.0, 0.0, 0.0
-0.0, 24.326756414082187, -0.0, 114.32675641408218, 0.0, 0.0, 0.0
-0.0, 24.45353749573633, -0.0, 114.45353749573633, 0.0, 0.0, 0.0
-0.0, 24.579030040147266, -0.0, 114.57903004014727, 0.0, 0.0, 0.0
-0.0, 24.70321978200002, -0.0, 114.70321978200002, 0.0, 0.0, 0.0
-0.0, 24.826092783154746, -0.0, 114.82609278315475, 0.0, 0.0, 0.0
-0.0, 24.947635437895688, -0.0, 114.94763543789568, 0.0, 0.0, 0.0
-0.0, 25.06783447817982, -0.0, 115.06783447817982, 0.0, 0.0, 0.0
-0.0, 25.186676978885757, -0.0, 115.18667697888576, 0.0, 0.0, 0.0
-0.0, 25.30415036306251, -0.0, 115.30415036306252, 0.0, 0.0, 0.0
-0.0, 25.420242407178243, -0.0, 115.42024240717825, 0.0, 0.0, 0.0
-0.0, 25.534941246369193, -0.0, 115.53494124636919, 0.0, 0.0, 0.0
-0.0, 25.648235379688323, -0.0, 115.64823537968832, 0.0, 0.0, 0.0
-0.0, 25.760113675354248, -0.0, 115.76011367535425, 0.0, 0.0, 0.0
-0.0, 25.870565376000002, -0.0, 115.870565376, 0.0, 0.0, 0.0
-0.0, 25.97958010392174, -0.0, 115.97958010392173, 0.0, 0.0, 0.0
-0.0, 26.087147866327676, -0.0, 116.08714786632768, 0.0, 0.0, 0.0
-0.0, 26.193259060586797, -0.0, 116.1932590605868, 0.0, 0.0, 0.0
-0.0, 26.297904479477744, -0.0, 116.29790447947775, 0.0, 0.0, 0.0
-0.0, 26.401075316437513, -0.0, 116.40107531643751, 0.0, 0.0, 0.0
-0.0, 26.502763170810226, -0.0, 116.50276317081023, 0.0, 0.0, 0.0
-0.0, 26.60296005309617, -0.0, 116.60296005309617, 0.0, 0.0, 0.0
-0.0, 26.701658390200308, -0.0, 116.70165839020031, 0.0, 0.0, 0.0
-0.0, 26.798851030681256, -0.0, 116.79885103068125, 0.0, 0.0, 0.0
-0.0, 26.89453125, -0.0, 116.89453125, 0.0, 0.0, 0.0
-0.0, 26.988692755768724, -0.0, 116.98869275576872, 0.0, 0.0, 0.0
-0.0, 27.081329692999667, -0.0, 117.08132969299967, 0.0, 0.0, 0.0
-0.0, 27.1724366493538, -0.0, 117.1724366493538, 0.0, 0.0, 0.0
-0.0, 27.262008660389768, -0.0, 117.26200866038977, 0.0, 0.0, 0.0
-0.0, 27.35004121481252, -0.0, 117.35004121481252, 0.0, 0.0, 0.0
-0.0, 27.436530259722254, -0.0, 117.43653025972225, 0.0, 0.0, 0.0
-0.0, 27.521472205863176, -0.0, 117.52147220586318, 0.0, 0.0, 0.0
-0.0, 27.604863932872327, -0.0, 117.60486393287232, 0.0, 0.0, 0.0
-0.0, 27.686702794528244, -0.0, 117.68670279452824, 0.0, 0.0, 0.0
-0.0, 27.76698662399997, -0.0, 117.76698662399997, 0.0, 0.0, 0.0
-0.0, 27.84571373909573, -0.0, 117.84571373909573, 0.0, 0.0, 0.0
-0.0, 27.922882947511674, -0.0, 117.92288294751168, 0.0, 0.0, 0.0
-0.0, 27.99849355208083, -0.0, 117.99849355208083, 0.0, 0.0, 0.0
-0.0, 28.07254535602175, -0.0, 118.07254535602175, 0.0, 0.0, 0.0
-0.0, 28.14503866818751, -0.0, 118.14503866818751, 0.0, 0.0, 0.0
-0.0, 28.215974308314266, -0.0, 118.21597430831426, 0.0, 0.0, 0.0
-0.0, 28.2853536122702, -0.0, 118.2853536122702, 0.0, 0.0, 0.0
-0.0, 28.35317843730435, -0.0, 118.35317843730435, 0.0, 0.0, 0.0
-0.0, 28.41945116729528, -0.0, 118.41945116729528, 0.0, 0.0, 0.0
-0.0, 28.484174718, -0.0, 118.48417471799999, 0.0, 0.0, 0.0
-0.0, 28.547352542302775, -0.0, 118.54735254230278, 0.0, 0.0, 0.0
-0.0, 28.608988635463703, -0.0, 118.6089886354637, 0.0, 0.0, 0.0
-0.0, 28.669087540367826, -0.0, 118.66908754036783, 0.0, 0.0, 0.0
-0.0, 28.727654352773754, -0.0, 118.72765435277375, 0.0, 0.0, 0.0
-0.0, 28.784694726562506, -0.0, 118.7846947265625, 0.0, 0.0, 0.0
-0.0, 28.84021487898626, -0.0, 118.84021487898626, 0.0, 0.0, 0.0
-0.0, 28.89422159591716, -0.0, 118.89422159591716, 0.0, 0.0, 0.0
-0.0, 28.94672223709634, -0.0, 118.94672223709634, 0.0, 0.0, 0.0
-0.0, 28.997724741382257, -0.0, 118.99772474138226, 0.0, 0.0, 0.0
-0.0, 29.047237631999963, -0.0, 119.04723763199996, 0.0, 0.0, 0.0
-0.0, 29.095270021789744, -0.0, 119.09527002178974, 0.0, 0.0, 0.0
-0.0, 29.141831618455697, -0.0, 119.1418316184557, 0.0, 0.0, 0.0
-0.0, 29.186932729814828, -0.0, 119.18693272981483, 0.0, 0.0, 0.0
-0.0, 29.230584269045764, -0.0, 119.23058426904576, 0.0, 0.0, 0.0
-0.0, 29.272797759937504, -0.0, 119.2727977599375, 0.0, 0.0, 0.0
-0.0, 29.313585342138225, -0.0, 119.31358534213823, 0.0, 0.0, 0.0
-0.0, 29.352959776404163, -0.0, 119.35295977640416, 0.0, 0.0, 0.0
-0.0, 29.390934449848288, -0.0, 119.39093444984829, 0.0, 0.0, 0.0
-0.0, 29.427523381189275, -0.0, 119.42752338118927, 0.0, 0.0, 0.0
-0.0, 29.46274122599999, -0.0, 119.46274122599999, 0.0, 0.0, 0.0
-0.0, 29.496603281956723, -0.0, 119.49660328195672, 0.0, 0.0, 0.0
-0.0, 29.529125494087637, -0.0, 119.52912549408764, 0.0, 0.0, 0.0
-0.0, 29.560324460021803, -0.0, 119.5603244600218, 0.0, 0.0, 0.0
-0.0, 29.59021743523772, -0.0, 119.59021743523772, 0.0, 0.0, 0.0
-0.0, 29.618822338312484, -0.0, 119.61882233831248, 0.0, 0.0, 0.0
-0.0, 29.64615775617024, -0.0, 119.64615775617024, 0.0, 0.0, 0.0
-0.0, 29.672242949331178, -0.0, 119.67224294933118, 0.0, 0.0, 0.0
-0.0, 29.697097857160358, -0.0, 119.69709785716036, 0.0, 0.0, 0.0
-0.0, 29.720743103116263, -0.0, 119.72074310311626, 0.0, 0.0, 0.0
-0.0, 29.74320000000003, -0.0, 119.74320000000003, 0.0, 0.0, 0.0
-0.0, 29.764490555203736, -0.0, 119.76449055520374, 0.0, 0.0, 0.0
-0.0, 29.7846374759597, -0.0, 119.7846374759597, 0.0, 0.0, 0.0
-0.0, 29.803664174588846, -0.0, 119.80366417458885, 0.0, 0.0, 0.0
-0.0, 29.82159477374978, -0.0, 119.82159477374978, 0.0, 0.0, 0.0
-0.0, 29.838454111687497, -0.0, 119.8384541116875, 0.0, 0.0, 0.0
-0.0, 29.854267747482197, -0.0, 119.8542677474822, 0.0, 0.0, 0.0
-0.0, 29.869061966298162, -0.0, 119.86906196629816, 0.0, 0.0, 0.0
-0.0, 29.882863784632377, -0.0, 119.88286378463238, 0.0, 0.0, 0.0
-0.0, 29.895700955563242, -0.0, 119.89570095556324, 0.0, 0.0, 0.0
-0.0, 29.90760197399996, -0.0, 119.90760197399996, 0.0, 0.0, 0.0
-0.0, 29.91859608193073, -0.0, 119.91859608193073, 0.0, 0.0, 0.0
-0.0, 29.92871327367166, -0.0, 119.92871327367166, 0.0, 0.0, 0.0
-0.0, 29.937984301115847, -0.0, 119.93798430111585, 0.0, 0.0, 0.0
-0.0, 29.946440678981787, -0.0, 119.94644067898179, 0.0, 0.0, 0.0
-0.0, 29.95411469006251, -0.0, 119.95411469006251, 0.0, 0.0, 0.0
-0.0, 29.96103939047427, -0.0, 119.96103939047427, 0.0, 0.0, 0.0
-0.0, 29.967248614905202, -0.0, 119.9672486149052, 0.0, 0.0, 0.0
-0.0, 29.972776981864342, -0.0, 119.97277698186434, 0.0, 0.0, 0.0
-0.0, 29.977659898930227, -0.0, 119.97765989893023, 0.0, 0.0, 0.0
-0.0, 29.981933567999988, -0.0, 119.98193356799999, 0.0, 0.0, 0.0
-0.0, 29.985634990537676, -0.0, 119.98563499053768, 0.0, 0.0, 0.0
-0.0, 29.988801972823666, -0.0, 119.98880197282367, 0.0, 0.0, 0.0
-0.0, 29.99147313120281, -0.0, 119.99147313120281, 0.0, 0.0, 0.0
-0.0, 29.99368789733373, -0.0, 119.99368789733373, 0.0, 0.0, 0.0
-0.0, 29.995486523437478, -0.0, 119.99548652343748, 0.0, 0.0, 0.0
-0.0, 29.996910087546183, -0.0, 119.99691008754618, 0.0, 0.0, 0.0
-0.0, 29.998000498752162, -0.0, 119.99800049875216, 0.0, 0.0, 0.0
-0.0, 29.998800502456362, -0.0, 119.99880050245636, 0.0, 0.0, 0.0
-0.0, 29.999353685617194, -0.0, 119.9993536856172, 0.0, 0.0, 0.0
-0.0, 29.999704482, -0.0, 119.999704482, 0.0, 0.0, 0.0
-0.0, 29.99989817742474, -0.0, 119.99989817742474, 0.0, 0.0, 0.0
-0.0, 29.99998091501567, -0.0, 119.99998091501567, 0.0, 0.0, 0.0
-0.0, 29.99999970044982, -0.0, 119.99999970044982, 0.0, 0.0, 0.0
-7.178417280000001e-06, 29.999999733599928, -0.0, 120.00000017760004, 0.0, 0.0, 0.0
-0.00011165793750000003, 29.999995843743054, -0.0, 120.00000277083797, 0.0, 0.0, 0.0
-0.00045528809472000005, 29.99998300152718, -0.0, 120.00001133231521, 0.0, 0.0, 0.0
-0.0011782216175399997, 29.99995587699211, -0.0, 120.00002941533859, 0.0, 0.0, 0.0
-0.00241802882496, 29.999909172404834, -0.0, 120.00006055173012, 0.0, 0.0, 0.0
-0.004309713372780001, 29.999837622194764, -0.0, 120.00010825187016, 0.0, 0.0, 0.0
-0.006985728000000002, 29.999735992888887, -0.0, 120.00017600474074, 0.0, 0.0, 0.0
-0.01057599027522, 29.999599083047016, -0.0, 120.00026727796866, 0.0, 0.0, 0.0
-0.015207898343040005, 29.999421723196942, -0.0, 120.00038551786871, 0.0, 0.0, 0.0
-0.021006346670460006, 29.999198775769667, -0.0, 120.0005341494869, 0.0, 0.0, 0.0
-0.028093741793280003, 29.998925135034597, -0.0, 120.0007165766436, 0.0, 0.0, 0.0
-0.036590018062500014, 29.998595727034722, -0.0, 120.00093618197685, 0.0, 0.0, 0.0
-0.04661265339072, 29.998205509521853, -0.0, 120.00119632698544, 0.0, 0.0, 0.0
-0.05827668499854001, 29.997749471891773, -0.0, 120.00150035207216, 0.0, 0.0, 0.0
-0.07169472516095998, 29.9972226351195, -0.0, 120.001851576587, 0.0, 0.0, 0.0
-0.08697697695378, 29.99662005169443, -0.0, 120.00225329887039, 0.0, 0.0, 0.0
-0.10423125000000003, 29.995936805555555, -0.0, 120.00270879629629, 0.0, 0.0, 0.0
-0.12356297621621998, 29.995168012026685, -0.0, 120.00322132531554, 0.0, 0.0, 0.0
-0.14507522555904, 29.994308817751612, -0.0, 120.00379412149893, 0.0, 0.0, 0.0
-0.16886872177146003, 29.993354400629336, -0.0, 120.00443039958044, 0.0, 0.0, 0.0
-0.19504185812928002, 29.99229996974926, -0.0, 120.0051333535005, 0.0, 0.0, 0.0
-0.2236907131875, 29.99114076532639, -0.0, 120.00590615644907, 0.0, 0.0, 0.0
-0.25490906652672, 29.989872058636514, -0.0, 120.00675196090899, 0.0, 0.0, 0.0
-0.28878841449954007, 29.98848915195144, -0.0, 120.00767389869904, 0.0, 0.0, 0.0
-0.32541798597696, 29.986987378474172, -0.0, 120.00867508101723, 0.0, 0.0, 0.0
-0.36488475809477994, 29.985362102274095, -0.0, 120.00975859848393, 0.0, 0.0, 0.0
-0.4072734720000001, 29.98360871822222, -0.0, 120.01092752118518, 0.0, 0.0, 0.0
-0.4526666485972201, 29.98172265192635, -0.0, 120.01218489871576, 0.0, 0.0, 0.0
-0.50114460429504, 29.979699359666277, -0.0, 120.01353376022249, 0.0, 0.0, 0.0
-0.5527854667524601, 29.977534328329003, -0.0, 120.01497711444733, 0.0, 0.0, 0.0
-0.60766519062528, 29.975223075343926, -0.0, 120.01651794977072, 0.0, 0.0, 0.0
-0.6658575733125001, 29.972761148618055, -0.0, 120.01815923425463, 0.0, 0.0, 0.0
-0.72743427070272, 29.970144126471183, -0.0, 120.01990391568589, 0.0, 0.0, 0.0
-0.79246481292054, 29.96736761757111, -0.0, 120.02175492161926, 0.0, 0.0, 0.0
-0.8610166200729604, 29.964427260868835, -0.0, 120.02371515942077, 0.0, 0.0, 0.0
-0.9331550179957799, 29.96131872553376, -0.0, 120.02578751631083, 0.0, 0.0, 0.0
-1.008943254, 29.958037710888892, -0.0, 120.02797485940741, 0.0, 0.0, 0.0
-1.08844251261822, 29.954579946346012, -0.0, 120.03028003576932, 0.0, 0.0, 0.0
-1.1717119313510402, 29.95094119134094, -0.0, 120.03270587243938, 0.0, 0.0, 0.0
-1.2588086164134602, 29.947117235268667, -0.0, 120.03525517648755, 0.0, 0.0, 0.0
-1.34978765848128, 29.9431038974186, -0.0, 120.03793073505426, 0.0, 0.0, 0.0
-1.4447021484375, 29.93889702690972, -0.0, 120.04073531539352, 0.0, 0.0, 0.0
-1.54360319311872, 29.934492502625847, -0.0, 120.0436716649161, 0.0, 0.0, 0.0
-1.64653993106154, 29.929886233150775, -0.0, 120.04674251123282, 0.0, 0.0, 0.0
-1.7535595482489605, 29.925074156703502, -0.0, 120.04995056219767, 0.0, 0.0, 0.0
-1.8647072938567804, 29.92005224107343, -0.0, 120.05329850595105, 0.0, 0.0, 0.0
-1.9800264960000005, 29.914816483555555, -0.0, 120.05678901096296, 0.0, 0.0, 0.0
-2.0995585774792214, 29.90936291088568, -0.0, 120.0604247260762, 0.0, 0.0, 0.0
-2.2233430715270392, 29.90368757917561, -0.0, 120.0642082805496, 0.0, 0.0, 0.0
-2.3514176375544604, 29.897786573848336, -0.0, 120.0681422841011, 0.0, 0.0, 0.0
-2.48381807689728, 29.89165600957326, -0.0, 120.07222932695116, 0.0, 0.0, 0.0
-2.6205783485625003, 29.88529203020139, -0.0, 120.07647197986574, 0.0, 0.0, 0.0
-2.76173058497472, 29.87869080870052, -0.0, 120.08087279419965, 0.0, 0.0, 0.0
-2.90730510772254, 29.871848547090444, -0.0, 120.0854343019397, 0.0, 0.0, 0.0
-3.0573304433049606, 29.864761476378167, -0.0, 120.09015901574789, 0.0, 0.0, 0.0
-3.2118333388777804, 29.857425856493094, -0.0, 120.0950494290046, 0.0, 0.0, 0.0
-3.3708387780000004, 29.84983797622222, -0.0, 120.10010801585184, 0.0, 0.0, 0.0
-3.534369996380221, 29.84199415314535, -0.0, 120.10533723123643, 0.0, 0.0, 0.0
-3.7024484976230396, 29.833890733570275, -0.0, 120.11073951095315, 0.0, 0.0, 0.0
-3.875094068975459, 29.825524092468, -0.0, 120.11631727168799, 0.0, 0.0, 0.0
-4.052324797073279, 29.81689063340793, -0.0, 120.12207291106138, 0.0, 0.0, 0.0
-4.234157083687499, 29.807986788493057, -0.0, 120.12800880767129, 0.0, 0.0, 0.0
-4.42060566147072, 29.798809018295184, -0.0, 120.13412732113655, 0.0, 0.0, 0.0
-4.61168360970354, 29.789353811790107, -0.0, 120.14043079213992, 0.0, 0.0, 0.0
-4.807402370040961, 29.779617686292838, -0.0, 120.14692154247145, 0.0, 0.0, 0.0
-5.0077717622587805, 29.769597187392762, -0.0, 120.15360187507149, 0.0, 0.0, 0.0
-5.2128000000000005, 29.75928888888889, -0.0, 120.16047407407407, 0.0, 0.0, 0.0
-5.422493706521221, 29.748689392725016, -0.0, 120.16754040484999, 0.0, 0.0, 0.0
-5.636857930439041, 29.737795328924943, -0.0, 120.17480311405004, 0.0, 0.0, 0.0
-5.85589616147646, 29.726603355527672, -0.0, 120.18226442964821, 0.0, 0.0, 0.0
-6.079610346209279, 29.715110158522595, -0.0, 120.18992656098493, 0.0, 0.0, 0.0
-6.308000903812499, 29.70331245178472, -0.0, 120.19779169881019, 0.0, 0.0, 0.0
-6.541066741806721, 29.69120697700985, -0.0, 120.20586201532677, 0.0, 0.0, 0.0
-6.77880527180454, 29.678790503649775, -0.0, 120.21413966423349, 0.0, 0.0, 0.0
-7.02121242525696, 29.6660598288475, -0.0, 120.22262678076834, 0.0, 0.0, 0.0
-7.26828266919978, 29.653011777372427, -0.0, 120.23132548175171, 0.0, 0.0, 0.0
-7.520009022, 29.639643201555558, -0.0, 120.24023786562964, 0.0, 0.0, 0.0
-7.776383069102222, 29.625950981224683, -0.0, 120.24936601251687, 0.0, 0.0, 0.0
-8.03739497877504, 29.61193202363961, -0.0, 120.25871198424026, 0.0, 0.0, 0.0
-8.303033517857463, 29.59758326342733, -0.0, 120.26827782438178, 0.0, 0.0, 0.0
-8.573286067505279, 29.582901662517262, -0.0, 120.27806555832183, 0.0, 0.0, 0.0
-8.848138638937499, 29.56788421007639, -0.0, 120.2880771932824, 0.0, 0.0, 0.0
-9.127575889182719, 29.55252792244452, -0.0, 120.29831471837032, 0.0, 0.0, 0.0
-9.411581136825541, 29.53682984306944, -0.0, 120.30878010462037, 0.0, 0.0, 0.0
-9.70013637775296, 29.52078704244217, -0.0, 120.31947530503855, 0.0, 0.0, 0.0
-9.99322230090078, 29.504396618032093, -0.0, 120.33040225464526, 0.0, 0.0, 0.0
-10.290818304, 29.48765569422222, -0.0, 120.34156287051852, 0.0, 0.0, 0.0
-10.592902509323222, 29.470561422244348, -0.0, 120.3529590518371, 0.0, 0.0, 0.0
-10.89945177943104, 29.45311098011428, -0.0, 120.36459267992382, 0.0, 0.0, 0.0
-11.210441732918465, 29.435301572567, -0.0, 120.37646561828866, 0.0, 0.0, 0.0
-11.525846760161281, 29.41713043099193, -0.0, 120.38857971267205, 0.0, 0.0, 0.0
-11.845640039062502, 29.398594813368053, -0.0, 120.40093679108796, 0.0, 0.0, 0.0
-12.16979355079872, 29.379692004199185, -0.0, 120.41353866386721, 0.0, 0.0, 0.0
-12.498278095566542, 29.36041931444911, -0.0, 120.4263871237006, 0.0, 0.0, 0.0
-12.831063308328961, 29.340774081476834, -0.0, 120.43948394568211, 0.0, 0.0, 0.0
-13.168117674561783, 29.320753668971765, -0.0, 120.45283088735216, 0.0, 0.0, 0.0
-13.509408545999998, 29.300355466888888, -0.0, 120.46642968874075, 0.0, 0.0, 0.0
-13.854902156384217, 29.279576891384018, -0.0, 120.48028207241066, 0.0, 0.0, 0.0
-14.20456363720704, 29.25841538474894, -0.0, 120.4943897435007, 0.0, 0.0, 0.0
-14.558357033459457, 29.23686841534667, -0.0, 120.50875438976888, 0.0, 0.0, 0.0
-14.916245319377278, 29.214933477546598, -0.0, 120.5233776816356, 0.0, 0.0, 0.0
-15.2781904141875, 29.19260809165972, -0.0, 120.53826127222685, 0.0, 0.0, 0.0
-15.644153197854717, 29.169889803873847, -0.0, 120.55340679741744, 0.0, 0.0, 0.0
-16.01409352682754, 29.146776186188774, -0.0, 120.56881587587415, 0.0, 0.0, 0.0
-16.38797024978496, 29.123264836351503, -0.0, 120.584490109099, 0.0, 0.0, 0.0
-16.76574122338278, 29.099353377791427, -0.0, 120.60043108147238, 0.0, 0.0, 0.0
-17.147363328000008, 29.075039459555555, -0.0, 120.61664036029629, 0.0, 0.0, 0.0
-17.532792483485224, 29.050320756243682, -0.0, 120.63311949583755, 0.0, 0.0, 0.0
-17.921983664903042, 29.02519496794361, -0.0, 120.64987002137093, 0.0, 0.0, 0.0
-18.31489091828047, 28.999659820166332, -0.0, 120.66689345322244, 0.0, 0.0, 0.0
-18.711467376353283, 28.97371306378126, -0.0, 120.68419129081249, 0.0, 0.0, 0.0
-19.1116652743125, 28.94735247495139, -0.0, 120.70176501669907, 0.0, 0.0, 0.0
-19.515435965550726, 28.920575855068513, -0.0, 120.719616096621, 0.0, 0.0, 0.0
-19.922729937408548, 28.893381030688438, -0.0, 120.73774597954105, 0.0, 0.0, 0.0
-20.33349682692096, 28.86576585346617, -0.0, 120.75615609768923, 0.0, 0.0, 0.0
-20.74768543656379, 28.837728200091096, -0.0, 120.77484786660594, 0.0, 0.0, 0.0
-21.16524375000001, 28.80926597222222, -0.0, 120.79382268518519, 0.0, 0.0, 0.0
-21.586118947826215, 28.78037709642335, -0.0, 120.81308193571778, 0.0, 0.0, 0.0
-22.01025742331904, 28.751059524098274, -0.0, 120.83262698393449, 0.0, 0.0, 0.0
-22.43760479818146, 28.721311231426004, -0.0, 120.85245917904933, 0.0, 0.0, 0.0
-22.868105938289283, 28.691130219295932, -0.0, 120.8725798538027, 0.0, 0.0, 0.0
-23.301704969437495, 28.660514513243058, -0.0, 120.89299032450462, 0.0, 0.0, 0.0
-23.73834529308672, 28.62946216338318, -0.0, 120.91369189107787, 0.0, 0.0, 0.0
-24.177969602109542, 28.597971244348106, -0.0, 120.93468583710126, 0.0, 0.0, 0.0
-24.620519896536965, 28.566039855220833, -0.0, 120.95597342985278, 0.0, 0.0, 0.0
-25.065937499304777, 28.53366611947076, -0.0, 120.97755592035283, 0.0, 0.0, 0.0
-25.51416307200001, 28.500848184888888, -0.0, 120.9994345434074, 0.0, 0.0, 0.0
-25.965136630607216, 28.467584223523016, -0.0, 121.02161051765133, 0.0, 0.0, 0.0
-26.41879756125504, 28.43387243161294, -0.0, 121.04408504559137, 0.0, 0.0, 0.0
-26.87508463596246, 28.39971102952567, -0.0, 121.06685931364956, 0.0, 0.0, 0.0
-27.333936028385285, 28.365098261690594, -0.0, 121.08993449220627, 0.0, 0.0, 0.0
-27.7952893295625, 28.330032396534722, -0.0, 121.11331173564352, 0.0, 0.0, 0.0
-28.259081563662726, 28.29451172641785, -0.0, 121.1369921823881, 0.0, 0.0, 0.0
-28.72524920373055, 28.258534567567775, -0.0, 121.16097695495482, 0.0, 0.0, 0.0
-29.19372818743296, 28.222099260015504, -0.0, 121.18526715998966, 0.0, 0.0, 0.0
-29.664453932805785, 28.185204167530433, -0.0, 121.20986388831305, 0.0, 0.0, 0.0
-30.137361353999996, 28.147847677555557, -0.0, 121.23476821496297, 0.0, 0.0, 0.0
-30.61238487702823, 28.110028201142683, -0.0, 121.25998119923821, 0.0, 0.0, 0.0
-31.089458455511057, 28.071744172887605, -0.0, 121.28550388474159, 0.0, 0.0, 0.0
-31.56851558642346, 28.032994050865334, -0.0, 121.31133729942312, 0.0, 0.0, 0.0
-32.04948932584129, 27.993776316565263, -0.0, 121.33748245562316, 0.0, 0.0, 0.0
-32.53231230468751, 27.95408947482639, -0.0, 121.36394035011574, 0.0, 0.0, 0.0
-33.01691674447872, 27.91393205377252, -0.0, 121.39071196415165, 0.0, 0.0, 0.0
-33.50323447307155, 27.87330260474744, -0.0, 121.41779826350171, 0.0, 0.0, 0.0
-33.991196940408955, 27.83219970225017, -0.0, 121.44520019849989, 0.0, 0.0, 0.0
-34.48073523426677, 27.790621943870097, -0.0, 121.4729187040866, 0.0, 0.0, 0.0
-34.971780095999996, 27.74856795022222, -0.0, 121.50095469985185, 0.0, 0.0, 0.0
-35.46426193628922, 27.706036364882348, -0.0, 121.52930909007844, 0.0, 0.0, 0.0
-35.95811085088704, 27.663025854322274, -0.0, 121.55798276378515, 0.0, 0.0, 0.0
-36.453256636364465, 27.619535107845, -0.0, 121.58697659477, 0.0, 0.0, 0.0
-36.94962880585728, 27.57556283751993, -0.0, 121.61629144165337, 0.0, 0.0, 0.0
-37.447156604812506, 27.531107778118056, -0.0, 121.6459281479213, 0.0, 0.0, 0.0
-37.94576902673472, 27.486168687047183, -0.0, 121.67588754196854, 0.0, 0.0, 0.0
-38.445394828932535, 27.440744344287108, -0.0, 121.70617043714194, 0.0, 0.0, 0.0
-38.945962548264966, 27.394833552324837, -0.0, 121.73677763178344, 0.0, 0.0, 0.0
-39.4474005168878, 27.348435136089762, -0.0, 121.76770990927349, 0.0, 0.0, 0.0
-39.949636878, 27.301547942888885, -0.0, 121.79896803807408, 0.0, 0.0, 0.0
-40.45259960159022, 27.254170842342017, -0.0, 121.83055277177199, 0.0, 0.0, 0.0
-40.95621650018303, 27.20630272631694, -0.0, 121.86246484912203, 0.0, 0.0, 0.0
-41.46041524458546, 27.157942508864668, -0.0, 121.89470499409022, 0.0, 0.0, 0.0
-41.96512337963327, 27.109089126154597, -0.0, 121.92727391589693, 0.0, 0.0, 0.0
-42.47026833993749, 27.059741536409724, -0.0, 121.96017230906018, 0.0, 0.0, 0.0
-42.97577746563071, 27.00989871984185, -0.0, 121.99340085343877, 0.0, 0.0, 0.0
-43.48157801811354, 26.959559678586775, -0.0, 122.02696021427548, 0.0, 0.0, 0.0
-43.98759719580096, 26.908723436639505, -0.0, 122.06085104224033, 0.0, 0.0, 0.0
-44.49376214986877, 26.857389039789428, -0.0, 122.09507397347372, 0.0, 0.0, 0.0
-45.0, 26.80555555555556, -0.0, 122.12962962962963, 0.0, 0.0, 0.0
-45.50623785013124, 26.75322207312168, -0.0, 122.16451861791887, 0.0, 0.0, 0.0
-46.01240280419905, 26.700387703271613, -0.0, 122.19974153115226, 0.0, 0.0, 0.0
-46.51842198188646, 26.647051578324337, -0.0, 122.23529894778378, 0.0, 0.0, 0.0
-47.02422253436927, 26.593212852069264, -0.0, 122.27119143195382, 0.0, 0.0, 0.0
-47.52973166006248, 26.53887069970139, -0.0, 122.3074195335324, 0.0, 0.0, 0.0
-48.03487662036672, 26.484024317756514, -0.0, 122.34398378816232, 0.0, 0.0, 0.0
-48.53958475541453, 26.42867292404644, -0.0, 122.38088471730237, 0.0, 0.0, 0.0
-49.04378349981695, 26.372815757594168, -0.0, 122.41812282827055, 0.0, 0.0, 0.0
-49.54740039840975, 26.3164520785691, -0.0, 122.45569861428727, 0.0, 0.0, 0.0
-50.050363122, 26.259581168222223, -0.0, 122.49361255451852, 0.0, 0.0, 0.0
-50.55259948311219, 26.202202328821347, -0.0, 122.5318651141191, 0.0, 0.0, 0.0
-51.05403745173504, 26.144314883586276, -0.0, 122.57045674427582, 0.0, 0.0, 0.0
-51.554605171067465, 26.085918176624002, -0.0, 122.60938788225067, 0.0, 0.0, 0.0
-52.054230973265305, 26.02701157286393, -0.0, 122.64865895142404, 0.0, 0.0, 0.0
-52.552843395187494, 25.96759445799306, -0.0, 122.68827036133797, 0.0, 0.0, 0.0
-53.05037119414272, 25.907666238391183, -0.0, 122.72822250773922, 0.0, 0.0, 0.0
-53.546743363635535, 25.847226341066108, -0.0, 122.7685157726226, 0.0, 0.0, 0.0
-54.041889149112954, 25.786274213588836, -0.0, 122.80915052427412, 0.0, 0.0, 0.0
-54.535738063710795, 25.724809324028765, -0.0, 122.85012711731416, 0.0, 0.0, 0.0
-55.02821990400001, 25.66283116088889, -0.0, 122.89144589274073, 0.0, 0.0, 0.0
-55.51926476573321, 25.600339233041012, -0.0, 122.93310717797266, 0.0, 0.0, 0.0
-56.008803059591074, 25.53733306966094, -0.0, 122.97511128689271, 0.0, 0.0, 0.0
-56.496765526928485, 25.473812220163666, -0.0, 123.01745851989088, 0.0, 0.0, 0.0
-56.983083255521294, 25.409776254138592, -0.0, 123.06014916390761, 0.0, 0.0, 0.0
-57.46768769531249, 25.345224761284722, -0.0, 123.10318349247686, 0.0, 0.0, 0.0
-57.950510674158735, 25.280157351345853, -0.0, 123.14656176576943, 0.0, 0.0, 0.0
-58.43148441357655, 25.214573654045775, -0.0, 123.19028423063614, 0.0, 0.0, 0.0
-58.91054154448893, 25.148473319023502, -0.0, 123.23435112065101, 0.0, 0.0, 0.0
-59.387615122971795, 25.08185601576843, -0.0, 123.27876265615438, 0.0, 0.0, 0.0
-59.86263864600001, 25.014721433555554, -0.0, 123.32351904429629, 0.0, 0.0, 0.0
-60.33554606719424, 24.94706928138068, -0.0, 123.36862047907954, 0.0, 0.0, 0.0
-60.80627181256707, 24.87889928789561, -0.0, 123.41406714140294, 0.0, 0.0, 0.0
-61.27475079626943, 24.81021120134334, -0.0, 123.45985919910444, 0.0, 0.0, 0.0
-61.740918436337246, 24.741004789493267, -0.0, 123.5059968070045, 0.0, 0.0, 0.0
-62.204710670437514, 24.67127983957639, -0.0, 123.55248010694908, 0.0, 0.0, 0.0
-62.66606397161473, 24.601036158220516, -0.0, 123.59930922785298, 0.0, 0.0, 0.0
-63.124915364037534, 24.530273571385447, -0.0, 123.64648428574304, 0.0, 0.0, 0.0
-63.581202438744924, 24.45899192429817, -0.0, 123.69400538380123, 0.0, 0.0, 0.0
-64.03486336939275, 24.387191081388096, -0.0, 123.74187261240793, 0.0, 0.0, 0.0
-64.485836928, 24.314870926222223, -0.0, 123.79008604918519, 0.0, 0.0, 0.0
-64.9340625006952, 24.24203136144035, -0.0, 123.83864575903976, 0.0, 0.0, 0.0
-65.37948010346301, 24.168672308690276, -0.0, 123.88755179420649, 0.0, 0.0, 0.0
-65.82203039789047, 24.094793708563003, -0.0, 123.93680419429134, 0.0, 0.0, 0.0
-66.26165470691329, 24.02039552052793, -0.0, 123.98640298631472, 0.0, 0.0, 0.0
-66.69829503056249, 23.94547772286806, -0.0, 124.03634818475463, 0.0, 0.0, 0.0
-67.13189406171071, 23.87004031261518, -0.0, 124.08663979158987, 0.0, 0.0, 0.0
-67.56239520181853, 23.79408330548511, -0.0, 124.13727779634326, 0.0, 0.0, 0.0
-67.98974257668092, 23.717606735812836, -0.0, 124.18826217612477, 0.0, 0.0, 0.0
-68.41388105217382, 23.640610656487766, -0.0, 124.23959289567483, 0.0, 0.0, 0.0
-68.83475624999997, 23.56309513888889, -0.0, 124.29126990740741, 0.0, 0.0, 0.0
-69.25231456343622, 23.485060272820018, -0.0, 124.34329315145331, 0.0, 0.0, 0.0
-69.66650317307905, 23.406506166444945, -0.0, 124.39566255570338, 0.0, 0.0, 0.0
-70.0772700625915, 23.327432946222668, -0.0, 124.44837803585156, 0.0, 0.0, 0.0
-70.48456403444929, 23.247840756842596, -0.0, 124.50143949543828, 0.0, 0.0, 0.0
-70.88833472568757, 23.167729761159723, -0.0, 124.55484682589352, 0.0, 0.0, 0.0
-71.2885326236467, 23.08710014012985, -0.0, 124.60859990658011, 0.0, 0.0, 0.0
-71.68510908171955, 23.005952092744778, -0.0, 124.6626986048368, 0.0, 0.0, 0.0
-72.07801633509698, 22.9242858359675, -0.0, 124.71714277602166, 0.0, 0.0, 0.0
-72.46720751651479, 22.84210160466743, -0.0, 124.77193226355504, 0.0, 0.0, 0.0
-72.85263667199995, 22.759399651555555, -0.0, 124.82706689896297, 0.0, 0.0, 0.0
-73.23425877661722, 22.676180247119678, -0.0, 124.88254650192022, 0.0, 0.0, 0.0
-73.61202975021503, 22.592443679559604, -0.0, 124.93837088029359, 0.0, 0.0, 0.0
-73.98590647317255, 22.508190254722333, -0.0, 124.9945398301851, 0.0, 0.0, 0.0
-74.3558468021453, 22.42342029603726, -0.0, 125.05105313597517, 0.0, 0.0, 0.0
-74.72180958581252, 22.338134144451384, -0.0, 125.10791057036575, 0.0, 0.0, 0.0
-75.08375468062272, 22.252332158364517, -0.0, 125.16511189442366, 0.0, 0.0, 0.0
-75.4416429665405, 22.166014713564444, -0.0, 125.2226568576237, 0.0, 0.0, 0.0
-75.79543636279296, 22.07918220316217, -0.0, 125.28054519789188, 0.0, 0.0, 0.0
-76.14509784361584, 21.991835037527096, -0.0, 125.33877664164861, 0.0, 0.0, 0.0
-76.49059145399993, 21.903973644222223, -0.0, 125.39735090385184, 0.0, 0.0, 0.0
-76.83188232543823, 21.81559846793935, -0.0, 125.45626768804044, 0.0, 0.0, 0.0
-77.16893669167101, 21.72670997043428, -0.0, 125.51552668637714, 0.0, 0.0, 0.0
-77.50172190443345, 21.637308630462005, -0.0, 125.57512757969201, 0.0, 0.0, 0.0
-77.83020644920128, 21.547394943711932, -0.0, 125.63507003752538, 0.0, 0.0, 0.0
-78.15435996093747, 21.456969422743054, -0.0, 125.6953537181713, 0.0, 0.0, 0.0
-78.47415323983873, 21.36603259691918, -0.0, 125.75597826872055, 0.0, 0.0, 0.0
-78.78955826708153, 21.274585012344108, -0.0, 125.81694332510392, 0.0, 0.0, 0.0
-79.10054822056894, 21.182627231796832, -0.0, 125.87824851213544, 0.0, 0.0, 0.0
-79.4070974906768, 21.09015983466676, -0.0, 125.93989344355549, 0.0, 0.0, 0.0
-79.70918169600002, 20.99718341688889, -0.0, 126.00187772207407, 0.0, 0.0, 0.0
-80.00677769909922, 20.90369859087902, -0.0, 126.06420093941398, 0.0, 0.0, 0.0
-80.29986362224699, 20.809705985468945, -0.0, 126.12686267635405, 0.0, 0.0, 0.0
-80.58841886317452, 20.71520624584167, -0.0, 126.18986250277223, 0.0, 0.0, 0.0
-80.87242411081729, 20.6202000334666, -0.0, 126.25319997768892, 0.0, 0.0, 0.0
-81.15186136106246, 20.524688026034724, -0.0, 126.3168746493102, 0.0, 0.0, 0.0
-81.42671393249472, 20.428670917393852, -0.0, 126.38088605507076, 0.0, 0.0, 0.0
-81.69696648214256, 20.332149417483777, -0.0, 126.44523372167748, 0.0, 0.0, 0.0
-81.96260502122496, 20.235124252271504, -0.0, 126.50991716515233, 0.0, 0.0, 0.0
-82.22361693089775, 20.137596163686432, -0.0, 126.57493589087571, 0.0, 0.0, 0.0
-82.47999097800002, 20.039565909555556, -0.0, 126.64028939362963, 0.0, 0.0, 0.0
-82.73171733080028, 19.941034263538683, -0.0, 126.70597715764087, 0.0, 0.0, 0.0
-82.97878757474308, 19.84200201506361, -0.0, 126.77199865662426, 0.0, 0.0, 0.0
-83.22119472819543, 19.742469969261336, -0.0, 126.83835335382578, 0.0, 0.0, 0.0
-83.45893325819327, 19.64243894690126, -0.0, 126.90504070206583, 0.0, 0.0, 0.0
-83.69199909618754, 19.54190978432639, -0.0, 126.97206014378241, 0.0, 0.0, 0.0
-83.92038965379075, 19.440883333388516, -0.0, 127.03941111107432, 0.0, 0.0, 0.0
-84.14410383852353, 19.339360461383443, -0.0, 127.10709302574438, 0.0, 0.0, 0.0
-84.36314206956092, 19.237342050986165, -0.0, 127.17510529934256, 0.0, 0.0, 0.0
-84.57750629347873, 19.134829000186095, -0.0, 127.24344733320928, 0.0, 0.0, 0.0
-84.78720000000001, 19.03182222222222, -0.0, 127.31211851851852, 0.0, 0.0, 0.0
-84.99222823774122, 18.92832264551835, -0.0, 127.3811182363211, 0.0, 0.0, 0.0
-85.19259762995907, 18.824331213618272, -0.0, 127.45044585758782, 0.0, 0.0, 0.0
-85.3883163902965, 18.719848885121, -0.0, 127.52010074325267, 0.0, 0.0, 0.0
-85.57939433852931, 18.614876633615932, -0.0, 127.59008224425605, 0.0, 0.0, 0.0
-85.76584291631247, 18.509415447618057, -0.0, 127.66038970158796, 0.0, 0.0, 0.0
-85.94767520292669, 18.40346633050318, -0.0, 127.73102244633122, 0.0, 0.0, 0.0
-86.12490593102461, 18.297030300443105, -0.0, 127.80197979970461, 0.0, 0.0, 0.0
-86.29755150237702, 18.190108390340832, -0.0, 127.87326107310611, 0.0, 0.0, 0.0
-86.4656300036198, 18.082701647765763, -0.0, 127.94486556815616, 0.0, 0.0, 0.0
-86.62916122199996, 17.974811134888885, -0.0, 128.01679257674073, 0.0, 0.0, 0.0
-86.78816666112215, 17.86643792841802, -0.0, 128.08904138105464, 0.0, 0.0, 0.0
-86.94266955669508, 17.757583119532946, -0.0, 128.1616112536447, 0.0, 0.0, 0.0
-87.0926948922774, 17.64824781382067, -0.0, 128.2345014574529, 0.0, 0.0, 0.0
-87.23826941502529, 17.538433131210596, -0.0, 128.3077112458596, 0.0, 0.0, 0.0
-87.37942165143755, 17.428140205909724, -0.0, 128.38123986272686, 0.0, 0.0, 0.0
-87.51618192310264, 17.317370186337854, -0.0, 128.45508654244145, 0.0, 0.0, 0.0
-87.64858236244552, 17.20612423506278, -0.0, 128.52925050995816, 0.0, 0.0, 0.0
-87.77665692847296, 17.094403528735505, -0.0, 128.60373098084298, 0.0, 0.0, 0.0
-87.90044142252088, 16.98220925802543, -0.0, 128.67852716131637, 0.0, 0.0, 0.0
-88.01997350399995, 16.86954262755556, -0.0, 128.75363824829628, 0.0, 0.0, 0.0
-88.13529270614328, 16.756404855837687, -0.0, 128.82906342944153, 0.0, 0.0, 0.0
-88.24644045175091, 16.642797175207615, -0.0, 128.90480188319492, 0.0, 0.0, 0.0
-88.35346006893843, 16.52872083176034, -0.0, 128.98085277882643, 0.0, 0.0, 0.0
-88.45639680688134, 16.414177085285264, -0.0, 129.05721527647648, 0.0, 0.0, 0.0
-88.5552978515625, 16.29916720920139, -0.0, 129.13388852719908, 0.0, 0.0, 0.0
-88.65021234151868, 16.18369249049252, -0.0, 129.210871673005, 0.0, 0.0, 0.0
-88.74119138358651, 16.067754229642443, -0.0, 129.28816384690504, 0.0, 0.0, 0.0
-88.82828806864893, 15.95135374057017, -0.0, 129.36576417295322, 0.0, 0.0, 0.0
-88.91155748738174, 15.834492350565096, -0.0, 129.44367176628992, 0.0, 0.0, 0.0
-88.99105674600014, 15.717171400222224, -0.0, 129.52188573318517, 0.0, 0.0, 0.0
-89.06684498200417, 15.599392243377352, -0.0, 129.60040517108177, 0.0, 0.0, 0.0
-89.13898337992703, 15.481156247042275, -0.0, 129.67922916863847, 0.0, 0.0, 0.0
-89.20753518707954, 15.362464791340004, -0.0, 129.75835680577333, 0.0, 0.0, 0.0
-89.2725657292973, 15.24331926943993, -0.0, 129.8377871537067, 0.0, 0.0, 0.0
-89.33414242668766, 15.123721087493056, -0.0, 129.91751927500462, 0.0, 0.0, 0.0
-89.39233480937469, 15.003671664567182, -0.0, 129.99755222362188, 0.0, 0.0, 0.0
-89.44721453324763, 14.883172432582109, -0.0, 130.07788504494528, 0.0, 0.0, 0.0
-89.49885539570494, 14.762224836244837, -0.0, 130.15851677583677, 0.0, 0.0, 0.0
-89.54733335140276, 14.640830332984764, -0.0, 130.23944644467682, 0.0, 0.0, 0.0
-89.59272652800001, 14.51899039288889, -0.0, 130.3206730714074, 0.0, 0.0, 0.0
-89.63511524190528, 14.396706498637014, -0.0, 130.4021956675753, 0.0, 0.0, 0.0
-89.67458201402314, 14.273980145436939, -0.0, 130.48401323637538, 0.0, 0.0, 0.0
-89.7112115855004, 14.150812840959668, -0.0, 130.56612477269357, 0.0, 0.0, 0.0
-89.74509093347342, 14.027206105274596, -0.0, 130.64852926315027, 0.0, 0.0, 0.0
-89.77630928681259, 13.903161470784719, -0.0, 130.73122568614352, 0.0, 0.0, 0.0
-89.80495814187066, 13.77868048216185, -0.0, 130.8142130118921, 0.0, 0.0, 0.0
-89.8311312782285, 13.653764696281774, -0.0, 130.89749020247882, 0.0, 0.0, 0.0
-89.85492477444092, 13.528415682159505, -0.0, 130.98105621189367, 0.0, 0.0, 0.0
-89.8764370237837, 13.40263502088443, -0.0, 131.06490998607705, 0.0, 0.0, 0.0
-89.89576875000017, 13.276424305555553, -0.0, 131.14905046296298, 0.0, 0.0, 0.0
-89.91302302304638, 13.149785141216682, -0.0, 131.2334765725222, 0.0, 0.0, 0.0
-89.92830527483915, 13.022719144791608, -0.0, 131.31818723680558, 0.0, 0.0, 0.0
-89.94172331500141, 12.895227945019336, -0.0, 131.40318136998712, 0.0, 0.0, 0.0
-89.95338734660919, 12.767313182389266, -0.0, 131.48845787840716, 0.0, 0.0, 0.0
-89.96340998193756, 12.638976509076393, -0.0, 131.57401566061574, 0.0, 0.0, 0.0
-89.97190625820679, 12.51021958887652, -0.0, 131.65985360741564, 0.0, 0.0, 0.0
-89.9789936533295, 12.381044097141444, -0.0, 131.7459706019057, 0.0, 0.0, 0.0
-89.98479210165686, 12.251451720714176, -0.0, 131.83236551952388, 0.0, 0.0, 0.0
-89.98942400972476, 12.121444157864099, -0.0, 131.9190372280906, 0.0, 0.0, 0.0
-89.99301427200004, 11.991023118222227, -0.0, 132.00598458785186, 0.0, 0.0, 0.0
-89.99569028662711, 11.860190322716349, -0.0, 132.09320645152243, 0.0, 0.0, 0.0
-89.99758197117501, 11.728947503506275, -0.0, 132.18070166432915, 0.0, 0.0, 0.0
-89.99882177838242, 11.597296403919007, -0.0, 132.268469064054, 0.0, 0.0, 0.0
-89.9995447119054, 11.465238778383934, -0.0, 132.3565074810774, 0.0, 0.0, 0.0
-89.9998883420626, 11.332776392368055, -0.0, 132.4448157384213, 0.0, 0.0, 0.0
-89.99999282158274, 11.199911022311184, -0.0, 132.53339265179255, 0.0, 0.0, 0.0
-90.0, 11.066644455561104, -0.0, 132.62223702962592, 0.0, 0.0, 0.0
-90.0, 10.932978490308837, -0.0, 132.71134767312745, 0.0, 0.0, 0.0
-90.0, 10.79891493552375, -0.0, 132.8007233763175, 0.0, 0.0, 0.0
-90.0, 10.664455610888886, -0.0, 132.8903629260741, 0.0, 0.0, 0.0
-90.0, 10.529602346736015, -0.0, 132.980265102176, 0.0, 0.0, 0.0
-90.0, 10.394356983980947, -0.0, 133.07042867734603, 0.0, 0.0, 0.0
-90.0, 10.258721374058663, -0.0, 133.16085241729422, 0.0, 0.0, 0.0
-90.0, 10.1226973788586, -0.0, 133.25153508076093, 0.0, 0.0, 0.0
-90.0, 9.98628687065973, -0.0, 133.34247541956017, 0.0, 0.0, 0.0
-90.0, 9.849491732065854, -0.0, 133.43367217862277, 0.0, 0.0, 0.0
-90.0, 9.712313855940781, -0.0, 133.52512409603946, 0.0, 0.0, 0.0
-90.0, 9.574755145343504, -0.0, 133.61682990310433, 0.0, 0.0, 0.0
-90.0, 9.43681751346343, -0.0, 133.70878832435773, 0.0, 0.0, 0.0
-90.0, 9.298502883555557, -0.0, 133.80099807762963, 0.0, 0.0, 0.0
-90.0, 9.159813188875688, -0.0, 133.89345787408288, 0.0, 0.0, 0.0
-90.0, 9.020750372615606, -0.0, 133.98616641825626, 0.0, 0.0, 0.0
-90.0, 8.881316387838345, -0.0, 134.07912240810776, 0.0, 0.0, 0.0
-90.0, 8.741513197413262, -0.0, 134.17232453505784, 0.0, 0.0, 0.0
-90.0, 8.601342773951398, -0.0, 134.2657714840324, 0.0, 0.0, 0.0
-90.0, 8.460807099740514, -0.0, 134.35946193350634, 0.0, 0.0, 0.0
-90.0, 8.319908166680447, -0.0, 134.45339455554637, 0.0, 0.0, 0.0
-90.0, 8.178647976218173, -0.0, 134.54756801585455, 0.0, 0.0, 0.0
-90.0, 8.037028539283106, -0.0, 134.64198097381126, 0.0, 0.0, 0.0
-90.0, 7.895051876222222, -0.0, 134.73663208251853, 0.0, 0.0, 0.0
-90.0, 7.752720016735352, -0.0, 134.8315199888431, 0.0, 0.0, 0.0
-90.0, 7.610034999810274, -0.0, 134.92664333345982, 0.0, 0.0, 0.0
-90.0, 7.466998873658007, -0.0, 135.02200075089468, 0.0, 0.0, 0.0
-90.0, 7.323613695647924, -0.0, 135.11759086956806, 0.0, 0.0, 0.0
-90.0, 7.179881532243063, -0.0, 135.21341231183794, 0.0, 0.0, 0.0
-90.0, 7.035804458935183, -0.0, 135.30946369404322, 0.0, 0.0, 0.0
-90.0, 6.891384560180114, -0.0, 135.4057436265466, 0.0, 0.0, 0.0
-90.0, 6.746623929332838, -0.0, 135.5022507137781, 0.0, 0.0, 0.0
-90.0, 6.6015246685827655, -0.0, 135.59898355427816, 0.0, 0.0, 0.0
-90.0, 6.456088888888884, -0.0, 135.69594074074075, 0.0, 0.0, 0.0
-90.0, 6.31031870991502, -0.0, 135.79312086005666, 0.0, 0.0, 0.0
-90.0, 6.164216259964942, -0.0, 135.8905224933567, 0.0, 0.0, 0.0
-90.0, 6.017783675917672, -0.0, 135.98814421605488, 0.0, 0.0, 0.0
-90.0, 5.871023103162598, -0.0, 136.0859845978916, 0.0, 0.0, 0.0
-90.0, 5.723936695534722, -0.0, 136.18404220297685, 0.0, 0.0, 0.0
-90.0, 5.576526615249843, -0.0, 136.28231558983344, 0.0, 0.0, 0.0
-90.0, 5.428795032839782, -0.0, 136.38080331144016, 0.0, 0.0, 0.0
-90.0, 5.2807441270875, -0.0, 136.479503915275, 0.0, 0.0, 0.0
-90.0, 5.132376084962436, -0.0, 136.57841594335838, 0.0, 0.0, 0.0
-90.0, 4.983693101555551, -0.0, 136.6775379322963, 0.0, 0.0, 0.0
-90.0, 4.8346973800146875, -0.0, 136.77686841332354, 0.0, 0.0, 0.0
-90.0, 4.685391131479611, -0.0, 136.87640591234694, 0.0, 0.0, 0.0
-90.0, 4.535776575017336, -0.0, 136.97614894998844, 0.0, 0.0, 0.0
-90.0, 4.385855937557259, -0.0, 137.0760960416285, 0.0, 0.0, 0.0
-90.0, 4.235631453826398, -0.0, 137.17624569744908, 0.0, 0.0, 0.0
-90.0, 4.08510536628451, -0.0, 137.27659642247698, 0.0, 0.0, 0.0
-90.0, 3.9342799250594442, -0.0, 137.37714671662704, 0.0, 0.0, 0.0
-90.0, 3.783157387882177, -0.0, 137.47789507474522, 0.0, 0.0, 0.0
-90.0, 3.631740020022093, -0.0, 137.57883998665193, 0.0, 0.0, 0.0
-90.0, 3.4800300942222293, -0.0, 137.67997993718518, 0.0, 0.0, 0.0
-90.0, 3.32802989063435, -0.0, 137.78131340624375, 0.0, 0.0, 0.0
-90.0, 3.1757416967542884, -0.0, 137.88283886883048, 0.0, 0.0, 0.0
-90.0, 3.0231678073570025, -0.0, 137.98455479509533, 0.0, 0.0, 0.0
-90.0, 2.870310524431937, -0.0, 138.0864596503787, 0.0, 0.0, 0.0
-90.0, 2.717172157118057, -0.0, 138.18855189525465, 0.0, 0.0, 0.0
-90.0, 2.5637550216391896, -0.0, 138.29082998557388, 0.0, 0.0, 0.0
-90.0, 2.410061441239111, -0.0, 138.39329237250726, 0.0, 0.0, 0.0
-90.0, 2.256093746116842, -0.0, 138.4959375025888, 0.0, 0.0, 0.0
-90.0, 2.101854273361762, -0.0, 138.59876381775882, 0.0, 0.0, 0.0
-90.0, 1.947345366888893, -0.0, 138.70176975540738, 0.0, 0.0, 0.0
-90.0, 1.7925693773740186, -0.0, 138.80495374841732, 0.0, 0.0, 0.0
-90.0, 1.6375286621889584, -0.0, 138.90831422520736, 0.0, 0.0, 0.0
-90.0, 1.4822255853366668, -0.0, 139.01184960977554, 0.0, 0.0, 0.0
-90.0, 1.3266625173866053, -0.0, 139.11555832174227, 0.0, 0.0, 0.0
-90.0, 1.1708418354097248, -0.0, 139.21943877639353, 0.0, 0.0, 0.0
-90.0, 1.0147659229138561, -0.0, 139.3234893847241, 0.0, 0.0, 0.0
-90.0, 0.858437169778778, -0.0, 139.4277085534808, 0.0, 0.0, 0.0
-90.0, 0.7018579721915135, -0.0, 139.53209468520566, 0.0, 0.0, 0.0
-90.0, 0.5450307325814308, -0.0, 139.63664617827905, 0.0, 0.0, 0.0
-90.0, 0.3879578595555584, -0.0, 139.74136142696295, 0.0, 0.0, 0.0
-90.0, 0.23064176783368406, -0.0, 139.84623882144422, 0.0, 0.0, 0.0
-90.0, 0.07308487818361353, -0.0, 139.95127674787759, 0.0, 0.0, 0.0
-90.0, -0.08471038264367348, -0.0, 140.0564735884291, 0.0, 0.0, 0.0
-90.0, -0.24274158197872975, -0.0, 140.16182772131916, 0.0, 0.0, 0.0
-90.0, -0.40100628129860105, -0.0, 140.26733752086574, 0.0, 0.0, 0.0
-90.0, -0.5595020362914775, -0.0, 140.37300135752764, 0.0, 0.0, 0.0
-90.0, -0.7182263969215557, -0.0, 140.47881759794768, 0.0, 0.0, 0.0
-90.0, -0.8771769074938263, -0.0, 140.5847846049959, 0.0, 0.0, 0.0
-90.0, -1.036351106718902, -0.0, 140.6909007378126, 0.0, 0.0, 0.0
-90.0, -1.1957465277777706, -0.0, 140.79716435185185, 0.0, 0.0, 0.0
-90.0, -1.3553606983866606, -0.0, 140.90357379892444, 0.0, 0.0, 0.0
-90.0, -1.51519114086173, -0.0, 141.01012742724117, 0.0, 0.0, 0.0
-90.0, -1.6752353721839892, -0.0, 141.116823581456, 0.0, 0.0, 0.0
-90.0, -1.8354909040640637, -0.0, 141.22366060270937, 0.0, 0.0, 0.0
-90.0, -1.99595524300695, -0.0, 141.3306368286713, 0.0, 0.0, 0.0
-90.0, -2.1566258903768167, -0.0, 141.43775059358455, 0.0, 0.0, 0.0
-90.0, -2.3175003424618925, -0.0, 141.5450002283079, 0.0, 0.0, 0.0
-90.0, -2.478576090539157, -0.0, 141.65238406035945, 0.0, 0.0, 0.0
-90.0, -2.6398506209392583, -0.0, 141.75990041395949, 0.0, 0.0, 0.0
-90.0, -2.8013214151111203, -0.0, 141.86754761007407, 0.0, 0.0, 0.0
-90.0, -2.962985949686975, -0.0, 141.97532396645798, 0.0, 0.0, 0.0
-90.0, -3.124841696547053, -0.0, 142.08322779769804, 0.0, 0.0, 0.0
-90.0, -3.286886122884324, -0.0, 142.19125741525622, 0.0, 0.0, 0.0
-90.0, -3.4491166912694133, -0.0, 142.29941112751294, 0.0, 0.0, 0.0
-90.0, -3.6115308597152715, -0.0, 142.40768723981017, 0.0, 0.0, 0.0
-90.0, -3.7741260817421534, -0.0, 142.51608405449477, 0.0, 0.0, 0.0
-90.0, -3.9368998064422094, -0.0, 142.62459987096148, 0.0, 0.0, 0.0
-90.0, -4.099849478544487, -0.0, 142.73323298569633, 0.0, 0.0, 0.0
-90.0, -4.2629725384795645, -0.0, 142.8419816923197, 0.0, 0.0, 0.0
-90.0, -4.42626642244443, -0.0, 142.95084428162963, 0.0, 0.0, 0.0
-90.0, -4.589728562467327, -0.0, 143.0598190416449, 0.0, 0.0, 0.0
-90.0, -4.75335638647239, -0.0, 143.16890425764825, 0.0, 0.0, 0.0
-90.0, -4.917147318344668, -0.0, 143.27809821222976, 0.0, 0.0, 0.0
-90.0, -5.081098777994741, -0.0, 143.38739918532983, 0.0, 0.0, 0.0
-90.0, -5.24520818142361, -0.0, 143.49680545428242, 0.0, 0.0, 0.0
-90.0, -5.409472940787493, -0.0, 143.60631529385833, 0.0, 0.0, 0.0
-90.0, -5.573890464462554, -0.0, 143.71592697630837, 0.0, 0.0, 0.0
-90.0, -5.73845815710982, -0.0, 143.82563877140655, 0.0, 0.0, 0.0
-90.0, -5.9031734197399, -0.0, 143.9354489464933, 0.0, 0.0, 0.0
-90.0, -6.068033649777778, -0.0, 144.04535576651853, 0.0, 0.0, 0.0
-90.0, -6.233036241127653, -0.0, 144.1553574940851, 0.0, 0.0, 0.0
-90.0, -6.3981785842377175, -0.0, 144.26545238949183, 0.0, 0.0, 0.0
-90.0, -6.563458066164985, -0.0, 144.37563871077666, 0.0, 0.0, 0.0
-90.0, -6.728872070640085, -0.0, 144.48591471376005, 0.0, 0.0, 0.0
-90.0, -6.894417978131942, -0.0, 144.59627865208796, 0.0, 0.0, 0.0
-90.0, -7.060093165912823, -0.0, 144.7067287772752, 0.0, 0.0, 0.0
-90.0, -7.225895008122876, -0.0, 144.8172633387486, 0.0, 0.0, 0.0
-90.0, -7.391820875835176, -0.0, 144.92788058389013, 0.0, 0.0, 0.0
-90.0, -7.557868137120234, -0.0, 145.03857875808018, 0.0, 0.0, 0.0
-90.0, -7.724034157111115, -0.0, 145.14935610474075, 0.0, 0.0, 0.0
-90.0, -7.890316298067971, -0.0, 145.26021086537867, 0.0, 0.0, 0.0
-90.0, -8.056711919443064, -0.0, 145.37114127962872, 0.0, 0.0, 0.0
-90.0, -8.22321837794532, -0.0, 145.4821455852969, 0.0, 0.0, 0.0
-90.0, -8.389833027605412, -0.0, 145.59322201840362, 0.0, 0.0, 0.0
-90.0, -8.55655321984027, -0.0, 145.70436881322686, 0.0, 0.0, 0.0
-90.0, -8.723376303518155, -0.0, 145.81558420234543, 0.0, 0.0, 0.0
-90.0, -8.890299625023216, -0.0, 145.92686641668215, 0.0, 0.0, 0.0
-90.0, -9.0573205283205, -0.0, 146.038213685547, 0.0, 0.0, 0.0
-90.0, -9.224436355020567, -0.0, 146.14962423668038, 0.0, 0.0, 0.0
-90.0, -9.391644444444449, -0.0, 146.2610962962963, 0.0, 0.0, 0.0
-90.0, -9.558942133688308, -0.0, 146.37262808912556, 0.0, 0.0, 0.0
-90.0, -9.726326757688392, -0.0, 146.48421783845893, 0.0, 0.0, 0.0
-90.0, -9.893795649285666, -0.0, 146.59586376619043, 0.0, 0.0, 0.0
-90.0, -10.061346139290723, -0.0, 146.70756409286048, 0.0, 0.0, 0.0
-90.0, -10.228975556548614, -0.0, 146.81931703769908, 0.0, 0.0, 0.0
-90.0, -10.396681228003471, -0.0, 146.931120818669, 0.0, 0.0, 0.0
-90.0, -10.564460478763547, -0.0, 147.04297365250903, 0.0, 0.0, 0.0
-90.0, -10.732310632165838, -0.0, 147.1548737547772, 0.0, 0.0, 0.0
-90.0, -10.900229009840896, -0.0, 147.2668193398939, 0.0, 0.0, 0.0
-90.0, -11.068212931777776, -0.0, 147.3788086211852, 0.0, 0.0, 0.0
-90.0, -11.236259716388657, -0.0, 147.49083981092576, 0.0, 0.0, 0.0
-90.0, -11.404366680573723, -0.0, 147.6029111203825, 0.0, 0.0, 0.0
-90.0, -11.572531139785983, -0.0, 147.71502075985734, 0.0, 0.0, 0.0
-90.0, -11.74075040809606, -0.0, 147.8271669387307, 0.0, 0.0, 0.0
-90.0, -11.909021798256946, -0.0, 147.93934786550463, 0.0, 0.0, 0.0
-90.0, -12.077342621768809, -0.0, 148.05156174784588, 0.0, 0.0, 0.0
-90.0, -12.245710188943885, -0.0, 148.16380679262926, 0.0, 0.0, 0.0
-90.0, -12.414121808971153, -0.0, 148.27608120598077, 0.0, 0.0, 0.0
-90.0, -12.582574789981239, -0.0, 148.38838319332083, 0.0, 0.0, 0.0
-90.0, -12.7510664391111, -0.0, 148.5007109594074, 0.0, 0.0, 0.0
-90.0, -12.919594062568988, -0.0, 148.61306270837932, 0.0, 0.0, 0.0
-90.0, -13.088154965699054, -0.0, 148.72543664379938, 0.0, 0.0, 0.0
-90.0, -13.25674645304632, -0.0, 148.83783096869757, 0.0, 0.0, 0.0
-90.0, -13.425365828421402, -0.0, 148.95024388561427, 0.0, 0.0, 0.0
-90.0, -13.59401039496528, -0.0, 149.06267359664352, 0.0, 0.0, 0.0
-90.0, -13.76267745521416, -0.0, 149.1751183034761, 0.0, 0.0, 0.0
-90.0, -13.931364311164241, -0.0, 149.28757620744284, 0.0, 0.0, 0.0
-90.0, -14.100068264336493, -0.0, 149.40004550955769, 0.0, 0.0, 0.0
-90.0, -14.26878661584156, -0.0, 149.51252441056104, 0.0, 0.0, 0.0
-90.0, -14.437516666444424, -0.0, 149.625011110963, 0.0, 0.0, 0.0
-90.0, -14.60625571662932, -0.0, 149.73750381108624, 0.0, 0.0, 0.0
-90.0, -14.775001066664405, -0.0, 149.8500007111096, 0.0, 0.0, 0.0
-90.0, -14.943750016666662, -0.0, 149.9625000111111, 0.0, 0.0, 0.0
-90.0, -15.112499866666742, -0.0, 150.07499991111115, 0.0, 0.0, 0.0
-90.0, -15.28124791667361, -0.0, 150.18749861111576, 0.0, 0.0, 0.0
-90.0, -15.44999146673948, -0.0, 150.29999431115965, 0.0, 0.0, 0.0
-90.0, -15.618727817024553, -0.0, 150.4124852113497, 0.0, 0.0, 0.0
-90.0, -15.787454267861815, -0.0, 150.52496951190787, 0.0, 0.0, 0.0
-90.0, -15.956168119821893, -0.0, 150.6374454132146, 0.0, 0.0, 0.0
-90.0, -16.124866673777795, -0.0, 150.74991111585186, 0.0, 0.0, 0.0
-90.0, -16.293547230969658, -0.0, 150.86236482064643, 0.0, 0.0, 0.0
-90.0, -16.46220709306971, -0.0, 150.97480472871314, 0.0, 0.0, 0.0
-90.0, -16.630843562247, -0.0, 151.087229041498, 0.0, 0.0, 0.0
-90.0, -16.799453941232056, -0.0, 151.19963596082135, 0.0, 0.0, 0.0
-90.0, -16.96803553338195, -0.0, 151.3120236889213, 0.0, 0.0, 0.0
-90.0, -17.1365856427448, -0.0, 151.42439042849654, 0.0, 0.0, 0.0
-90.0, -17.30510157412488, -0.0, 151.53673438274993, 0.0, 0.0, 0.0
-90.0, -17.473580633147158, -0.0, 151.64905375543145, 0.0, 0.0, 0.0
-90.0, -17.642020126322222, -0.0, 151.7613467508815, 0.0, 0.0, 0.0
-90.0, -17.810417361111114, -0.0, 151.8736115740741, 0.0, 0.0, 0.0
-90.0, -17.97876964598998, -0.0, 151.98584643066, 0.0, 0.0, 0.0
-90.0, -18.147074290515047, -0.0, 152.09804952701003, 0.0, 0.0, 0.0
-90.0, -18.31532860538732, -0.0, 152.2102190702582, 0.0, 0.0, 0.0
-90.0, -18.483529902517414, -0.0, 152.32235326834495, 0.0, 0.0, 0.0
-90.0, -18.651675495090284, -0.0, 152.4344503300602, 0.0, 0.0, 0.0
-90.0, -18.819762697630146, -0.0, 152.5465084650868, 0.0, 0.0, 0.0
-90.0, -18.987788826065234, -0.0, 152.65852588404348, 0.0, 0.0, 0.0
-90.0, -19.155751197792497, -0.0, 152.77050079852833, 0.0, 0.0, 0.0
-90.0, -19.32364713174256, -0.0, 152.8824314211617, 0.0, 0.0, 0.0
-90.0, -19.49147394844445, -0.0, 152.99431596562962, 0.0, 0.0, 0.0
-90.0, -19.65922897009031, -0.0, 153.10615264672685, 0.0, 0.0, 0.0
-90.0, -19.82690952060039, -0.0, 153.21793968040026, 0.0, 0.0, 0.0
-90.0, -19.99451292568767, -0.0, 153.32967528379177, 0.0, 0.0, 0.0
-90.0, -20.162036512922747, -0.0, 153.44135767528184, 0.0, 0.0, 0.0
-90.0, -20.3294776117986, -0.0, 153.55298507453242, 0.0, 0.0, 0.0
-90.0, -20.49683355379549, -0.0, 153.66455570253032, 0.0, 0.0, 0.0
-90.0, -20.664101672445558, -0.0, 153.7760677816304, 0.0, 0.0, 0.0
-90.0, -20.83127930339786, -0.0, 153.88751953559856, 0.0, 0.0, 0.0
-90.0, -20.99836378448291, -0.0, 153.99890918965528, 0.0, 0.0, 0.0
-90.0, -21.16535245577779, -0.0, 154.11023497051855, 0.0, 0.0, 0.0
-90.0, -21.332242659670644, -0.0, 154.2214951064471, 0.0, 0.0, 0.0
-90.0, -21.499031740925712, -0.0, 154.3326878272838, 0.0, 0.0, 0.0
-90.0, -21.665717046748004, -0.0, 154.44381136449869, 0.0, 0.0, 0.0
-90.0, -21.832295926848065, -0.0, 154.55486395123205, 0.0, 0.0, 0.0
-90.0, -21.998765733506946, -0.0, 154.66584382233796, 0.0, 0.0, 0.0
-90.0, -22.165123821640815, -0.0, 154.7767492144272, 0.0, 0.0, 0.0
-90.0, -22.33136754886587, -0.0, 154.8875783659106, 0.0, 0.0, 0.0
-90.0, -22.497494275563188, -0.0, 154.99832951704212, 0.0, 0.0, 0.0
-90.0, -22.663501364943272, -0.0, 155.10900090996216, 0.0, 0.0, 0.0
-90.0, -22.829386183111097, -0.0, 155.21959078874073, 0.0, 0.0, 0.0
-90.0, -22.99514609913097, -0.0, 155.33009739942065, 0.0, 0.0, 0.0
-90.0, -23.160778485091072, -0.0, 155.44051899006072, 0.0, 0.0, 0.0
-90.0, -23.32628071616831, -0.0, 155.55085381077888, 0.0, 0.0, 0.0
-90.0, -23.4916501706934, -0.0, 155.6611001137956, 0.0, 0.0, 0.0
-90.0, -23.65688423021526, -0.0, 155.77125615347683, 0.0, 0.0, 0.0
-90.0, -23.82198027956617, -0.0, 155.88132018637748, 0.0, 0.0, 0.0
-90.0, -23.98693570692621, -0.0, 155.99129047128412, 0.0, 0.0, 0.0
-90.0, -24.1517479038885, -0.0, 156.10116526925904, 0.0, 0.0, 0.0
-90.0, -24.316414265523587, -0.0, 156.2109428436824, 0.0, 0.0, 0.0
-90.0, -24.48093219044445, -0.0, 156.32062146029625, 0.0, 0.0, 0.0
-90.0, -24.645299080871307, -0.0, 156.4301993872475, 0.0, 0.0, 0.0
-90.0, -24.809512342696397, -0.0, 156.53967489513093, 0.0, 0.0, 0.0
-90.0, -24.973569385548675, -0.0, 156.64904625703244, 0.0, 0.0, 0.0
-90.0, -25.137467622858725, -0.0, 156.75831174857248, 0.0, 0.0, 0.0
-90.0, -25.3012044719236, -0.0, 156.86746964794906, 0.0, 0.0, 0.0
-90.0, -25.4647773539715, -0.0, 156.976518235981, 0.0, 0.0, 0.0
-90.0, -25.628183694226568, -0.0, 157.08545579615105, 0.0, 0.0, 0.0
-90.0, -25.791420921973806, -0.0, 157.19428061464922, 0.0, 0.0, 0.0
-90.0, -25.95448647062392, -0.0, 157.30299098041596, 0.0, 0.0, 0.0
-90.0, -26.117377777777772, -0.0, 157.41158518518517, 0.0, 0.0, 0.0
-90.0, -26.280092285291648, -0.0, 157.52006152352777, 0.0, 0.0, 0.0
-90.0, -26.442627439341713, -0.0, 157.62841829289448, 0.0, 0.0, 0.0
-90.0, -26.604980690488965, -0.0, 157.73665379365934, 0.0, 0.0, 0.0
-90.0, -26.767149493744057, -0.0, 157.84476632916272, 0.0, 0.0, 0.0
-90.0, -26.92913130863193, -0.0, 157.95275420575462, 0.0, 0.0, 0.0
-90.0, -27.090923599256847, -0.0, 158.0606157328379, 0.0, 0.0, 0.0
-90.0, -27.252523834366883, -0.0, 158.16834922291127, 0.0, 0.0, 0.0
-90.0, -27.41392948741916, -0.0, 158.27595299161277, 0.0, 0.0, 0.0
-90.0, -27.575138036644248, -0.0, 158.3834253577628, 0.0, 0.0, 0.0
-90.0, -27.736146965111104, -0.0, 158.4907646434074, 0.0, 0.0, 0.0
-90.0, -27.896953760791988, -0.0, 158.59796917386132, 0.0, 0.0, 0.0
-90.0, -28.057555916627038, -0.0, 158.7050372777514, 0.0, 0.0, 0.0
-90.0, -28.217950930589353, -0.0, 158.8119672870596, 0.0, 0.0, 0.0
-90.0, -28.378136305749422, -0.0, 158.9187575371663, 0.0, 0.0, 0.0
-90.0, -28.53810955034028, -0.0, 159.02540636689352, 0.0, 0.0, 0.0
-90.0, -28.697868177822137, -0.0, 159.1319121185481, 0.0, 0.0, 0.0
-90.0, -28.857409706947266, -0.0, 159.23827313796482, 0.0, 0.0, 0.0
-90.0, -29.016731661824473, -0.0, 159.3444877745497, 0.0, 0.0, 0.0
-90.0, -29.17583157198458, -0.0, 159.45055438132306, 0.0, 0.0, 0.0
-90.0, -29.334706972444422, -0.0, 159.55647131496295, 0.0, 0.0, 0.0
-90.0, -29.49335540377232, -0.0, 159.66223693584823, 0.0, 0.0, 0.0
-90.0, -29.651774412152392, -0.0, 159.76784960810159, 0.0, 0.0, 0.0
-90.0, -29.809961549449667, -0.0, 159.87330769963313, 0.0, 0.0, 0.0
-90.0, -29.96791437327476, -0.0, 159.97860958218317, 0.0, 0.0, 0.0
-90.0, -30.1256304470486, -0.0, 160.0837536313657, 0.0, 0.0, 0.0
-90.0, -30.283107340067488, -0.0, 160.18873822671168, 0.0, 0.0, 0.0
-90.0, -30.44034262756756, -0.0, 160.2935617517117, 0.0, 0.0, 0.0
-90.0, -30.597333890789834, -0.0, 160.39822259385988, 0.0, 0.0, 0.0
-90.0, -30.75407871704489, -0.0, 160.50271914469658, 0.0, 0.0, 0.0
-90.0, -30.91057469977779, -0.0, 160.60704979985186, 0.0, 0.0, 0.0
-90.0, -31.066819438632663, -0.0, 160.71121295908844, 0.0, 0.0, 0.0
-90.0, -31.222810539517745, -0.0, 160.81520702634515, 0.0, 0.0, 0.0
-90.0, -31.37854561467001, -0.0, 160.91903040978, 0.0, 0.0, 0.0
-90.0, -31.534022282720052, -0.0, 161.02268152181338, 0.0, 0.0, 0.0
-90.0, -31.689238168756944, -0.0, 161.1261587791713, 0.0, 0.0, 0.0
-90.0, -31.844190904392818, -0.0, 161.22946060292855, 0.0, 0.0, 0.0
-90.0, -31.998878127827886, -0.0, 161.3325854185519, 0.0, 0.0, 0.0
-90.0, -32.15329748391517, -0.0, 161.43553165594344, 0.0, 0.0, 0.0
-90.0, -32.30744662422524, -0.0, 161.5382977494835, 0.0, 0.0, 0.0
-90.0, -32.461323207111114, -0.0, 161.64088213807406, 0.0, 0.0, 0.0
-90.0, -32.614924897773, -0.0, 161.74328326518201, 0.0, 0.0, 0.0
-90.0, -32.76824936832305, -0.0, 161.84549957888203, 0.0, 0.0, 0.0
-90.0, -32.92129429785032, -0.0, 161.94752953190022, 0.0, 0.0, 0.0
-90.0, -33.0740573724854, -0.0, 162.04937158165694, 0.0, 0.0, 0.0
-90.0, -33.22653628546528, -0.0, 162.15102419031018, 0.0, 0.0, 0.0
-90.0, -33.378728737198145, -0.0, 162.25248582479878, 0.0, 0.0, 0.0
-90.0, -33.530632435328215, -0.0, 162.35375495688547, 0.0, 0.0, 0.0
-90.0, -33.6822450948005, -0.0, 162.45483006320035, 0.0, 0.0, 0.0
-90.0, -33.833564437925546, -0.0, 162.55570962528373, 0.0, 0.0, 0.0
-90.0, -33.98458819444445, -0.0, 162.65639212962964, 0.0, 0.0, 0.0
-90.0, -34.13531410159333, -0.0, 162.75687606772888, 0.0, 0.0, 0.0
-90.0, -34.285739904168416, -0.0, 162.85715993611228, 0.0, 0.0, 0.0
-90.0, -34.435863354590666, -0.0, 162.95724223639377, 0.0, 0.0, 0.0
-90.0, -34.58568221297076, -0.0, 163.05712147531386, 0.0, 0.0, 0.0
-90.0, -34.73519424717359, -0.0, 163.1567961647824, 0.0, 0.0, 0.0
-90.0, -34.88439723288349, -0.0, 163.25626482192234, 0.0, 0.0, 0.0
-90.0, -35.03328895366857, -0.0, 163.3555259691124, 0.0, 0.0, 0.0
-90.0, -35.181867201045854, -0.0, 163.45457813403056, 0.0, 0.0, 0.0
-90.0, -35.330129774545924, -0.0, 163.5534198496973, 0.0, 0.0, 0.0
-90.0, -35.478074481777796, -0.0, 163.65204965451852, 0.0, 0.0, 0.0
-90.0, -35.62569913849365, -0.0, 163.75046609232908, 0.0, 0.0, 0.0
-90.0, -35.77300156865371, -0.0, 163.84866771243583, 0.0, 0.0, 0.0
-90.0, -35.919979604491026, -0.0, 163.94665306966067, 0.0, 0.0, 0.0
-90.0, -36.06663108657606, -0.0, 164.04442072438405, 0.0, 0.0, 0.0
-90.0, -36.21295386388195, -0.0, 164.14196924258798, 0.0, 0.0, 0.0
-90.0, -36.358945793848825, -0.0, 164.23929719589924, 0.0, 0.0, 0.0
-90.0, -36.5046047424489, -0.0, 164.33640316163257, 0.0, 0.0, 0.0
-90.0, -36.64992858425116, -0.0, 164.4332857228341, 0.0, 0.0, 0.0
-90.0, -36.79491520248624, -0.0, 164.52994346832418, 0.0, 0.0, 0.0
-90.0, -36.93956248911111, -0.0, 164.62637499274075, 0.0, 0.0, 0.0
-90.0, -37.08386834487397, -0.0, 164.72257889658266, 0.0, 0.0, 0.0
-90.0, -37.22783067937905, -0.0, 164.81855378625272, 0.0, 0.0, 0.0
-90.0, -37.37144741115132, -0.0, 164.91429827410087, 0.0, 0.0, 0.0
-90.0, -37.51471646770138, -0.0, 165.00981097846758, 0.0, 0.0, 0.0
-90.0, -37.657635785590266, -0.0, 165.10509052372686, 0.0, 0.0, 0.0
-90.0, -37.80020331049413, -0.0, 165.20013554032943, 0.0, 0.0, 0.0
-90.0, -37.94241699726922, -0.0, 165.29494466484613, 0.0, 0.0, 0.0
-90.0, -38.08427481001648, -0.0, 165.389516540011, 0.0, 0.0, 0.0
-90.0, -38.225774722146596, -0.0, 165.48384981476443, 0.0, 0.0, 0.0
-90.0, -38.366914716444455, -0.0, 165.5779431442963, 0.0, 0.0, 0.0
-90.0, -38.50769278513431, -0.0, 165.67179519008957, 0.0, 0.0, 0.0
-90.0, -38.64810692994441, -0.0, 165.76540461996294, 0.0, 0.0, 0.0
-90.0, -38.78815516217168, -0.0, 165.85877010811447, 0.0, 0.0, 0.0
-90.0, -38.92783550274675, -0.0, 165.9518903351645, 0.0, 0.0, 0.0
-90.0, -39.06714598229861, -0.0, 166.0447639881991, 0.0, 0.0, 0.0
-90.0, -39.2060846412195, -0.0, 166.137389760813, 0.0, 0.0, 0.0
-90.0, -39.344649529729566, -0.0, 166.22976635315305, 0.0, 0.0, 0.0
-90.0, -39.48283870794185, -0.0, 166.32189247196123, 0.0, 0.0, 0.0
-90.0, -39.620650245926925, -0.0, 166.41376683061793, 0.0, 0.0, 0.0
-90.0, -39.75808222377775, -0.0, 166.50538814918517, 0.0, 0.0, 0.0
-90.0, -39.89513273167465, -0.0, 166.59675515444977, 0.0, 0.0, 0.0
-90.0, -40.03179986994974, -0.0, 166.68786657996648, 0.0, 0.0, 0.0
-90.0, -40.168081749151995, -0.0, 166.77872116610132, 0.0, 0.0, 0.0
-90.0, -40.30397649011209, -0.0, 166.86931766007473, 0.0, 0.0, 0.0
-90.0, -40.43948222400695, -0.0, 166.95965481600464, 0.0, 0.0, 0.0
-90.0, -40.574597092424796, -0.0, 167.0497313949499, 0.0, 0.0, 0.0
-90.0, -40.70931924742993, -0.0, 167.13954616495326, 0.0, 0.0, 0.0
-90.0, -40.84364685162714, -0.0, 167.22909790108474, 0.0, 0.0, 0.0
-90.0, -40.97757807822724, -0.0, 167.31838538548485, 0.0, 0.0, 0.0
-90.0, -41.111111111111114, -0.0, 167.40740740740742, 0.0, 0.0, 0.0
-90.0, -41.244244144894964, -0.0, 167.4961627632633, 0.0, 0.0, 0.0
-90.0, -41.37697538499506, -0.0, 167.58465025666342, 0.0, 0.0, 0.0
-90.0, -41.50930304769231, -0.0, 167.67286869846157, 0.0, 0.0, 0.0
-90.0, -41.64122536019745, -0.0, 167.7608169067983, 0.0, 0.0, 0.0
-90.0, -41.77274056071535, -0.0, 167.84849370714358, 0.0, 0.0, 0.0
-90.0, -41.90384689851017, -0.0, 167.93589793234008, 0.0, 0.0, 0.0
-90.0, -42.03454263397022, -0.0, 168.0230284226468, 0.0, 0.0, 0.0
-90.0, -42.164826038672544, -0.0, 168.1098840257817, 0.0, 0.0, 0.0
-90.0, -42.29469539544752, -0.0, 168.19646359696503, 0.0, 0.0, 0.0
-90.0, -42.42414899844445, -0.0, 168.282765998963, 0.0, 0.0, 0.0
-90.0, -42.55318515319533, -0.0, 168.36879010213022, 0.0, 0.0, 0.0
-90.0, -42.681802176680435, -0.0, 168.45453478445359, 0.0, 0.0, 0.0
-90.0, -42.80999839739276, -0.0, 168.53999893159516, 0.0, 0.0, 0.0
-90.0, -42.93777215540274, -0.0, 168.62518143693515, 0.0, 0.0, 0.0
-90.0, -43.06512180242356, -0.0, 168.7100812016157, 0.0, 0.0, 0.0
-90.0, -43.19204570187543, -0.0, 168.79469713458366, 0.0, 0.0, 0.0
-90.0, -43.31854222895055, -0.0, 168.87902815263374, 0.0, 0.0, 0.0
-90.0, -43.44460977067787, -0.0, 168.9630731804519, 0.0, 0.0, 0.0
-90.0, -43.5702467259879, -0.0, 169.0468311506586, 0.0, 0.0, 0.0
-90.0, -43.695451505777754, -0.0, 169.13030100385183, 0.0, 0.0, 0.0
-90.0, -43.82022253297562, -0.0, 169.2134816886504, 0.0, 0.0, 0.0
-90.0, -43.944558242605666, -0.0, 169.29637216173714, 0.0, 0.0, 0.0
-90.0, -44.06845708185304, -0.0, 169.378971387902, 0.0, 0.0, 0.0
-90.0, -44.19191751012808, -0.0, 169.46127834008539, 0.0, 0.0, 0.0
-90.0, -44.314937999132, -0.0, 169.54329199942134, 0.0, 0.0, 0.0
-90.0, -44.43751703292085, -0.0, 169.62501135528055, 0.0, 0.0, 0.0
-90.0, -44.55965310797092, -0.0, 169.70643540531395, 0.0, 0.0, 0.0
-90.0, -44.68134473324314, -0.0, 169.78756315549546, 0.0, 0.0, 0.0
-90.0, -44.80259043024817, -0.0, 169.86839362016548, 0.0, 0.0, 0.0
-90.0, -44.92338873311111, -0.0, 169.94892582207407, 0.0, 0.0, 0.0
-90.0, -45.04373818863597, -0.0, 170.02915879242403, 0.0, 0.0, 0.0
-90.0, -45.16363735637108, -0.0, 170.10909157091405, 0.0, 0.0, 0.0
-90.0, -45.283084808673365, -0.0, 170.18872320578225, 0.0, 0.0, 0.0
-90.0, -45.40207913077339, -0.0, 170.2680527538489, 0.0, 0.0, 0.0
-90.0, -45.52061892084026, -0.0, 170.34707928056017, 0.0, 0.0, 0.0
-90.0, -45.638702790046054, -0.0, 170.42580186003073, 0.0, 0.0, 0.0
-90.0, -45.75632936263128, -0.0, 170.50421957508752, 0.0, 0.0, 0.0
-90.0, -45.873497275968475, -0.0, 170.58233151731233, 0.0, 0.0, 0.0
-90.0, -45.99020518062865, -0.0, 170.66013678708575, 0.0, 0.0, 0.0
-90.0, -46.106451740444456, -0.0, 170.73763449362963, 0.0, 0.0, 0.0
-90.0, -46.22223563257637, -0.0, 170.8148237550509, 0.0, 0.0, 0.0
-90.0, -46.3375555475764, -0.0, 170.89170369838428, 0.0, 0.0, 0.0
-90.0, -46.4524101894536, -0.0, 170.96827345963578, 0.0, 0.0, 0.0
-90.0, -46.56679827573869, -0.0, 171.04453218382582, 0.0, 0.0, 0.0
-90.0, -46.680718537548614, -0.0, 171.12047902503244, 0.0, 0.0, 0.0
-90.0, -46.79416971965152, -0.0, 171.19611314643436, 0.0, 0.0, 0.0
-90.0, -46.90715058053155, -0.0, 171.27143372035437, 0.0, 0.0, 0.0
-90.0, -47.0196598924538, -0.0, 171.34643992830257, 0.0, 0.0, 0.0
-90.0, -47.1316964415289, -0.0, 171.42113096101926, 0.0, 0.0, 0.0
-90.0, -47.24325902777777, -0.0, 171.49550601851848, 0.0, 0.0, 0.0
-90.0, -47.35434646519663, -0.0, 171.5695643101311, 0.0, 0.0, 0.0
-90.0, -47.464957581821736, -0.0, 171.6433050545478, 0.0, 0.0, 0.0
-90.0, -47.57509121979405, -0.0, 171.7167274798627, 0.0, 0.0, 0.0
-90.0, -47.68474623542413, -0.0, 171.78983082361606, 0.0, 0.0, 0.0
-90.0, -47.79392149925695, -0.0, 171.86261433283798, 0.0, 0.0, 0.0
-90.0, -47.90261589613682, -0.0, 171.9350772640912, 0.0, 0.0, 0.0
-90.0, -48.01082832527196, -0.0, 172.00721888351467, 0.0, 0.0, 0.0
-90.0, -48.118557700299135, -0.0, 172.07903846686608, 0.0, 0.0, 0.0
-90.0, -48.22580294934919, -0.0, 172.15053529956612, 0.0, 0.0, 0.0
-90.0, -48.332563015111106, -0.0, 172.22170867674072, 0.0, 0.0, 0.0
-90.0, -48.43883685489696, -0.0, 172.29255790326468, 0.0, 0.0, 0.0
-90.0, -48.54462344070704, -0.0, 172.36308229380467, 0.0, 0.0, 0.0
-90.0, -48.64992175929436, -0.0, 172.43328117286288, 0.0, 0.0, 0.0
-90.0, -48.75473081222938, -0.0, 172.5031538748196, 0.0, 0.0, 0.0
-90.0, -48.85904961596529, -0.0, 172.57269974397684, 0.0, 0.0, 0.0
-90.0, -48.9628772019022, -0.0, 172.64191813460144, 0.0, 0.0, 0.0
-90.0, -49.06621261645225, -0.0, 172.71080841096824, 0.0, 0.0, 0.0
-90.0, -49.16905492110452, -0.0, 172.77936994740296, 0.0, 0.0, 0.0
-90.0, -49.2714031924896, -0.0, 172.84760212832634, 0.0, 0.0, 0.0
-90.0, -49.373256522444464, -0.0, 172.91550434829628, 0.0, 0.0, 0.0
-90.0, -49.474614018077304, -0.0, 172.98307601205153, 0.0, 0.0, 0.0
-90.0, -49.575474801832385, -0.0, 173.0503165345549, 0.0, 0.0, 0.0
-90.0, -49.675838011554646, -0.0, 173.11722534103637, 0.0, 0.0, 0.0
-90.0, -49.775702800554754, -0.0, 173.18380186703655, 0.0, 0.0, 0.0
-90.0, -49.87506833767357, -0.0, 173.25004555844902, 0.0, 0.0, 0.0
-90.0, -49.97393380734751, -0.0, 173.315955871565, 0.0, 0.0, 0.0
-90.0, -50.072298409672555, -0.0, 173.38153227311506, 0.0, 0.0, 0.0
-90.0, -50.170161360469905, -0.0, 173.44677424031323, 0.0, 0.0, 0.0
-90.0, -50.267521891349915, -0.0, 173.51168126089988, 0.0, 0.0, 0.0
-90.0, -50.364379249777784, -0.0, 173.5762528331852, 0.0, 0.0, 0.0
-90.0, -50.46073269913768, -0.0, 173.64048846609182, 0.0, 0.0, 0.0
-90.0, -50.55658151879777, -0.0, 173.70438767919853, 0.0, 0.0, 0.0
-90.0, -50.65192500417501, -0.0, 173.76795000278332, 0.0, 0.0, 0.0
-90.0, -50.74676246680005, -0.0, 173.83117497786668, 0.0, 0.0, 0.0
-90.0, -50.84109323438196, -0.0, 173.89406215625462, 0.0, 0.0, 0.0
-90.0, -50.93491665087282, -0.0, 173.95661110058188, 0.0, 0.0, 0.0
-90.0, -51.02823207653287, -0.0, 174.01882138435528, 0.0, 0.0, 0.0
-90.0, -51.121038887995184, -0.0, 174.0806925919968, 0.0, 0.0, 0.0
-90.0, -51.21333647833026, -0.0, 174.14222431888683, 0.0, 0.0, 0.0
-90.0, -51.3051242571112, -0.0, 174.2034161714074, 0.0, 0.0, 0.0
-90.0, -51.39640165047797, -0.0, 174.2642677669853, 0.0, 0.0, 0.0
-90.0, -51.48716810120314, -0.0, 174.32477873413538, 0.0, 0.0, 0.0
-90.0, -51.57742306875534, -0.0, 174.38494871250361, 0.0, 0.0, 0.0
-90.0, -51.66716602936543, -0.0, 174.44477735291025, 0.0, 0.0, 0.0
-90.0, -51.756396476090316, -0.0, 174.50426431739356, 0.0, 0.0, 0.0
-90.0, -51.845113918878184, -0.0, 174.56340927925208, 0.0, 0.0, 0.0
-90.0, -51.933317884633226, -0.0, 174.62221192308886, 0.0, 0.0, 0.0
-90.0, -52.021007917280514, -0.0, 174.6806719448537, 0.0, 0.0, 0.0
-90.0, -52.10818357783063, -0.0, 174.73878905188712, 0.0, 0.0, 0.0
-90.0, -52.19484444444444, -0.0, 174.79656296296298, 0.0, 0.0, 0.0
-90.0, -52.28099011249836, -0.0, 174.8539934083322, 0.0, 0.0, 0.0
-90.0, -52.366620194648505, -0.0, 174.91108012976565, 0.0, 0.0, 0.0
-90.0, -52.451734320895696, -0.0, 174.96782288059714, 0.0, 0.0, 0.0
-90.0, -52.53633213865078, -0.0, 175.02422142576722, 0.0, 0.0, 0.0
-90.0, -52.620413312798576, -0.0, 175.08027554186566, 0.0, 0.0, 0.0
-90.0, -52.70397752576346, -0.0, 175.13598501717567, 0.0, 0.0, 0.0
-90.0, -52.78702447757357, -0.0, 175.19134965171577, 0.0, 0.0, 0.0
-90.0, -52.869553885925825, -0.0, 175.24636925728387, 0.0, 0.0, 0.0
-90.0, -52.95156548625087, -0.0, 175.3010436575006, 0.0, 0.0, 0.0
-90.0, -53.03305903177781, -0.0, 175.35537268785188, 0.0, 0.0, 0.0
-90.0, -53.11403429359865, -0.0, 175.4093561957324, 0.0, 0.0, 0.0
-90.0, -53.1944910607337, -0.0, 175.4629940404891, 0.0, 0.0, 0.0
-90.0, -53.27442914019602, -0.0, 175.51628609346403, 0.0, 0.0, 0.0
-90.0, -53.35384835705611, -0.0, 175.56923223803742, 0.0, 0.0, 0.0
-90.0, -53.432748554506986, -0.0, 175.6218323696713, 0.0, 0.0, 0.0
-90.0, -53.51112959392887, -0.0, 175.6740863959526, 0.0, 0.0, 0.0
-90.0, -53.58899135495386, -0.0, 175.72599423663593, 0.0, 0.0, 0.0
-90.0, -53.666333735531225, -0.0, 175.77755582368746, 0.0, 0.0, 0.0
-90.0, -53.7431566519912, -0.0, 175.82877110132753, 0.0, 0.0, 0.0
-90.0, -53.819460039111135, -0.0, 175.87964002607407, 0.0, 0.0, 0.0
-90.0, -53.8952438501789, -0.0, 175.93016256678595, 0.0, 0.0, 0.0
-90.0, -53.97050805705911, -0.0, 175.98033870470607, 0.0, 0.0, 0.0
-90.0, -54.04525265025637, -0.0, 176.03016843350423, 0.0, 0.0, 0.0
-90.0, -54.11947763898141, -0.0, 176.079651759321, 0.0, 0.0, 0.0
-90.0, -54.19318305121527, -0.0, 176.12878870081022, 0.0, 0.0, 0.0
-90.0, -54.26636893377423, -0.0, 176.1775792891828, 0.0, 0.0, 0.0
-90.0, -54.339035352374225, -0.0, 176.22602356824947, 0.0, 0.0, 0.0
-90.0, -54.411182391696656, -0.0, 176.27412159446436, 0.0, 0.0, 0.0
-90.0, -54.4828101554516, -0.0, 176.32187343696776, 0.0, 0.0, 0.0
-90.0, -54.55391876644447, -0.0, 176.3692791776296, 0.0, 0.0, 0.0
-90.0, -54.624508366639304, -0.0, 176.4163389110929, 0.0, 0.0, 0.0
-90.0, -54.69457911722438, -0.0, 176.4630527448162, 0.0, 0.0, 0.0
-90.0, -54.764131198676665, -0.0, 176.50942079911778, 0.0, 0.0, 0.0
-90.0, -54.8331648108267, -0.0, 176.55544320721788, 0.0, 0.0, 0.0
-90.0, -54.901680172923705, -0.0, 176.60112011528247, 0.0, 0.0, 0.0
-90.0, -54.96967752369943, -0.0, 176.64645168246633, 0.0, 0.0, 0.0
-90.0, -55.03715712143463, -0.0, 176.6914380809564, 0.0, 0.0, 0.0
-90.0, -55.1041192440218, -0.0, 176.7360794960146, 0.0, 0.0, 0.0
-90.0, -55.17056418903192, -0.0, 176.78037612602128, 0.0, 0.0, 0.0
-90.0, -55.23649227377774, -0.0, 176.82432818251857, 0.0, 0.0, 0.0
-90.0, -55.30190383537973, -0.0, 176.86793589025314, 0.0, 0.0, 0.0
-90.0, -55.36679923082974, -0.0, 176.91119948721987, 0.0, 0.0, 0.0
-90.0, -55.43117883705705, -0.0, 176.95411922470467, 0.0, 0.0, 0.0
-90.0, -55.49504305099205, -0.0, 176.99669536732807, 0.0, 0.0, 0.0
-90.0, -55.55839228963188, -0.0, 177.03892819308803, 0.0, 0.0, 0.0
-90.0, -55.62122699010487, -0.0, 177.0808179934032, 0.0, 0.0, 0.0
-90.0, -55.683547609734774, -0.0, 177.1223650731566, 0.0, 0.0, 0.0
-90.0, -55.745354626107115, -0.0, 177.1635697507381, 0.0, 0.0, 0.0
-90.0, -55.80664853713222, -0.0, 177.20443235808816, 0.0, 0.0, 0.0
-90.0, -55.867429861111106, -0.0, 177.24495324074076, 0.0, 0.0, 0.0
-90.0, -55.92769913679999, -0.0, 177.2851327578667, 0.0, 0.0, 0.0
-90.0, -55.98745692347515, -0.0, 177.32497128231674, 0.0, 0.0, 0.0
-90.0, -56.04670380099736, -0.0, 177.36446920066496, 0.0, 0.0, 0.0
-90.0, -56.105440369877385, -0.0, 177.40362691325157, 0.0, 0.0, 0.0
-90.0, -56.163667251340314, -0.0, 177.44244483422688, 0.0, 0.0, 0.0
-90.0, -56.22138508739013, -0.0, 177.48092339159336, 0.0, 0.0, 0.0
-90.0, -56.27859454087522, -0.0, 177.5190630272502, 0.0, 0.0, 0.0
-90.0, -56.33529629555258, -0.0, 177.556864197035, 0.0, 0.0, 0.0
-90.0, -56.39149105615266, -0.0, 177.5943273707684, 0.0, 0.0, 0.0
-90.0, -56.44717954844444, -0.0, 177.63145303229635, 0.0, 0.0, 0.0
-90.0, -56.50236251930028, -0.0, 177.66824167953354, 0.0, 0.0, 0.0
-90.0, -56.557040736760456, -0.0, 177.704693824507, 0.0, 0.0, 0.0
-90.0, -56.61121499009769, -0.0, 177.74080999339844, 0.0, 0.0, 0.0
-90.0, -56.66488608988283, -0.0, 177.77659072658847, 0.0, 0.0, 0.0
-90.0, -56.718054868048625, -0.0, 177.812036578699, 0.0, 0.0, 0.0
-90.0, -56.77072217795555, -0.0, 177.847148118637, 0.0, 0.0, 0.0
-90.0, -56.82288889445553, -0.0, 177.881925929637, 0.0, 0.0, 0.0
-90.0, -56.87455591395772, -0.0, 177.91637060930523, 0.0, 0.0, 0.0
-90.0, -56.92572415449294, -0.0, 177.95048276966193, 0.0, 0.0, 0.0
-90.0, -56.9763945557778, -0.0, 177.9842630371852, 0.0, 0.0, 0.0
-90.0, -57.026568079280594, -0.0, 178.01771205285374, 0.0, 0.0, 0.0
-90.0, -57.076245708285796, -0.0, 178.0508304721905, 0.0, 0.0, 0.0
-90.0, -57.12542844795806, -0.0, 178.08361896530536, 0.0, 0.0, 0.0
-90.0, -57.174117325408105, -0.0, 178.11607821693875, 0.0, 0.0, 0.0
-90.0, -57.222313389757005, -0.0, 178.1482089265047, 0.0, 0.0, 0.0
-90.0, -57.27001771220088, -0.0, 178.18001180813394, 0.0, 0.0, 0.0
-90.0, -57.317231386075974, -0.0, 178.2114875907173, 0.0, 0.0, 0.0
-90.0, -57.363955526923235, -0.0, 178.24263701794885, 0.0, 0.0, 0.0
-90.0, -57.41019127255328, -0.0, 178.27346084836884, 0.0, 0.0, 0.0
-90.0, -57.45593978311115, -0.0, 178.30395985540744, 0.0, 0.0, 0.0
-90.0, -57.5012022411409, -0.0, 178.3341348274273, 0.0, 0.0, 0.0
-90.0, -57.54597985165108, -0.0, 178.36398656776734, 0.0, 0.0, 0.0
-90.0, -57.59027384217839, -0.0, 178.39351589478557, 0.0, 0.0, 0.0
-90.0, -57.63408546285339, -0.0, 178.42272364190225, 0.0, 0.0, 0.0
-90.0, -57.677415986465206, -0.0, 178.45161065764347, 0.0, 0.0, 0.0
-90.0, -57.720266708526225, -0.0, 178.48017780568412, 0.0, 0.0, 0.0
-90.0, -57.76263894733631, -0.0, 178.50842596489088, 0.0, 0.0, 0.0
-90.0, -57.804534044048495, -0.0, 178.53635602936566, 0.0, 0.0, 0.0
-90.0, -57.84595336273358, -0.0, 178.56396890848907, 0.0, 0.0, 0.0
-90.0, -57.88689829044441, -0.0, 178.59126552696296, 0.0, 0.0, 0.0
-90.0, -57.92737023728131, -0.0, 178.6182468248542, 0.0, 0.0, 0.0
-90.0, -57.96737063645634, -0.0, 178.64491375763757, 0.0, 0.0, 0.0
-90.0, -58.00690094435879, -0.0, 178.67126729623917, 0.0, 0.0, 0.0
-90.0, -58.04596264061871, -0.0, 178.69730842707918, 0.0, 0.0, 0.0
-90.0, -58.08455722817354, -0.0, 178.7230381521157, 0.0, 0.0, 0.0
-90.0, -58.12268623333159, -0.0, 178.7484574888877, 0.0, 0.0, 0.0
-90.0, -58.160351205836605, -0.0, 178.77356747055777, 0.0, 0.0, 0.0
-90.0, -58.19755371893399, -0.0, 178.79836914595597, 0.0, 0.0, 0.0
-90.0, -58.23429536943382, -0.0, 178.82286357962263, 0.0, 0.0, 0.0
-90.0, -58.2705777777777, -0.0, 178.84705185185183, 0.0, 0.0, 0.0
-90.0, -58.30640258810183, -0.0, 178.8709350587345, 0.0, 0.0, 0.0
-90.0, -58.34177146830177, -0.0, 178.89451431220115, 0.0, 0.0, 0.0
-90.0, -58.376686110099, -0.0, 178.91779074006607, 0.0, 0.0, 0.0
-90.0, -58.41114822910413, -0.0, 178.94076548606935, 0.0, 0.0, 0.0
-90.0, -58.44515956488209, -0.0, 178.96343970992132, 0.0, 0.0, 0.0
-90.0, -58.478721881016725, -0.0, 178.98581458734452, 0.0, 0.0, 0.0
-90.0, -58.51183696517711, -0.0, 179.00789131011797, 0.0, 0.0, 0.0
-90.0, -58.54450662917924, -0.0, 179.02967108611952, 0.0, 0.0, 0.0
-90.0, -58.57673270905428, -0.0, 179.05115513936954, 0.0, 0.0, 0.0
-90.0, -58.60851706511107, -0.0, 179.072344710074, 0.0, 0.0, 0.0
-90.0, -58.639861582002084, -0.0, 179.0932410546679, 0.0, 0.0, 0.0
-90.0, -58.670768168787106, -0.0, 179.11384544585803, 0.0, 0.0, 0.0
-90.0, -58.70123875899941, -0.0, 179.13415917266627, 0.0, 0.0, 0.0
-90.0, -58.73127531070941, -0.0, 179.1541835404729, 0.0, 0.0, 0.0
-90.0, -58.76087980659037, -0.0, 179.1739198710602, 0.0, 0.0, 0.0
-90.0, -58.79005425398219, -0.0, 179.19336950265483, 0.0, 0.0, 0.0
-90.0, -58.81880068495735, -0.0, 179.21253378997156, 0.0, 0.0, 0.0
-90.0, -58.8471211563845, -0.0, 179.23141410425637, 0.0, 0.0, 0.0
-90.0, -58.87501774999458, -0.0, 179.25001183332972, 0.0, 0.0, 0.0
-90.0, -58.902492572444544, -0.0, 179.26832838162971, 0.0, 0.0, 0.0
-90.0, -58.92954775538226, -0.0, 179.28636517025487, 0.0, 0.0, 0.0
-90.0, -58.95618545551241, -0.0, 179.30412363700836, 0.0, 0.0, 0.0
-90.0, -58.982407854659755, -0.0, 179.3216052364398, 0.0, 0.0, 0.0
-90.0, -59.00821715983483, -0.0, 179.33881143988987, 0.0, 0.0, 0.0
-90.0, -59.033615603298585, -0.0, 179.35574373553246, 0.0, 0.0, 0.0
-90.0, -59.058605442627425, -0.0, 179.37240362841834, 0.0, 0.0, 0.0
-90.0, -59.08318896077765, -0.0, 179.3887926405185, 0.0, 0.0, 0.0
-90.0, -59.10736846614992, -0.0, 179.40491231076663, 0.0, 0.0, 0.0
-90.0, -59.1311462926551, -0.0, 179.4207641951034, 0.0, 0.0, 0.0
-90.0, -59.154524799777846, -0.0, 179.43634986651858, 0.0, 0.0, 0.0
-90.0, -59.17750637264277, -0.0, 179.4516709150951, 0.0, 0.0, 0.0
-90.0, -59.20009342207783, -0.0, 179.46672894805184, 0.0, 0.0, 0.0
-90.0, -59.222288384679985, -0.0, 179.48152558978674, 0.0, 0.0, 0.0
-90.0, -59.244093722880166, -0.0, 179.49606248192003, 0.0, 0.0, 0.0
-90.0, -59.26551192500699, -0.0, 179.51034128333802, 0.0, 0.0, 0.0
-90.0, -59.28654550535276, -0.0, 179.5243636702352, 0.0, 0.0, 0.0
-90.0, -59.30719700423805, -0.0, 179.53813133615867, 0.0, 0.0, 0.0
-90.0, -59.32746898807517, -0.0, 179.55164599205006, 0.0, 0.0, 0.0
-90.0, -59.347364049435214, -0.0, 179.5649093662901, 0.0, 0.0, 0.0
-90.0, -59.36688480711109, -0.0, 179.5779232047407, 0.0, 0.0, 0.0
-90.0, -59.386033906183, -0.0, 179.59068927078857, 0.0, 0.0, 0.0
-90.0, -59.40481401808319, -0.0, 179.6032093453888, 0.0, 0.0, 0.0
-90.0, -59.42322784066039, -0.0, 179.61548522710692, 0.0, 0.0, 0.0
-90.0, -59.441278098245505, -0.0, 179.62751873216368, 0.0, 0.0, 0.0
-90.0, -59.45896754171531, -0.0, 179.63931169447685, 0.0, 0.0, 0.0
-90.0, -59.476298948558224, -0.0, 179.65086596570552, 0.0, 0.0, 0.0
-90.0, -59.49327512293826, -0.0, 179.66218341529213, 0.0, 0.0, 0.0
-90.0, -59.50989889576056, -0.0, 179.67326593050706, 0.0, 0.0, 0.0
-90.0, -59.52617312473569, -0.0, 179.6841154164904, 0.0, 0.0, 0.0
-90.0, -59.54210069444446, -0.0, 179.6947337962963, 0.0, 0.0, 0.0
-90.0, -59.5576845164033, -0.0, 179.7051230109356, 0.0, 0.0, 0.0
-90.0, -59.572927529128606, -0.0, 179.715285019419, 0.0, 0.0, 0.0
-90.0, -59.587832698200714, -0.0, 179.72522179880053, 0.0, 0.0, 0.0
-90.0, -59.602403016330754, -0.0, 179.73493534422047, 0.0, 0.0, 0.0
-90.0, -59.61664150342369, -0.0, 179.74442766894907, 0.0, 0.0, 0.0
-90.0, -59.63055120664342, -0.0, 179.75370080442897, 0.0, 0.0, 0.0
-90.0, -59.6441352004785, -0.0, 179.76275680031904, 0.0, 0.0, 0.0
-90.0, -59.65739658680587, -0.0, 179.77159772453723, 0.0, 0.0, 0.0
-90.0, -59.670338494955956, -0.0, 179.780225663304, 0.0, 0.0, 0.0
-90.0, -59.682964081777925, -0.0, 179.7886427211853, 0.0, 0.0, 0.0
-90.0, -59.69527653170371, -0.0, 179.79685102113578, 0.0, 0.0, 0.0
-90.0, -59.70727905681383, -0.0, 179.8048527045425, 0.0, 0.0, 0.0
-90.0, -59.71897489690099, -0.0, 179.81264993126746, 0.0, 0.0, 0.0
-90.0, -59.730367319536185, -0.0, 179.82024487969076, 0.0, 0.0, 0.0
-90.0, -59.74145962013199, -0.0, 179.82763974675467, 0.0, 0.0, 0.0
-90.0, -59.75225512200882, -0.0, 179.8348367480058, 0.0, 0.0, 0.0
-90.0, -59.76275717645905, -0.0, 179.8418381176393, 0.0, 0.0, 0.0
-90.0, -59.77296916281125, -0.0, 179.84864610854083, 0.0, 0.0, 0.0
-90.0, -59.78289448849631, -0.0, 179.8552629923309, 0.0, 0.0, 0.0
-90.0, -59.79253658911125, -0.0, 179.86169105940746, 0.0, 0.0, 0.0
-90.0, -59.80189892848392, -0.0, 179.8679326189893, 0.0, 0.0, 0.0
-90.0, -59.810984998739286, -0.0, 179.87398999915945, 0.0, 0.0, 0.0
-90.0, -59.819798320361315, -0.0, 179.87986554690752, 0.0, 0.0, 0.0
-90.0, -59.82834244226143, -0.0, 179.8855616281743, 0.0, 0.0, 0.0
-90.0, -59.83662094184035, -0.0, 179.89108062789353, 0.0, 0.0, 0.0
-90.0, -59.84463742505443, -0.0, 179.89642495003613, 0.0, 0.0, 0.0
-90.0, -59.85239552647931, -0.0, 179.90159701765288, 0.0, 0.0, 0.0
-90.0, -59.85989890937657, -0.0, 179.90659927291773, 0.0, 0.0, 0.0
-90.0, -59.86715126575649, -0.0, 179.91143417717097, 0.0, 0.0, 0.0
-90.0, -59.87415631644433, -0.0, 179.91610421096289, 0.0, 0.0, 0.0
-90.0, -59.88091781114434, -0.0, 179.92061187409632, 0.0, 0.0, 0.0
-90.0, -59.887439528504615, -0.0, 179.9249596856697, 0.0, 0.0, 0.0
-90.0, -59.893725276181726, -0.0, 179.9291501841211, 0.0, 0.0, 0.0
-90.0, -59.899778890906816, -0.0, 179.93318592727127, 0.0, 0.0, 0.0
-90.0, -59.90560423854879, -0.0, 179.93706949236588, 0.0, 0.0, 0.0
-90.0, -59.91120521417969, -0.0, 179.94080347611975, 0.0, 0.0, 0.0
-90.0, -59.9165857421396, -0.0, 179.9443904947596, 0.0, 0.0, 0.0
-90.0, -59.921749776101876, -0.0, 179.94783318406797, 0.0, 0.0, 0.0
-90.0, -59.926701299136994, -0.0, 179.95113419942464, 0.0, 0.0, 0.0
-90.0, -59.93144432377795, -0.0, 179.95429621585185, 0.0, 0.0, 0.0
-90.0, -59.93598289208461, -0.0, 179.9573219280564, 0.0, 0.0, 0.0
-90.0, -59.94032107570973, -0.0, 179.9602140504732, 0.0, 0.0, 0.0
-90.0, -59.9444629759621, -0.0, 179.96297531730812, 0.0, 0.0, 0.0
-90.0, -59.94841272387225, -0.0, 179.9656084825815, 0.0, 0.0, 0.0
-90.0, -59.9521744802571, -0.0, 179.96811632017136, 0.0, 0.0, 0.0
-90.0, -59.95575243578497, -0.0, 179.97050162385653, 0.0, 0.0, 0.0
-90.0, -59.95915081103993, -0.0, 179.97276720736005, 0.0, 0.0, 0.0
-90.0, -59.96237385658708, -0.0, 179.97491590439142, 0.0, 0.0, 0.0
-90.0, -59.965425853037516, -0.0, 179.97695056869162, 0.0, 0.0, 0.0
-90.0, -59.96831111111118, -0.0, 179.9788740740741, 0.0, 0.0, 0.0
-90.0, -59.97103397170514, -0.0, 179.9806893144701, 0.0, 0.0, 0.0
-90.0, -59.97359880595502, -0.0, 179.98239920397003, 0.0, 0.0, 0.0
-90.0, -59.976010015302336, -0.0, 179.98400667686832, 0.0, 0.0, 0.0
-90.0, -59.97827203155748, -0.0, 179.98551468770506, 0.0, 0.0, 0.0
-90.0, -59.98038931696527, -0.0, 179.9869262113101, 0.0, 0.0, 0.0
-90.0, -59.982366364270376, -0.0, 179.98824424284686, 0.0, 0.0, 0.0
-90.0, -59.9842076967804, -0.0, 179.98947179785358, 0.0, 0.0, 0.0
-90.0, -59.98591786843269, -0.0, 179.99061191228844, 0.0, 0.0, 0.0
-90.0, -59.987501463857654, -0.0, 179.99166764257177, 0.0, 0.0, 0.0
-90.0, -59.98896309844429, -0.0, 179.99264206562964, 0.0, 0.0, 0.0
-90.0, -59.99030741840545, -0.0, 179.9935382789369, 0.0, 0.0, 0.0
-90.0, -59.99153910084044, -0.0, 179.99435940056026, 0.0, 0.0, 0.0
-90.0, -59.99266285380253, -0.0, 179.99510856920165, 0.0, 0.0, 0.0
-90.0, -59.99368341636284, -0.0, 179.99578894424195, 0.0, 0.0, 0.0
-90.0, -59.994605558673584, -0.0, 179.99640370578243, 0.0, 0.0, 0.0
-90.0, -59.99543408203567, -0.0, 179.99695605469043, 0.0, 0.0, 0.0
-90.0, -59.996173818960585, -0.0, 179.9974492126404, 0.0, 0.0, 0.0
-90.0, -59.99682963323778, -0.0, 179.99788642215844, 0.0, 0.0, 0.0
-90.0, -59.99740641999807, -0.0, 179.99827094666534, 0.0, 0.0, 0.0
-90.0, -59.99790910577781, -0.0, 179.99860607051852, 0.0, 0.0, 0.0
-90.0, -59.998342648585776, -0.0, 179.99889509905722, 0.0, 0.0, 0.0
-90.0, -59.99871203796573, -0.0, 179.99914135864384, 0.0, 0.0, 0.0
-90.0, -59.99902229506313, -0.0, 179.9993481967087, 0.0, 0.0, 0.0
-90.0, -59.99927847268816, -0.0, 179.99951898179205, 0.0, 0.0, 0.0
-90.0, -59.999485655382045, -0.0, 179.99965710358805, 0.0, 0.0, 0.0
-90.0, -59.99964895948085, -0.0, 179.99976597298723, 0.0, 0.0, 0.0
-90.0, -59.99977353318104, -0.0, 179.9998490221207, 0.0, 0.0, 0.0
-90.0, -59.99986455660314, -0.0, 179.9999097044021, 0.0, 0.0, 0.0
-90.0, -59.999927241858245, -0.0, 179.99995149457226, 0.0, 0.0, 0.0
-90.0, -59.9999668331111, -0.0, 179.99997788874077, 0.0, 0.0, 0.0
-90.0, -59.99998860664607, -0.0, 179.99999240443066, 0.0, 0.0, 0.0
-90.0, -59.99999787093134, -0.0, 179.99999858062085, 0.0, 0.0, 0.0
-90.0, -59.999999966683504, -0.0, 179.999999977789, 0.0, 0.0, 0.0
