-90.0, 60.0, -0.0, 120.0, 0.0, 0.0, 0.0
-90.0, 59.99999949431936, -0.0, 120.00000025284032, 0.0, 0.0, 0.0
-90.0, 59.99999595910703, -0.0, 120.00000202044649, 0.0, 0.0, 0.0
-90.0, 59.99998637734051, -0.0, 120.00000681132974, 0.0, 0.0, 0.0
-90.0, 59.99996774562504, -0.0, 120.00001612718748, 0.0, 0.0, 0.0
-90.0, 59.9999370741731, -0.0, 120.00003146291346, 0.0, 0.0, 0.0
-90.0, 59.9998913867839, -0.0, 120.00005430660805, 0.0, 0.0, 0.0
-90.0, 59.9998277208229, -0.0, 120.00008613958855, 0.0, 0.0, 0.0
-90.0, 59.99974312720128, -0.0, 120.00012843639936, 0.0, 0.0, 0.0
-90.0, 59.999634670355455, -0.0, 120.00018266482228, 0.0, 0.0, 0.0
-90.0, 59.999499428226564, -0.0, 120.00025028588672, 0.0, 0.0, 0.0
-90.0, 59.99933449223996, -0.0, 120.00033275388002, 0.0, 0.0, 0.0
-90.0, 59.99913696728472, -0.0, 120.00043151635764, 0.0, 0.0, 0.0
-90.0, 59.99890397169314, -0.0, 120.00054801415342, 0.0, 0.0, 0.0
-90.0, 59.998632637220226, -0.0, 120.00068368138989, 0.0, 0.0, 0.0
-90.0, 59.99832010902319, -0.0, 120.00083994548841, 0.0, 0.0, 0.0
-90.0, 59.99796354564096, -0.0, 120.00101822717951, 0.0, 0.0, 0.0
-90.0, 59.99756011897365, -0.0, 120.00121994051318, 0.0, 0.0, 0.0
-90.0, 59.99710701426209, -0.0, 120.00144649286895, 0.0, 0.0, 0.0
-90.0, 59.9966014300673, -0.0, 120.00169928496635, 0.0, 0.0, 0.0
-90.0, 59.99604057825, -0.0, 120.001979710875, 0.0, 0.0, 0.0
-90.0, 59.995421683950084, -0.0, 120.00228915802495, 0.0, 0.0, 0.0
-90.0, 59.99474198556616, -0.0, 120.00262900721692, 0.0, 0.0, 0.0
-90.0, 59.99399873473499, -0.0, 120.0030006326325, 0.0, 0.0, 0.0
-90.0, 59.99318919631104, -0.0, 120.00340540184447, 0.0, 0.0, 0.0
-90.0, 59.99231064834595, -0.0, 120.00384467582703, 0.0, 0.0, 0.0
-90.0, 59.991360382068024, -0.0, 120.00431980896599, 0.0, 0.0, 0.0
-90.0, 59.99033570186175, -0.0, 120.00483214906913, 0.0, 0.0, 0.0
-90.0, 59.98923392524728, -0.0, 120.00538303737636, 0.0, 0.0, 0.0
-90.0, 59.988052382859934, -0.0, 120.00597380857003, 0.0, 0.0, 0.0
-90.0, 59.98678841842969, -0.0, 120.00660579078516, 0.0, 0.0, 0.0
-90.0, 59.98543938876068, -0.0, 120.00728030561966, 0.0, 0.0, 0.0
-90.0, 59.98400266371072, -0.0, 120.00799866814464, 0.0, 0.0, 0.0
-90.0, 59.982475626170746, -0.0, 120.00876218691462, 0.0, 0.0, 0.0
-90.0, 59.98085567204435, -0.0, 120.00957216397782, 0.0, 0.0, 0.0
-90.0, 59.97914021022729, -0.0, 120.01042989488636, 0.0, 0.0, 0.0
-90.0, 59.97732666258696, -0.0, 120.01133666870652, 0.0, 0.0, 0.0
-90.0, 59.97541246394188, -0.0, 120.01229376802907, 0.0, 0.0, 0.0
-90.0, 59.97339506204122, -0.0, 120.01330246897939, 0.0, 0.0, 0.0
-90.0, 59.97127191754428, -0.0, 120.01436404122786, 0.0, 0.0, 0.0
-90.0, 59.969040504, -0.0, 120.015479748, 0.0, 0.0, 0.0
-90.0, 59.96669830782644, -0.0, 120.01665084608678, 0.0, 0.0, 0.0
-90.0, 59.96424282829028, -0.0, 120.01787858585486, 0.0, 0.0, 0.0
-90.0, 59.96167157748634, -0.0, 120.01916421125684, 0.0, 0.0, 0.0
-90.0, 59.95898208031704, -0.0, 120.02050895984148, 0.0, 0.0, 0.0
-90.0, 59.95617187447193, -0.0, 120.02191406276404, 0.0, 0.0, 0.0
-90.0, 59.95323851040715, -0.0, 120.02338074479643, 0.0, 0.0, 0.0
-90.0, 59.95017955132498, -0.0, 120.02491022433752, 0.0, 0.0, 0.0
-90.0, 59.94699257315328, -0.0, 120.02650371342337, 0.0, 0.0, 0.0
-90.0, 59.94367516452503, -0.0, 120.02816241773748, 0.0, 0.0, 0.0
-90.0, 59.940224926757814, -0.0, 120.02988753662109, 0.0, 0.0, 0.0
-90.0, 59.93663947383329, -0.0, 120.03168026308336, 0.0, 0.0, 0.0
-90.0, 59.93291643237672, -0.0, 120.03354178381164, 0.0, 0.0, 0.0
-90.0, 59.92905344163647, -0.0, 120.03547327918176, 0.0, 0.0, 0.0
-90.0, 59.92504815346348, -0.0, 120.03747592326826, 0.0, 0.0, 0.0
-90.0, 59.920898232290774, -0.0, 120.03955088385462, 0.0, 0.0, 0.0
-90.0, 59.91660135511296, -0.0, 120.04169932244352, 0.0, 0.0, 0.0
-90.0, 59.91215521146573, -0.0, 120.04392239426714, 0.0, 0.0, 0.0
-90.0, 59.90755750340534, -0.0, 120.04622124829733, 0.0, 0.0, 0.0
-90.0, 59.90280594548813, -0.0, 120.04859702725594, 0.0, 0.0, 0.0
-90.0, 59.89789826475, -0.0, 120.051050867625, 0.0, 0.0, 0.0
-90.0, 59.892832200685916, -0.0, 120.05358389965704, 0.0, 0.0, 0.0
-90.0, 59.88760550522941, -0.0, 120.0561972473853, 0.0, 0.0, 0.0
-90.0, 59.88221594273207, -0.0, 120.05889202863396, 0.0, 0.0, 0.0
-90.0, 59.87666128994304, -0.0, 120.06166935502849, 0.0, 0.0, 0.0
-90.0, 59.870939335988524, -0.0, 120.06453033200573, 0.0, 0.0, 0.0
-90.0, 59.86504788235127, -0.0, 120.06747605882437, 0.0, 0.0, 0.0
-90.0, 59.858984742850076, -0.0, 120.07050762857496, 0.0, 0.0, 0.0
-90.0, 59.85274774361928, -0.0, 120.07362612819036, 0.0, 0.0, 0.0
-90.0, 59.84633472308826, -0.0, 120.07683263845587, 0.0, 0.0, 0.0
-90.0, 59.839743531960934, -0.0, 120.08012823401953, 0.0, 0.0, 0.0
-90.0, 59.83297203319526, -0.0, 120.08351398340237, 0.0, 0.0, 0.0
-90.0, 59.82601810198272, -0.0, 120.08699094900864, 0.0, 0.0, 0.0
-90.0, 59.818879625727824, -0.0, 120.09056018713609, 0.0, 0.0, 0.0
-90.0, 59.811554504027605, -0.0, 120.0942227479862, 0.0, 0.0, 0.0
-90.0, 59.804040648651124, -0.0, 120.09797967567444, 0.0, 0.0, 0.0
-90.0, 59.79633598351896, -0.0, 120.10183200824052, 0.0, 0.0, 0.0
-90.0, 59.788438444682704, -0.0, 120.10578077765865, 0.0, 0.0, 0.0
-90.0, 59.78034598030447, -0.0, 120.10982700984776, 0.0, 0.0, 0.0
-90.0, 59.77205655063636, -0.0, 120.11397172468182, 0.0, 0.0, 0.0
-90.0, 59.763568128, -0.0, 120.118215936, 0.0, 0.0, 0.0
-90.0, 59.75487869676601, -0.0, 120.122560651617, 0.0, 0.0, 0.0
-90.0, 59.745986253333534, -0.0, 120.12700687333323, 0.0, 0.0, 0.0
-90.0, 59.73688880610967, -0.0, 120.13155559694516, 0.0, 0.0, 0.0
-90.0, 59.72758437548904, -0.0, 120.13620781225548, 0.0, 0.0, 0.0
-90.0, 59.71807099383325, -0.0, 120.14096450308337, 0.0, 0.0, 0.0
-90.0, 59.708346705450396, -0.0, 120.1458266472748, 0.0, 0.0, 0.0
-90.0, 59.698409566574554, -0.0, 120.15079521671272, 0.0, 0.0, 0.0
-90.0, 59.68825764534528, -0.0, 120.15587117732736, 0.0, 0.0, 0.0
-90.0, 59.67788902178711, -0.0, 120.16105548910645, 0.0, 0.0, 0.0
-90.0, 59.667301787789064, -0.0, 120.16634910610547, 0.0, 0.0, 0.0
-90.0, 59.65649404708412, -0.0, 120.17175297645794, 0.0, 0.0, 0.0
-90.0, 59.64546391522872, -0.0, 120.17726804238563, 0.0, 0.0, 0.0
-90.0, 59.6342095195823, -0.0, 120.18289524020885, 0.0, 0.0, 0.0
-90.0, 59.62272899928673, -0.0, 120.18863550035664, 0.0, 0.0, 0.0
-90.0, 59.61102050524585, -0.0, 120.19448974737708, 0.0, 0.0, 0.0
-90.0, 59.59908220010496, -0.0, 120.20045889994752, 0.0, 0.0, 0.0
-90.0, 59.586912258230306, -0.0, 120.20654387088484, 0.0, 0.0, 0.0
-90.0, 59.57450886568859, -0.0, 120.21274556715571, 0.0, 0.0, 0.0
-90.0, 59.56187022022646, -0.0, 120.21906488988677, 0.0, 0.0, 0.0
-90.0, 59.54899453125, -0.0, 120.225502734375, 0.0, 0.0, 0.0
-90.0, 59.535880019804246, -0.0, 120.23205999009788, 0.0, 0.0, 0.0
-90.0, 59.522524918552655, -0.0, 120.23873754072368, 0.0, 0.0, 0.0
-90.0, 59.50892747175664, -0.0, 120.24553626412168, 0.0, 0.0, 0.0
-90.0, 59.49508593525504, -0.0, 120.25245703237248, 0.0, 0.0, 0.0
-90.0, 59.480998576443604, -0.0, 120.2595007117782, 0.0, 0.0, 0.0
-90.0, 59.46666367425452, -0.0, 120.26666816287273, 0.0, 0.0, 0.0
-90.0, 59.45207951913591, -0.0, 120.27396024043205, 0.0, 0.0, 0.0
-90.0, 59.43724441303128, -0.0, 120.28137779348435, 0.0, 0.0, 0.0
-90.0, 59.42215666935909, -0.0, 120.28892166532046, 0.0, 0.0, 0.0
-90.0, 59.406814612992186, -0.0, 120.29659269350391, 0.0, 0.0, 0.0
-90.0, 59.39121658023734, -0.0, 120.30439170988133, 0.0, 0.0, 0.0
-90.0, 59.37536091881472, -0.0, 120.31231954059264, 0.0, 0.0, 0.0
-90.0, 59.3592459878374, -0.0, 120.3203770060813, 0.0, 0.0, 0.0
-90.0, 59.342870157790856, -0.0, 120.32856492110457, 0.0, 0.0, 0.0
-90.0, 59.32623181051245, -0.0, 120.33688409474378, 0.0, 0.0, 0.0
-90.0, 59.30932933917096, -0.0, 120.34533533041451, 0.0, 0.0, 0.0
-90.0, 59.29216114824604, -0.0, 120.35391942587698, 0.0, 0.0, 0.0
-90.0, 59.274725653507716, -0.0, 120.36263717324614, 0.0, 0.0, 0.0
-90.0, 59.25702128199594, -0.0, 120.37148935900203, 0.0, 0.0, 0.0
-90.0, 59.239046472, -0.0, 120.380476764, 0.0, 0.0, 0.0
-90.0, 59.220799673038094, -0.0, 120.38960016348095, 0.0, 0.0, 0.0
-90.0, 59.202279345836786, -0.0, 120.39886032708161, 0.0, 0.0, 0.0
-90.0, 59.1834839623105, -0.0, 120.40825801884475, 0.0, 0.0, 0.0
-90.0, 59.16441200554104, -0.0, 120.41779399722948, 0.0, 0.0, 0.0
-90.0, 59.14506196975708, -0.0, 120.42746901512146, 0.0, 0.0, 0.0
-90.0, 59.125432360313646, -0.0, 120.43728381984317, 0.0, 0.0, 0.0
-90.0, 59.10552169367163, -0.0, 120.44723915316419, 0.0, 0.0, 0.0
-90.0, 59.08532849737728, -0.0, 120.45733575131136, 0.0, 0.0, 0.0
-90.0, 59.06485131004169, -0.0, 120.46757434497916, 0.0, 0.0, 0.0
-90.0, 59.04408868132031, -0.0, 120.47795565933984, 0.0, 0.0, 0.0
-90.0, 59.02303917189244, -0.0, 120.48848041405378, 0.0, 0.0, 0.0
-90.0, 59.00170135344072, -0.0, 120.49914932327964, 0.0, 0.0, 0.0
-90.0, 58.98007380863063, -0.0, 120.50996309568468, 0.0, 0.0, 0.0
-90.0, 58.958155131089974, -0.0, 120.52092243445502, 0.0, 0.0, 0.0
-90.0, 58.93594392538843, -0.0, 120.53202803730579, 0.0, 0.0, 0.0
-90.0, 58.91343880701696, -0.0, 120.54328059649151, 0.0, 0.0, 0.0
-90.0, 58.89063840236739, -0.0, 120.5546807988163, 0.0, 0.0, 0.0
-90.0, 58.86754134871184, -0.0, 120.56622932564407, 0.0, 0.0, 0.0
-90.0, 58.84414629418229, -0.0, 120.57792685290886, 0.0, 0.0, 0.0
-90.0, 58.82045189775, -0.0, 120.589774051125, 0.0, 0.0, 0.0
-90.0, 58.79645682920507, -0.0, 120.60177158539746, 0.0, 0.0, 0.0
-90.0, 58.77215976913591, -0.0, 120.61392011543205, 0.0, 0.0, 0.0
-90.0, 58.74755940890872, -0.0, 120.62622029554564, 0.0, 0.0, 0.0
-90.0, 58.72265445064704, -0.0, 120.63867277467648, 0.0, 0.0, 0.0
-90.0, 58.697443607211184, -0.0, 120.65127819639441, 0.0, 0.0, 0.0
-90.0, 58.67192560217777, -0.0, 120.66403719891112, 0.0, 0.0, 0.0
-90.0, 58.64609916981924, -0.0, 120.67695041509039, 0.0, 0.0, 0.0
-90.0, 58.61996305508328, -0.0, 120.69001847245836, 0.0, 0.0, 0.0
-90.0, 58.59351601357242, -0.0, 120.7032419932138, 0.0, 0.0, 0.0
-90.0, 58.56675681152344, -0.0, 120.71662159423828, 0.0, 0.0, 0.0
-90.0, 58.53968422578692, -0.0, 120.73015788710654, 0.0, 0.0, 0.0
-90.0, 58.51229704380672, -0.0, 120.74385147809664, 0.0, 0.0, 0.0
-90.0, 58.484594063599474, -0.0, 120.75770296820026, 0.0, 0.0, 0.0
-90.0, 58.456574093734105, -0.0, 120.77171295313295, 0.0, 0.0, 0.0
-90.0, 58.42823595331128, -0.0, 120.78588202334436, 0.0, 0.0, 0.0
-90.0, 58.39957847194296, -0.0, 120.80021076402852, 0.0, 0.0, 0.0
-90.0, 58.37060048973186, -0.0, 120.81469975513407, 0.0, 0.0, 0.0
-90.0, 58.341300857250964, -0.0, 120.82934957137452, 0.0, 0.0, 0.0
-90.0, 58.311678435523014, -0.0, 120.84416078223849, 0.0, 0.0, 0.0
-90.0, 58.281732096, -0.0, 120.859133952, 0.0, 0.0, 0.0
-90.0, 58.251460720542674, -0.0, 120.87426963972867, 0.0, 0.0, 0.0
-90.0, 58.220863201400036, -0.0, 120.88956839929999, 0.0, 0.0, 0.0
-90.0, 58.18993844118882, -0.0, 120.90503077940559, 0.0, 0.0, 0.0
-90.0, 58.15868535287304, -0.0, 120.92065732356347, 0.0, 0.0, 0.0
-90.0, 58.12710285974341, -0.0, 120.93644857012829, 0.0, 0.0, 0.0
-90.0, 58.0951898953969, -0.0, 120.95240505230156, 0.0, 0.0, 0.0
-90.0, 58.06294540371621, -0.0, 120.9685272981419, 0.0, 0.0, 0.0
-90.0, 58.03036833884928, -0.0, 120.98481583057536, 0.0, 0.0, 0.0
-90.0, 57.99745766518877, -0.0, 121.00127116740562, 0.0, 0.0, 0.0
-90.0, 57.96421235735156, -0.0, 121.01789382132422, 0.0, 0.0, 0.0
-90.0, 57.93063140015827, -0.0, 121.03468429992087, 0.0, 0.0, 0.0
-90.0, 57.89671378861272, -0.0, 121.05164310569364, 0.0, 0.0, 0.0
-90.0, 57.86245852788146, -0.0, 121.06877073605928, 0.0, 0.0, 0.0
-90.0, 57.82786463327323, -0.0, 121.08606768336338, 0.0, 0.0, 0.0
-90.0, 57.792931130218506, -0.0, 121.10353443489075, 0.0, 0.0, 0.0
-90.0, 57.75765705424896, -0.0, 121.12117147287552, 0.0, 0.0, 0.0
-90.0, 57.72204145097696, -0.0, 121.13897927451151, 0.0, 0.0, 0.0
-90.0, 57.68608337607509, -0.0, 121.15695831196246, 0.0, 0.0, 0.0
-90.0, 57.649781895255614, -0.0, 121.17510905237219, 0.0, 0.0, 0.0
-90.0, 57.61313608425, -0.0, 121.193431957875, 0.0, 0.0, 0.0
-90.0, 57.576145028788396, -0.0, 121.2119274856058, 0.0, 0.0, 0.0
-90.0, 57.53880782457916, -0.0, 121.23059608771042, 0.0, 0.0, 0.0
-90.0, 57.501123577288304, -0.0, 121.24943821135585, 0.0, 0.0, 0.0
-90.0, 57.46309140251904, -0.0, 121.26845429874048, 0.0, 0.0, 0.0
-90.0, 57.42471042579126, -0.0, 121.28764478710437, 0.0, 0.0, 0.0
-90.0, 57.38597978252102, -0.0, 121.30701010873949, 0.0, 0.0, 0.0
-90.0, 57.34689861800006, -0.0, 121.32655069099997, 0.0, 0.0, 0.0
-90.0, 57.30746608737528, -0.0, 121.34626695631236, 0.0, 0.0, 0.0
-90.0, 57.26768135562824, -0.0, 121.36615932218588, 0.0, 0.0, 0.0
-90.0, 57.227543597554686, -0.0, 121.38622820122265, 0.0, 0.0, 0.0
-90.0, 57.187051997744, -0.0, 121.406474001128, 0.0, 0.0, 0.0
-90.0, 57.14620575055872, -0.0, 121.42689712472064, 0.0, 0.0, 0.0
-90.0, 57.105004060114055, -0.0, 121.44749796994297, 0.0, 0.0, 0.0
-90.0, 57.063446140257355, -0.0, 121.46827692987132, 0.0, 0.0, 0.0
-90.0, 57.02153121454761, -0.0, 121.48923439272619, 0.0, 0.0, 0.0
-90.0, 56.979258516234964, -0.0, 121.51037074188253, 0.0, 0.0, 0.0
-90.0, 56.93662728824019, -0.0, 121.5316863558799, 0.0, 0.0, 0.0
-90.0, 56.89363678313422, -0.0, 121.5531816084329, 0.0, 0.0, 0.0
-90.0, 56.850286263117596, -0.0, 121.5748568684412, 0.0, 0.0, 0.0
-90.0, 56.806575, -0.0, 121.5967125, 0.0, 0.0, 0.0
-90.0, 56.76250227517975, -0.0, 121.61874886241013, 0.0, 0.0, 0.0
-90.0, 56.718067379623285, -0.0, 121.64096631018836, 0.0, 0.0, 0.0
-90.0, 56.67326961384465, -0.0, 121.66336519307768, 0.0, 0.0, 0.0
-90.0, 56.62810828788504, -0.0, 121.68594585605749, 0.0, 0.0, 0.0
-90.0, 56.58258272129223, -0.0, 121.70870863935389, 0.0, 0.0, 0.0
-90.0, 56.53669224310015, -0.0, 121.73165387844993, 0.0, 0.0, 0.0
-90.0, 56.490436191808286, -0.0, 121.75478190409585, 0.0, 0.0, 0.0
-90.0, 56.44381391536128, -0.0, 121.77809304231936, 0.0, 0.0, 0.0
-90.0, 56.396824771128344, -0.0, 121.80158761443583, 0.0, 0.0, 0.0
-90.0, 56.349468125882815, -0.0, 121.82526593705859, 0.0, 0.0, 0.0
-90.0, 56.301743355781596, -0.0, 121.8491283221092, 0.0, 0.0, 0.0
-90.0, 56.25364984634472, -0.0, 121.87317507682764, 0.0, 0.0, 0.0
-90.0, 56.20518699243478, -0.0, 121.8974065037826, 0.0, 0.0, 0.0
-90.0, 56.15635419823648, -0.0, 121.92182290088176, 0.0, 0.0, 0.0
-90.0, 56.10715087723608, -0.0, 121.94642456138196, 0.0, 0.0, 0.0
-90.0, 56.05757645220096, -0.0, 121.97121177389953, 0.0, 0.0, 0.0
-90.0, 56.007630355159044, -0.0, 121.99618482242047, 0.0, 0.0, 0.0
-90.0, 55.95731202737834, -0.0, 122.02134398631082, 0.0, 0.0, 0.0
-90.0, 55.906620919346445, -0.0, 122.04668954032678, 0.0, 0.0, 0.0
-90.0, 55.855556490750004, -0.0, 122.072221754625, 0.0, 0.0, 0.0
-90.0, 55.80411821045423, -0.0, 122.09794089477289, 0.0, 0.0, 0.0
-90.0, 55.752305556482405, -0.0, 122.1238472217588, 0.0, 0.0, 0.0
-90.0, 55.70011801599538, -0.0, 122.14994099200231, 0.0, 0.0, 0.0
-90.0, 55.64755508527104, -0.0, 122.17622245736447, 0.0, 0.0, 0.0
-90.0, 55.59461626968384, -0.0, 122.20269186515809, 0.0, 0.0, 0.0
-90.0, 55.541301083684274, -0.0, 122.22934945815787, 0.0, 0.0, 0.0
-90.0, 55.48760905077839, -0.0, 122.2561954746108, 0.0, 0.0, 0.0
-90.0, 55.43353970350728, -0.0, 122.28323014824636, 0.0, 0.0, 0.0
-90.0, 55.37909258342657, -0.0, 122.31045370828672, 0.0, 0.0, 0.0
-90.0, 55.324267241085934, -0.0, 122.33786637945703, 0.0, 0.0, 0.0
-90.0, 55.26906323600858, -0.0, 122.36546838199571, 0.0, 0.0, 0.0
-90.0, 55.21348013667072, -0.0, 122.39325993166464, 0.0, 0.0, 0.0
-90.0, 55.157517520481136, -0.0, 122.42124123975944, 0.0, 0.0, 0.0
-90.0, 55.1011749737606, -0.0, 122.4494125131197, 0.0, 0.0, 0.0
-90.0, 55.04445209172144, -0.0, 122.47777395413928, 0.0, 0.0, 0.0
-90.0, 54.98734847844696, -0.0, 122.50632576077652, 0.0, 0.0, 0.0
-90.0, 54.92986374687102, -0.0, 122.5350681265645, 0.0, 0.0, 0.0
-90.0, 54.87199751875747, -0.0, 122.56400124062127, 0.0, 0.0, 0.0
-90.0, 54.81374942467967, -0.0, 122.59312528766016, 0.0, 0.0, 0.0
-90.0, 54.755119104, -0.0, 122.622440448, 0.0, 0.0, 0.0
-90.0, 54.69610620484933, -0.0, 122.65194689757533, 0.0, 0.0, 0.0
-90.0, 54.636710384106536, -0.0, 122.68164480794674, 0.0, 0.0, 0.0
-90.0, 54.57693130737798, -0.0, 122.71153434631101, 0.0, 0.0, 0.0
-90.0, 54.51676864897704, -0.0, 122.74161567551148, 0.0, 0.0, 0.0
-90.0, 54.45622209190356, -0.0, 122.77188895404822, 0.0, 0.0, 0.0
-90.0, 54.3952913278234, -0.0, 122.8023543360883, 0.0, 0.0, 0.0
-90.0, 54.33397605704786, -0.0, 122.83301197147607, 0.0, 0.0, 0.0
-90.0, 54.27227598851328, -0.0, 122.86386200574336, 0.0, 0.0, 0.0
-90.0, 54.21019083976042, -0.0, 122.89490458011979, 0.0, 0.0, 0.0
-90.0, 54.14772033691406, -0.0, 122.92613983154297, 0.0, 0.0, 0.0
-90.0, 54.084864214662424, -0.0, 122.95756789266879, 0.0, 0.0, 0.0
-90.0, 54.02162221623672, -0.0, 122.98918889188164, 0.0, 0.0, 0.0
-90.0, 53.95799409339061, -0.0, 123.02100295330469, 0.0, 0.0, 0.0
-90.0, 53.89397960637973, -0.0, 123.05301019681013, 0.0, 0.0, 0.0
-90.0, 53.82957852394116, -0.0, 123.08521073802942, 0.0, 0.0, 0.0
-90.0, 53.76479062327296, -0.0, 123.11760468836351, 0.0, 0.0, 0.0
-90.0, 53.69961569001362, -0.0, 123.15019215499319, 0.0, 0.0, 0.0
-90.0, 53.63405351822159, -0.0, 123.1829732408892, 0.0, 0.0, 0.0
-90.0, 53.56810391035477, -0.0, 123.21594804482261, 0.0, 0.0, 0.0
-90.0, 53.501766677250004, -0.0, 123.249116661375, 0.0, 0.0, 0.0
-90.0, 53.435041638102554, -0.0, 123.28247918094873, 0.0, 0.0, 0.0
-90.0, 53.36792862044565, -0.0, 123.31603568977717, 0.0, 0.0, 0.0
-90.0, 53.30042746012995, -0.0, 123.34978626993502, 0.0, 0.0, 0.0
-90.0, 53.23253800130304, -0.0, 123.38373099934849, 0.0, 0.0, 0.0
-90.0, 53.164260096388915, -0.0, 123.41786995180554, 0.0, 0.0, 0.0
-90.0, 53.095593606067524, -0.0, 123.45220319696624, 0.0, 0.0, 0.0
-90.0, 53.026538399254214, -0.0, 123.4867308003729, 0.0, 0.0, 0.0
-90.0, 52.95709435307928, -0.0, 123.52145282346036, 0.0, 0.0, 0.0
-90.0, 52.8872613528674, -0.0, 123.5563693235663, 0.0, 0.0, 0.0
-90.0, 52.81703929211719, -0.0, 123.5914803539414, 0.0, 0.0, 0.0
-90.0, 52.74642807248065, -0.0, 123.62678596375967, 0.0, 0.0, 0.0
-90.0, 52.67542760374272, -0.0, 123.66228619812864, 0.0, 0.0, 0.0
-90.0, 52.60403780380071, -0.0, 123.69798109809965, 0.0, 0.0, 0.0
-90.0, 52.53225859864385, -0.0, 123.73387070067807, 0.0, 0.0, 0.0
-90.0, 52.46008992233276, -0.0, 123.76995503883361, 0.0, 0.0, 0.0
-90.0, 52.387531716978955, -0.0, 123.80623414151052, 0.0, 0.0, 0.0
-90.0, 52.31458393272435, -0.0, 123.84270803363783, 0.0, 0.0, 0.0
-90.0, 52.24124652772072, -0.0, 123.87937673613965, 0.0, 0.0, 0.0
-90.0, 52.16751946810925, -0.0, 123.91624026594538, 0.0, 0.0, 0.0
-90.0, 52.093402728, -0.0, 123.953298636, 0.0, 0.0, 0.0
-90.0, 52.018896289451405, -0.0, 123.99055185527429, 0.0, 0.0, 0.0
-90.0, 51.94400014244978, -0.0, 124.0279999287751, 0.0, 0.0, 0.0
-90.0, 51.86871428488881, -0.0, 124.06564285755559, 0.0, 0.0, 0.0
-90.0, 51.79303872254904, -0.0, 124.10348063872549, 0.0, 0.0, 0.0
-90.0, 51.716973469077395, -0.0, 124.1415132654613, 0.0, 0.0, 0.0
-90.0, 51.64051854596665, -0.0, 124.17974072701668, 0.0, 0.0, 0.0
-90.0, 51.563673982534944, -0.0, 124.21816300873253, 0.0, 0.0, 0.0
-90.0, 51.48643981590528, -0.0, 124.25678009204736, 0.0, 0.0, 0.0
-90.0, 51.408816090985, -0.0, 124.2955919545075, 0.0, 0.0, 0.0
-90.0, 51.33080286044532, -0.0, 124.33459856977734, 0.0, 0.0, 0.0
-90.0, 51.252400184700754, -0.0, 124.37379990764963, 0.0, 0.0, 0.0
-90.0, 51.17360813188872, -0.0, 124.41319593405564, 0.0, 0.0, 0.0
-90.0, 51.09442677784894, -0.0, 124.45278661107554, 0.0, 0.0, 0.0
-90.0, 51.014856206102976, -0.0, 124.4925718969485, 0.0, 0.0, 0.0
-90.0, 50.93489650783374, -0.0, 124.53255174608313, 0.0, 0.0, 0.0
-90.0, 50.85454778186496, -0.0, 124.57272610906752, 0.0, 0.0, 0.0
-90.0, 50.7738101346407, -0.0, 124.61309493267964, 0.0, 0.0, 0.0
-90.0, 50.692683680204844, -0.0, 124.65365815989757, 0.0, 0.0, 0.0
-90.0, 50.6111685401806, -0.0, 124.69441572990971, 0.0, 0.0, 0.0
-90.0, 50.52926484375, -0.0, 124.735367578125, 0.0, 0.0, 0.0
-90.0, 50.44697272763338, -0.0, 124.77651363618331, 0.0, 0.0, 0.0
-90.0, 50.36429233606891, -0.0, 124.81785383196555, 0.0, 0.0, 0.0
-90.0, 50.281223820792036, -0.0, 124.85938808960398, 0.0, 0.0, 0.0
-90.0, 50.19776734101504, -0.0, 124.90111632949248, 0.0, 0.0, 0.0
-90.0, 50.11392306340649, -0.0, 124.94303846829675, 0.0, 0.0, 0.0
-90.0, 50.029691162070776, -0.0, 124.98515441896461, 0.0, 0.0, 0.0
-90.0, 49.945071818527545, -0.0, 125.02746409073623, 0.0, 0.0, 0.0
-90.0, 49.86006522169127, -0.0, 125.06996738915436, 0.0, 0.0, 0.0
-90.0, 49.77467156785073, -0.0, 125.11266421607463, 0.0, 0.0, 0.0
-90.0, 49.68889106064844, -0.0, 125.15555446967578, 0.0, 0.0, 0.0
-90.0, 49.60272391106023, -0.0, 125.19863804446989, 0.0, 0.0, 0.0
-90.0, 49.51617033737472, -0.0, 125.24191483131264, 0.0, 0.0, 0.0
-90.0, 49.42923056517279, -0.0, 125.2853847174136, 0.0, 0.0, 0.0
-90.0, 49.341904827307104, -0.0, 125.32904758634645, 0.0, 0.0, 0.0
-90.0, 49.25419336388159, -0.0, 125.3729033180592, 0.0, 0.0, 0.0
-90.0, 49.16609642223096, -0.0, 125.41695178888452, 0.0, 0.0, 0.0
-90.0, 49.077614256900176, -0.0, 125.46119287154991, 0.0, 0.0, 0.0
-90.0, 48.98874712962397, -0.0, 125.50562643518802, 0.0, 0.0, 0.0
-90.0, 48.899495309306324, -0.0, 125.55025234534683, 0.0, 0.0, 0.0
-90.0, 48.809859072, -0.0, 125.595070464, 0.0, 0.0, 0.0
-90.0, 48.71983870088599, -0.0, 125.640080649557, 0.0, 0.0, 0.0
-90.0, 48.62943448625303, -0.0, 125.68528275687348, 0.0, 0.0, 0.0
-90.0, 48.538646725477136, -0.0, 125.73067663726142, 0.0, 0.0, 0.0
-90.0, 48.44747572300104, -0.0, 125.77626213849948, 0.0, 0.0, 0.0
-90.0, 48.35592179031372, -0.0, 125.82203910484314, 0.0, 0.0, 0.0
-90.0, 48.2639852459299, -0.0, 125.86800737703506, 0.0, 0.0, 0.0
-90.0, 48.17166641536952, -0.0, 125.91416679231524, 0.0, 0.0, 0.0
-90.0, 48.07896563113728, -0.0, 125.96051718443137, 0.0, 0.0, 0.0
-90.0, 47.98588323270208, -0.0, 126.00705838364895, 0.0, 0.0, 0.0
-90.0, 47.89241956647656, -0.0, 126.05379021676171, 0.0, 0.0, 0.0
-90.0, 47.798574985796584, -0.0, 126.1007125071017, 0.0, 0.0, 0.0
-90.0, 47.70434985090072, -0.0, 126.14782507454964, 0.0, 0.0, 0.0
-90.0, 47.609744528909765, -0.0, 126.19512773554511, 0.0, 0.0, 0.0
-90.0, 47.51475939380623, -0.0, 126.24262030309688, 0.0, 0.0, 0.0
-90.0, 47.419394826413814, -0.0, 126.29030258679309, 0.0, 0.0, 0.0
-90.0, 47.32365121437696, -0.0, 126.33817439281152, 0.0, 0.0, 0.0
-90.0, 47.227528952140275, -0.0, 126.38623552392987, 0.0, 0.0, 0.0
-90.0, 47.13102844092809, -0.0, 126.43448577953595, 0.0, 0.0, 0.0
-90.0, 47.03415008872392, -0.0, 126.48292495563804, 0.0, 0.0, 0.0
-90.0, 46.93689431025, -0.0, 126.531552844875, 0.0, 0.0, 0.0
-90.0, 46.839261526946714, -0.0, 126.58036923652665, 0.0, 0.0, 0.0
-90.0, 46.74125216695216, -0.0, 126.62937391652392, 0.0, 0.0, 0.0
-90.0, 46.64286666508161, -0.0, 126.6785666674592, 0.0, 0.0, 0.0
-90.0, 46.54410546280704, -0.0, 126.72794726859648, 0.0, 0.0, 0.0
-90.0, 46.444969008236576, -0.0, 126.77751549588172, 0.0, 0.0, 0.0
-90.0, 46.34545775609402, -0.0, 126.82727112195299, 0.0, 0.0, 0.0
-90.0, 46.24557216769838, -0.0, 126.87721391615081, 0.0, 0.0, 0.0
-90.0, 46.14531271094328, -0.0, 126.92734364452836, 0.0, 0.0, 0.0
-90.0, 46.04467986027656, -0.0, 126.97766006986171, 0.0, 0.0, 0.0
-90.0, 45.943674096679686, -0.0, 127.02816295166015, 0.0, 0.0, 0.0
-90.0, 45.84229590764731, -0.0, 127.07885204617634, 0.0, 0.0, 0.0
-90.0, 45.74054578716672, -0.0, 127.12972710641664, 0.0, 0.0, 0.0
-90.0, 45.63842423569737, -0.0, 127.18078788215132, 0.0, 0.0, 0.0
-90.0, 45.53593176015035, -0.0, 127.23203411992482, 0.0, 0.0, 0.0
-90.0, 45.43306887386792, -0.0, 127.28346556306604, 0.0, 0.0, 0.0
-90.0, 45.32983609660296, -0.0, 127.33508195169853, 0.0, 0.0, 0.0
-90.0, 45.226233954498504, -0.0, 127.38688302275075, 0.0, 0.0, 0.0
-90.0, 45.12226298006722, -0.0, 127.4388685099664, 0.0, 0.0, 0.0
-90.0, 45.017923712170905, -0.0, 127.49103814391455, 0.0, 0.0, 0.0
-90.0, 44.913216696, -0.0, 127.543391652, 0.0, 0.0, 0.0
-90.0, 44.80814248305307, -0.0, 127.59592875847346, 0.0, 0.0, 0.0
-90.0, 44.70270163111628, -0.0, 127.64864918444187, 0.0, 0.0, 0.0
-90.0, 44.59689470424297, -0.0, 127.70155264787851, 0.0, 0.0, 0.0
-90.0, 44.49072227273304, -0.0, 127.75463886363349, 0.0, 0.0, 0.0
-90.0, 44.38418491311255, -0.0, 127.80790754344372, 0.0, 0.0, 0.0
-90.0, 44.27728320811315, -0.0, 127.86135839594343, 0.0, 0.0, 0.0
-90.0, 44.170017746651595, -0.0, 127.9149911266742, 0.0, 0.0, 0.0
-90.0, 44.062389123809275, -0.0, 127.96880543809536, 0.0, 0.0, 0.0
-90.0, 43.95439794081166, -0.0, 128.02280102959418, 0.0, 0.0, 0.0
-90.0, 43.84604480500781, -0.0, 128.0769775974961, 0.0, 0.0, 0.0
-90.0, 43.73733032984991, -0.0, 128.13133483507505, 0.0, 0.0, 0.0
-90.0, 43.62825513487272, -0.0, 128.18587243256366, 0.0, 0.0, 0.0
-90.0, 43.51881984567309, -0.0, 128.24059007716346, 0.0, 0.0, 0.0
-90.0, 43.40902509388947, -0.0, 128.29548745305527, 0.0, 0.0, 0.0
-90.0, 43.2988715171814, -0.0, 128.3505642414093, 0.0, 0.0, 0.0
-90.0, 43.188359759208964, -0.0, 128.40582012039553, 0.0, 0.0, 0.0
-90.0, 43.07749046961236, -0.0, 128.46125476519381, 0.0, 0.0, 0.0
-90.0, 42.96626430399134, -0.0, 128.51686784800432, 0.0, 0.0, 0.0
-90.0, 42.854681923884755, -0.0, 128.57265903805762, 0.0, 0.0, 0.0
-90.0, 42.742743996749994, -0.0, 128.628628001625, 0.0, 0.0, 0.0
-90.0, 42.63045119594254, -0.0, 128.68477440202872, 0.0, 0.0, 0.0
-90.0, 42.51780420069541, -0.0, 128.7410978996523, 0.0, 0.0, 0.0
-90.0, 42.40480369609868, -0.0, 128.79759815195067, 0.0, 0.0, 0.0
-90.0, 42.29145037307903, -0.0, 128.85427481346048, 0.0, 0.0, 0.0
-90.0, 42.177744928379155, -0.0, 128.91112753581044, 0.0, 0.0, 0.0
-90.0, 42.063688064537274, -0.0, 128.96815596773138, 0.0, 0.0, 0.0
-90.0, 41.9492804898667, -0.0, 129.02535975506666, 0.0, 0.0, 0.0
-90.0, 41.83452291843528, -0.0, 129.08273854078237, 0.0, 0.0, 0.0
-90.0, 41.719416070044886, -0.0, 129.14029196497756, 0.0, 0.0, 0.0
-90.0, 41.60396067021094, -0.0, 129.19801966489453, 0.0, 0.0, 0.0
-90.0, 41.488157450141884, -0.0, 129.25592127492905, 0.0, 0.0, 0.0
-90.0, 41.372007146718715, -0.0, 129.31399642664064, 0.0, 0.0, 0.0
-90.0, 41.25551050247444, -0.0, 129.37224474876277, 0.0, 0.0, 0.0
-90.0, 41.13866826557361, -0.0, 129.4306658672132, 0.0, 0.0, 0.0
-90.0, 41.02148118979174, -0.0, 129.48925940510412, 0.0, 0.0, 0.0
-90.0, 40.90395003449496, -0.0, 129.5480249827525, 0.0, 0.0, 0.0
-90.0, 40.786075564619324, -0.0, 129.60696221769032, 0.0, 0.0, 0.0
-90.0, 40.667858550650465, -0.0, 129.66607072467477, 0.0, 0.0, 0.0
-90.0, 40.54929976860298, -0.0, 129.72535011569852, 0.0, 0.0, 0.0
-90.0, 40.4304, -0.0, 129.7848, 0.0, 0.0, 0.0
-90.0, 40.31116003185264, -0.0, 129.84441998407368, 0.0, 0.0, 0.0
-90.0, 40.19158065663954, -0.0, 129.90420967168023, 0.0, 0.0, 0.0
-90.0, 40.071662672286294, -0.0, 129.96416866385687, 0.0, 0.0, 0.0
-90.0, 39.95140688214504, -0.0, 130.0242965589275, 0.0, 0.0, 0.0
-90.0, 39.830814094973874, -0.0, 130.08459295251305, 0.0, 0.0, 0.0
-90.0, 39.7098851249164, -0.0, 130.1450574375418, 0.0, 0.0, 0.0
-90.0, 39.588620791481176, -0.0, 130.20568960425942, 0.0, 0.0, 0.0
-90.0, 39.46702191952129, -0.0, 130.26648904023935, 0.0, 0.0, 0.0
-90.0, 39.345089339213736, -0.0, 130.32745533039312, 0.0, 0.0, 0.0
-90.0, 39.222823886039066, -0.0, 130.38858805698047, 0.0, 0.0, 0.0
-90.0, 39.10022640076073, -0.0, 130.44988679961963, 0.0, 0.0, 0.0
-90.0, 38.97729772940472, -0.0, 130.51135113529764, 0.0, 0.0, 0.0
-90.0, 38.85403872323892, -0.0, 130.57298063838053, 0.0, 0.0, 0.0
-90.0, 38.730450238752724, -0.0, 130.63477488062364, 0.0, 0.0, 0.0
-90.0, 38.60653313763647, -0.0, 130.69673343118177, 0.0, 0.0, 0.0
-90.0, 38.482288286760955, -0.0, 130.75885585661953, 0.0, 0.0, 0.0
-90.0, 38.35771655815693, -0.0, 130.82114172092153, 0.0, 0.0, 0.0
-90.0, 38.232818828994596, -0.0, 130.8835905855027, 0.0, 0.0, 0.0
-90.0, 38.10759598156309, -0.0, 130.94620200921847, 0.0, 0.0, 0.0
-90.0, 37.98204890325, -0.0, 131.008975548375, 0.0, 0.0, 0.0
-90.0, 37.85617848652086, -0.0, 131.07191075673956, 0.0, 0.0, 0.0
-90.0, 37.72998562889866, -0.0, 131.13500718555068, 0.0, 0.0, 0.0
-90.0, 37.60347123294327, -0.0, 131.19826438352837, 0.0, 0.0, 0.0
-90.0, 37.47663620623104, -0.0, 131.26168189688448, 0.0, 0.0, 0.0
-90.0, 37.34948146133423, -0.0, 131.3252592693329, 0.0, 0.0, 0.0
-90.0, 37.22200791580052, -0.0, 131.38899604209973, 0.0, 0.0, 0.0
-90.0, 37.09421649213254, -0.0, 131.45289175393373, 0.0, 0.0, 0.0
-90.0, 36.96610811776728, -0.0, 131.51694594111635, 0.0, 0.0, 0.0
-90.0, 36.83768372505571, -0.0, 131.58115813747213, 0.0, 0.0, 0.0
-90.0, 36.70894425124219, -0.0, 131.6455278743789, 0.0, 0.0, 0.0
-90.0, 36.57989063844397, -0.0, 131.71005468077803, 0.0, 0.0, 0.0
-90.0, 36.450523833630726, -0.0, 131.77473808318464, 0.0, 0.0, 0.0
-90.0, 36.320844788604035, -0.0, 131.839577605698, 0.0, 0.0, 0.0
-90.0, 36.19085445997685, -0.0, 131.90457277001158, 0.0, 0.0, 0.0
-90.0, 36.060553809153085, -0.0, 131.96972309542346, 0.0, 0.0, 0.0
-90.0, 35.92994380230696, -0.0, 132.0350280988465, 0.0, 0.0, 0.0
-90.0, 35.79902541036266, -0.0, 132.10048729481866, 0.0, 0.0, 0.0
-90.0, 35.667799608973716, -0.0, 132.16610019551314, 0.0, 0.0, 0.0
-90.0, 35.53626737850256, -0.0, 132.23186631074873, 0.0, 0.0, 0.0
-90.0, 35.404429704, -0.0, 132.297785148, 0.0, 0.0, 0.0
-90.0, 35.27228757518472, -0.0, 132.36385621240763, 0.0, 0.0, 0.0
-90.0, 35.13984198642278, -0.0, 132.43007900678862, 0.0, 0.0, 0.0
-90.0, 35.00709393670712, -0.0, 132.49645303164644, 0.0, 0.0, 0.0
-90.0, 34.87404442963703, -0.0, 132.5629777851815, 0.0, 0.0, 0.0
-90.0, 34.74069447339771, -0.0, 132.62965276330115, 0.0, 0.0, 0.0
-90.0, 34.607045080739645, -0.0, 132.6964774596302, 0.0, 0.0, 0.0
-90.0, 34.473097268958256, -0.0, 132.76345136552087, 0.0, 0.0, 0.0
-90.0, 34.338852059873275, -0.0, 132.83057397006337, 0.0, 0.0, 0.0
-90.0, 34.20431047980832, -0.0, 132.89784476009584, 0.0, 0.0, 0.0
-90.0, 34.06947355957031, -0.0, 132.96526322021484, 0.0, 0.0, 0.0
-90.0, 33.93434233442906, -0.0, 133.03282883278547, 0.0, 0.0, 0.0
-90.0, 33.79891784409672, -0.0, 133.10054107795165, 0.0, 0.0, 0.0
-90.0, 33.66320113270726, -0.0, 133.16839943364636, 0.0, 0.0, 0.0
-90.0, 33.52719324879597, -0.0, 133.236403375602, 0.0, 0.0, 0.0
-90.0, 33.390895245279054, -0.0, 133.30455237736047, 0.0, 0.0, 0.0
-90.0, 33.254308179432954, -0.0, 133.37284591028353, 0.0, 0.0, 0.0
-90.0, 33.11743311287401, -0.0, 133.441283443563, 0.0, 0.0, 0.0
-90.0, 32.98027111153783, -0.0, 133.50986444423108, 0.0, 0.0, 0.0
-90.0, 32.84282324565892, -0.0, 133.57858837717055, 0.0, 0.0, 0.0
-90.0, 32.705090589749986, -0.0, 133.647454705125, 0.0, 0.0, 0.0
-90.0, 32.567074222581695, -0.0, 133.71646288870915, 0.0, 0.0, 0.0
-90.0, 32.42877522716191, -0.0, 133.78561238641905, 0.0, 0.0, 0.0
-90.0, 32.290194690715346, -0.0, 133.85490265464233, 0.0, 0.0, 0.0
-90.0, 32.15133370466303, -0.0, 133.92433314766848, 0.0, 0.0, 0.0
-90.0, 32.0121933646018, -0.0, 133.9939033176991, 0.0, 0.0, 0.0
-90.0, 31.87277477028377, -0.0, 134.06361261485813, 0.0, 0.0, 0.0
-90.0, 31.733079025595863, -0.0, 134.13346048720206, 0.0, 0.0, 0.0
-90.0, 31.593107238539275, -0.0, 134.20344638073036, 0.0, 0.0, 0.0
-90.0, 31.452860521209047, -0.0, 134.27356973939547, 0.0, 0.0, 0.0
-90.0, 31.312339989773434, -0.0, 134.3438300051133, 0.0, 0.0, 0.0
-90.0, 31.17154676445354, -0.0, 134.41422661777324, 0.0, 0.0, 0.0
-90.0, 31.030481969502723, -0.0, 134.48475901524864, 0.0, 0.0, 0.0
-90.0, 30.889146733186102, -0.0, 134.55542663340694, 0.0, 0.0, 0.0
-90.0, 30.747542187760104, -0.0, 134.62622890611993, 0.0, 0.0, 0.0
-90.0, 30.605669469451904, -0.0, 134.69716526527404, 0.0, 0.0, 0.0
-90.0, 30.46352971843896, -0.0, 134.76823514078052, 0.0, 0.0, 0.0
-90.0, 30.321124078828483, -0.0, 134.83943796058577, 0.0, 0.0, 0.0
-90.0, 30.178453698636975, -0.0, 134.9107731506815, 0.0, 0.0, 0.0
-90.0, 30.03551972976964, -0.0, 134.98224013511518, 0.0, 0.0, 0.0
-90.0, 29.892323328000003, -0.0, 135.053838336, 0.0, 0.0, 0.0
-90.0, 29.748865652949288, -0.0, 135.12556717352535, 0.0, 0.0, 0.0
-90.0, 29.605147868066034, -0.0, 135.197426065967, 0.0, 0.0, 0.0
-90.0, 29.461171140605448, -0.0, 135.26941442969726, 0.0, 0.0, 0.0
-90.0, 29.316936641609043, -0.0, 135.34153167919547, 0.0, 0.0, 0.0
-90.0, 29.172445545884024, -0.0, 135.41377722705798, 0.0, 0.0, 0.0
-90.0, 29.027699031982905, -0.0, 135.48615048400853, 0.0, 0.0, 0.0
-90.0, 28.88269828218283, -0.0, 135.55865085890858, 0.0, 0.0, 0.0
-90.0, 28.737444482465285, -0.0, 135.63127775876737, 0.0, 0.0, 0.0
-90.0, 28.59193882249539, -0.0, 135.70403058875232, 0.0, 0.0, 0.0
-90.0, 28.44618249560156, -0.0, 135.77690875219923, 0.0, 0.0, 0.0
-90.0, 28.30017669875489, -0.0, 135.84991165062254, 0.0, 0.0, 0.0
-90.0, 28.153922632548724, -0.0, 135.92303868372565, 0.0, 0.0, 0.0
-90.0, 28.007421501178072, -0.0, 135.99628924941095, 0.0, 0.0, 0.0
-90.0, 27.86067451241923, -0.0, 136.0696627437904, 0.0, 0.0, 0.0
-90.0, 27.71368287760913, -0.0, 136.14315856119543, 0.0, 0.0, 0.0
-90.0, 27.56644781162496, -0.0, 136.2167760941875, 0.0, 0.0, 0.0
-90.0, 27.418970532863582, -0.0, 136.29051473356822, 0.0, 0.0, 0.0
-90.0, 27.271252263221093, -0.0, 136.36437386838946, 0.0, 0.0, 0.0
-90.0, 27.12329422807224, -0.0, 136.43835288596387, 0.0, 0.0, 0.0
-90.0, 26.97509765625, -0.0, 136.512451171875, 0.0, 0.0, 0.0
-90.0, 26.826663780025022, -0.0, 136.5866681099875, 0.0, 0.0, 0.0
-90.0, 26.67799383508516, -0.0, 136.66100308245743, 0.0, 0.0, 0.0
-90.0, 26.529089060514913, -0.0, 136.73545546974253, 0.0, 0.0, 0.0
-90.0, 26.379950698775048, -0.0, 136.8100246506125, 0.0, 0.0, 0.0
-90.0, 26.23057999568187, -0.0, 136.88471000215907, 0.0, 0.0, 0.0
-90.0, 26.08097820038703, -0.0, 136.95951089980647, 0.0, 0.0, 0.0
-90.0, 25.931146565356684, -0.0, 137.03442671732165, 0.0, 0.0, 0.0
-90.0, 25.781086346351273, -0.0, 137.10945682682436, 0.0, 0.0, 0.0
-90.0, 25.63079880240486, -0.0, 137.18460059879757, 0.0, 0.0, 0.0
-90.0, 25.480285195804676, -0.0, 137.25985740209765, 0.0, 0.0, 0.0
-90.0, 25.329546792070623, -0.0, 137.33522660396468, 0.0, 0.0, 0.0
-90.0, 25.178584859934716, -0.0, 137.41070757003263, 0.0, 0.0, 0.0
-90.0, 25.027400671320684, -0.0, 137.48629966433967, 0.0, 0.0, 0.0
-90.0, 24.875995501323352, -0.0, 137.56200224933832, 0.0, 0.0, 0.0
-90.0, 24.72437062818824, -0.0, 137.63781468590588, 0.0, 0.0, 0.0
-90.0, 24.572527333290957, -0.0, 137.71373633335452, 0.0, 0.0, 0.0
-90.0, 24.42046690111681, -0.0, 137.7897665494416, 0.0, 0.0, 0.0
-90.0, 24.268190619240222, -0.0, 137.8659046903799, 0.0, 0.0, 0.0
-90.0, 24.11569977830422, -0.0, 137.94215011084788, 0.0, 0.0, 0.0
-90.0, 23.962995672000005, -0.0, 138.01850216399998, 0.0, 0.0, 0.0
-90.0, 23.810079597046375, -0.0, 138.09496020147682, 0.0, 0.0, 0.0
-90.0, 23.656952853169287, -0.0, 138.17152357341536, 0.0, 0.0, 0.0
-90.0, 23.503616743081288, -0.0, 138.24819162845935, 0.0, 0.0, 0.0
-90.0, 23.350072572461038, -0.0, 138.32496371376948, 0.0, 0.0, 0.0
-90.0, 23.196321649932862, -0.0, 138.40183917503356, 0.0, 0.0, 0.0
-90.0, 23.042365287046145, -0.0, 138.47881735647692, 0.0, 0.0, 0.0
-90.0, 22.888204798254925, -0.0, 138.55589760087253, 0.0, 0.0, 0.0
-90.0, 22.733841500897285, -0.0, 138.63307924955137, 0.0, 0.0, 0.0
-90.0, 22.57927671517497, -0.0, 138.71036164241252, 0.0, 0.0, 0.0
-90.0, 22.424511764132802, -0.0, 138.78774411793358, 0.0, 0.0, 0.0
-90.0, 22.26954797363821, -0.0, 138.8652260131809, 0.0, 0.0, 0.0
-90.0, 22.114386672360702, -0.0, 138.94280666381965, 0.0, 0.0, 0.0
-90.0, 21.959029191751412, -0.0, 139.0204854041243, 0.0, 0.0, 0.0
-90.0, 21.803476866022464, -0.0, 139.09826156698875, 0.0, 0.0, 0.0
-90.0, 21.647731032126714, -0.0, 139.17613448393664, 0.0, 0.0, 0.0
-90.0, 21.491793029736947, -0.0, 139.25410348513154, 0.0, 0.0, 0.0
-90.0, 21.33566420122566, -0.0, 139.33216789938717, 0.0, 0.0, 0.0
-90.0, 21.17934589164433, -0.0, 139.41032705417783, 0.0, 0.0, 0.0
-90.0, 21.02283944870308, -0.0, 139.48858027564847, 0.0, 0.0, 0.0
-90.0, 20.866146222749997, -0.0, 139.566926888625, 0.0, 0.0, 0.0
-90.0, 20.709267566750846, -0.0, 139.64536621662458, 0.0, 0.0, 0.0
-90.0, 20.552204836268388, -0.0, 139.7238975818658, 0.0, 0.0, 0.0
-90.0, 20.394959389442008, -0.0, 139.802520305279, 0.0, 0.0, 0.0
-90.0, 20.23753258696702, -0.0, 139.8812337065165, 0.0, 0.0, 0.0
-90.0, 20.079925792074455, -0.0, 139.96003710396278, 0.0, 0.0, 0.0
-90.0, 19.922140370510263, -0.0, 140.03892981474488, 0.0, 0.0, 0.0
-90.0, 19.764177690515012, -0.0, 140.1179111547425, 0.0, 0.0, 0.0
-90.0, 19.60603912280328, -0.0, 140.19698043859836, 0.0, 0.0, 0.0
-90.0, 19.447726040543202, -0.0, 140.2761369797284, 0.0, 0.0, 0.0
-90.0, 19.289239819335926, -0.0, 140.35538009033203, 0.0, 0.0, 0.0
-90.0, 19.13058183719521, -0.0, 140.4347090814024, 0.0, 0.0, 0.0
-90.0, 18.9717534745267, -0.0, 140.51412326273666, 0.0, 0.0, 0.0
-90.0, 18.81275611410777, -0.0, 140.59362194294613, 0.0, 0.0, 0.0
-90.0, 18.6535911410666, -0.0, 140.6732044294667, 0.0, 0.0, 0.0
-90.0, 18.494259942862058, -0.0, 140.75287002856896, 0.0, 0.0, 0.0
-90.0, 18.33476390926296, -0.0, 140.83261804536852, 0.0, 0.0, 0.0
-90.0, 18.175104432327636, -0.0, 140.91244778383617, 0.0, 0.0, 0.0
-90.0, 18.01528290638347, -0.0, 140.99235854680828, 0.0, 0.0, 0.0
-90.0, 17.855300728006284, -0.0, 141.07234963599686, 0.0, 0.0, 0.0
-90.0, 17.695159296000014, -0.0, 141.15242035199998, 0.0, 0.0, 0.0
-90.0, 17.53486001137594, -0.0, 141.23256999431203, 0.0, 0.0, 0.0
-90.0, 17.37440427733253, -0.0, 141.31279786133373, 0.0, 0.0, 0.0
-90.0, 17.213793499234598, -0.0, 141.3931032503827, 0.0, 0.0, 0.0
-90.0, 17.053029084593042, -0.0, 141.47348545770348, 0.0, 0.0, 0.0
-90.0, 16.892112443044176, -0.0, 141.5539437784779, 0.0, 0.0, 0.0
-90.0, 16.7310449863294, -0.0, 141.6344775068353, 0.0, 0.0, 0.0
-90.0, 16.56982812827448, -0.0, 141.71508593586276, 0.0, 0.0, 0.0
-90.0, 16.408463284769283, -0.0, 141.79576835761537, 0.0, 0.0, 0.0
-90.0, 16.24695187374705, -0.0, 141.87652406312648, 0.0, 0.0, 0.0
-90.0, 16.085295315164068, -0.0, 141.95735234241798, 0.0, 0.0, 0.0
-90.0, 15.92349503097904, -0.0, 142.03825248451048, 0.0, 0.0, 0.0
-90.0, 15.761552445132729, -0.0, 142.11922377743363, 0.0, 0.0, 0.0
-90.0, 15.599468983527238, -0.0, 142.20026550823638, 0.0, 0.0, 0.0
-90.0, 15.437246074005735, -0.0, 142.28137696299714, 0.0, 0.0, 0.0
-90.0, 15.274885146331776, -0.0, 142.36255742683412, 0.0, 0.0, 0.0
-90.0, 15.112387632168975, -0.0, 142.4438061839155, 0.0, 0.0, 0.0
-90.0, 14.949754965060237, -0.0, 142.52512251746987, 0.0, 0.0, 0.0
-90.0, 14.786988580407588, -0.0, 142.6065057097962, 0.0, 0.0, 0.0
-90.0, 14.624089915451385, -0.0, 142.6879550422743, 0.0, 0.0, 0.0
-90.0, 14.46106040925001, -0.0, 142.769469795375, 0.0, 0.0, 0.0
-90.0, 14.297901502659165, -0.0, 142.85104924867042, 0.0, 0.0, 0.0
-90.0, 14.13461463831166, -0.0, 142.93269268084418, 0.0, 0.0, 0.0
-90.0, 13.97120126059658, -0.0, 143.01439936970172, 0.0, 0.0, 0.0
-90.0, 13.807662815639056, -0.0, 143.09616859218048, 0.0, 0.0, 0.0
-90.0, 13.64400075127952, -0.0, 143.17799962436024, 0.0, 0.0, 0.0
-90.0, 13.480216517053535, -0.0, 143.25989174147324, 0.0, 0.0, 0.0
-90.0, 13.316311564170825, -0.0, 143.3418442179146, 0.0, 0.0, 0.0
-90.0, 13.152287345495296, -0.0, 143.42385632725234, 0.0, 0.0, 0.0
-90.0, 12.988145315524015, -0.0, 143.50592734223798, 0.0, 0.0, 0.0
-90.0, 12.823886930367188, -0.0, 143.58805653481642, 0.0, 0.0, 0.0
-90.0, 12.659513647727266, -0.0, 143.67024317613635, 0.0, 0.0, 0.0
-90.0, 12.495026926878715, -0.0, 143.75248653656064, 0.0, 0.0, 0.0
-90.0, 12.330428228647328, -0.0, 143.83478588567633, 0.0, 0.0, 0.0
-90.0, 12.165719015389854, -0.0, 143.91714049230507, 0.0, 0.0, 0.0
-90.0, 12.000900750973372, -0.0, 143.99954962451332, 0.0, 0.0, 0.0
-90.0, 11.835974900754948, -0.0, 144.08201254962253, 0.0, 0.0, 0.0
-90.0, 11.670942931560965, -0.0, 144.16452853421953, 0.0, 0.0, 0.0
-90.0, 11.505806311666717, -0.0, 144.24709684416663, 0.0, 0.0, 0.0
-90.0, 11.340566510775872, -0.0, 144.32971674461206, 0.0, 0.0, 0.0
-90.0, 11.17522499999999, -0.0, 144.4123875, 0.0, 0.0, 0.0
-90.0, 11.009783251838044, -0.0, 144.49510837408098, 0.0, 0.0, 0.0
-90.0, 10.844242740155778, -0.0, 144.5778786299221, 0.0, 0.0, 0.0
-90.0, 10.678604940165435, -0.0, 144.6606975299173, 0.0, 0.0, 0.0
-90.0, 10.512871328405033, -0.0, 144.7435643357975, 0.0, 0.0, 0.0
-90.0, 10.347043382718013, -0.0, 144.826478308641, 0.0, 0.0, 0.0
-90.0, 10.18112258223264, -0.0, 144.90943870888367, 0.0, 0.0, 0.0
-90.0, 10.01511040734158, -0.0, 144.9924447963292, 0.0, 0.0, 0.0
-90.0, 9.84900833968127, -0.0, 145.07549583015935, 0.0, 0.0, 0.0
-90.0, 9.682817862111627, -0.0, 145.1585910689442, 0.0, 0.0, 0.0
-90.0, 9.516540458695303, -0.0, 145.24172977065234, 0.0, 0.0, 0.0
-90.0, 9.350177614677378, -0.0, 145.32491119266132, 0.0, 0.0, 0.0
-90.0, 9.183730816464731, -0.0, 145.40813459176763, 0.0, 0.0, 0.0
-90.0, 9.017201551605552, -0.0, 145.4913992241972, 0.0, 0.0, 0.0
-90.0, 8.850591308768983, -0.0, 145.57470434561552, 0.0, 0.0, 0.0
-90.0, 8.68390157772437, -0.0, 145.6580492111378, 0.0, 0.0, 0.0
-90.0, 8.517133849320942, -0.0, 145.74143307533953, 0.0, 0.0, 0.0
-90.0, 8.35028961546734, -0.0, 145.82485519226634, 0.0, 0.0, 0.0
-90.0, 8.183370369110847, -0.0, 145.90831481544458, 0.0, 0.0, 0.0
-90.0, 8.016377604217233, -0.0, 145.9918111978914, 0.0, 0.0, 0.0
-90.0, 7.849312815750011, -0.0, 146.075343592125, 0.0, 0.0, 0.0
-90.0, 7.68217749965001, -0.0, 146.15891125017498, 0.0, 0.0, 0.0
-90.0, 7.514973152814903, -0.0, 146.24251342359256, 0.0, 0.0, 0.0
-90.0, 7.3477012730786555, -0.0, 146.32614936346067, 0.0, 0.0, 0.0
-90.0, 7.180363359191034, -0.0, 146.4098183204045, 0.0, 0.0, 0.0
-90.0, 7.012960910797119, -0.0, 146.49351954460144, 0.0, 0.0, 0.0
-90.0, 6.845495428416754, -0.0, 146.57725228579162, 0.0, 0.0, 0.0
-90.0, 6.677968413424182, -0.0, 146.6610157932879, 0.0, 0.0, 0.0
-90.0, 6.510381368027268, -0.0, 146.74480931598637, 0.0, 0.0, 0.0
-90.0, 6.342735795247371, -0.0, 146.8286321023763, 0.0, 0.0, 0.0
-90.0, 6.175033198898433, -0.0, 146.9124834005508, 0.0, 0.0, 0.0
-90.0, 6.007275083566853, -0.0, 146.99636245821657, 0.0, 0.0, 0.0
-90.0, 5.839462954590701, -0.0, 147.08026852270464, 0.0, 0.0, 0.0
-90.0, 5.671598318039429, -0.0, 147.1642008409803, 0.0, 0.0, 0.0
-90.0, 5.503682680693089, -0.0, 147.24815865965346, 0.0, 0.0, 0.0
-90.0, 5.33571755002221, -0.0, 147.3321412249889, 0.0, 0.0, 0.0
-90.0, 5.167704434166943, -0.0, 147.41614778291654, 0.0, 0.0, 0.0
-90.0, 4.999644841916805, -0.0, 147.5001775790416, 0.0, 0.0, 0.0
-90.0, 4.831540282689971, -0.0, 147.58422985865502, 0.0, 0.0, 0.0
-90.0, 4.663392266512943, -0.0, 147.66830386674354, 0.0, 0.0, 0.0
-90.0, 4.495202304000017, -0.0, 147.75239884799998, 0.0, 0.0, 0.0
-90.0, 4.326971906332595, -0.0, 147.8365140468337, 0.0, 0.0, 0.0
-90.0, 4.158702585239055, -0.0, 147.92064870738048, 0.0, 0.0, 0.0
-90.0, 3.990395852973734, -0.0, 148.00480207351313, 0.0, 0.0, 0.0
-90.0, 3.8220532222970576, -0.0, 148.08897338885146, 0.0, 0.0, 0.0
-90.0, 3.6536762064543353, -0.0, 148.17316189677283, 0.0, 0.0, 0.0
-90.0, 3.4852663191558975, -0.0, 148.25736684042204, 0.0, 0.0, 0.0
-90.0, 3.3168250745561423, -0.0, 148.34158746272192, 0.0, 0.0, 0.0
-90.0, 3.1483539872332926, -0.0, 148.42582300638335, 0.0, 0.0, 0.0
-90.0, 2.9798545721686907, -0.0, 148.51007271391566, 0.0, 0.0, 0.0
-90.0, 2.811328344726576, -0.0, 148.5943358276367, 0.0, 0.0, 0.0
-90.0, 2.6427768206331876, -0.0, 148.6786115896834, 0.0, 0.0, 0.0
-90.0, 2.474201515956736, -0.0, 148.76289924202163, 0.0, 0.0, 0.0
-90.0, 2.3056039470863965, -0.0, 148.8471980264568, 0.0, 0.0, 0.0
-90.0, 2.136985630712239, -0.0, 148.9315071846439, 0.0, 0.0, 0.0
-90.0, 1.9683480838044431, -0.0, 149.01582595809776, 0.0, 0.0, 0.0
-90.0, 1.7996928235929488, -0.0, 149.1001535882035, 0.0, 0.0, 0.0
-90.0, 1.6310213675468859, -0.0, 149.18448931622655, 0.0, 0.0, 0.0
-90.0, 1.4623352333541106, -0.0, 149.26883238332294, 0.0, 0.0, 0.0
-90.0, 1.2936359389005503, -0.0, 149.35318203054973, 0.0, 0.0, 0.0
-90.0, 1.124925002249995, -0.0, 149.437537498875, 0.0, 0.0, 0.0
-90.0, 0.9562039416233432, -0.0, 149.52189802918832, 0.0, 0.0, 0.0
-90.0, 0.787474275378159, -0.0, 149.60626286231093, 0.0, 0.0, 0.0
-90.0, 0.618737521988237, -0.0, 149.69063123900588, 0.0, 0.0, 0.0
-90.0, 0.4499952000230394, -0.0, 149.77500239998847, 0.0, 0.0, 0.0
-90.0, 0.28124882812717544, -0.0, 149.85937558593642, 0.0, 0.0, 0.0
-90.0, 0.11249992500002293, -0.0, 149.9437500375, 0.0, 0.0, 0.0
-90.0, -0.05624999062499114, -0.0, 150.0281249953125, 0.0, 0.0, 0.0
-90.0, -0.22499940000069785, -0.0, 150.11249970000034, 0.0, 0.0, 0.0
-90.0, -0.39374678438682764, -0.0, 150.19687339219342, 0.0, 0.0, 0.0
-90.0, -0.5624906250703248, -0.0, 150.28124531253516, 0.0, 0.0, 0.0
-90.0, -0.7312294033860809, -0.0, 150.36561470169303, 0.0, 0.0, 0.0
-90.0, -0.899961600737285, -0.0, 150.44998080036865, 0.0, 0.0, 0.0
-90.0, -1.0686856986159867, -0.0, 150.534342849308, 0.0, 0.0, 0.0
-90.0, -1.2374001786236803, -0.0, 150.61870008931183, 0.0, 0.0, 0.0
-90.0, -1.4061035224914633, -0.0, 150.70305176124572, 0.0, 0.0, 0.0
-90.0, -1.5747942121010254, -0.0, 150.78739710605052, 0.0, 0.0, 0.0
-90.0, -1.7434707295048852, -0.0, 150.87173536475245, 0.0, 0.0, 0.0
-90.0, -1.912131556946818, -0.0, 150.9560657784734, 0.0, 0.0, 0.0
-90.0, -2.0807751768824545, -0.0, 151.04038758844123, 0.0, 0.0, 0.0
-90.0, -2.2494000720000145, -0.0, 151.124700036, 0.0, 0.0, 0.0
-90.0, -2.4180047252403156, -0.0, 151.20900236262017, 0.0, 0.0, 0.0
-90.0, -2.5865876198177205, -0.0, 151.29329380990885, 0.0, 0.0, 0.0
-90.0, -2.755147239240401, -0.0, 151.3775736196202, 0.0, 0.0, 0.0
-90.0, -2.9236820673309296, -0.0, 151.46184103366545, 0.0, 0.0, 0.0
-90.0, -3.0921905882468295, -0.0, 151.5460952941234, 0.0, 0.0, 0.0
-90.0, -3.260671286500852, -0.0, 151.63033564325042, 0.0, 0.0, 0.0
-90.0, -3.429122646981803, -0.0, 151.7145613234909, 0.0, 0.0, 0.0
-90.0, -3.59754315497473, -0.0, 151.79877157748737, 0.0, 0.0, 0.0
-90.0, -3.765931296181762, -0.0, 151.88296564809087, 0.0, 0.0, 0.0
-90.0, -3.934285556742182, -0.0, 151.96714277837108, 0.0, 0.0, 0.0
-90.0, -4.102604423253439, -0.0, 152.0513022116267, 0.0, 0.0, 0.0
-90.0, -4.270886382791261, -0.0, 152.13544319139564, 0.0, 0.0, 0.0
-90.0, -4.439129922930263, -0.0, 152.21956496146512, 0.0, 0.0, 0.0
-90.0, -4.6073335317645245, -0.0, 152.30366676588227, 0.0, 0.0, 0.0
-90.0, -4.775495697928022, -0.0, 152.387747848964, 0.0, 0.0, 0.0
-90.0, -4.943614910615054, -0.0, 152.47180745530753, 0.0, 0.0, 0.0
-90.0, -5.111689659601026, -0.0, 152.55584482980052, 0.0, 0.0, 0.0
-90.0, -5.279718435262652, -0.0, 152.63985921763134, 0.0, 0.0, 0.0
-90.0, -5.447699728598636, -0.0, 152.72384986429932, 0.0, 0.0, 0.0
-90.0, -5.615632031249987, -0.0, 152.807816015625, 0.0, 0.0, 0.0
-90.0, -5.783513835520864, -0.0, 152.89175691776043, 0.0, 0.0, 0.0
-90.0, -5.951343634398569, -0.0, 152.97567181719927, 0.0, 0.0, 0.0
-90.0, -6.119119921574679, -0.0, 153.05955996078734, 0.0, 0.0, 0.0
-90.0, -6.2868411914649585, -0.0, 153.1434205957325, 0.0, 0.0, 0.0
-90.0, -6.454505939230245, -0.0, 153.2272529696151, 0.0, 0.0, 0.0
-90.0, -6.622112660796745, -0.0, 153.31105633039837, 0.0, 0.0, 0.0
-90.0, -6.78965985287671, -0.0, 153.39482992643835, 0.0, 0.0, 0.0
-90.0, -6.957146012988744, -0.0, 153.47857300649437, 0.0, 0.0, 0.0
-90.0, -7.124569639478494, -0.0, 153.56228481973926, 0.0, 0.0, 0.0
-90.0, -7.291929231539072, -0.0, 153.64596461576954, 0.0, 0.0, 0.0
-90.0, -7.4592232892315025, -0.0, 153.72961164461574, 0.0, 0.0, 0.0
-90.0, -7.626450313505288, -0.0, 153.81322515675265, 0.0, 0.0, 0.0
-90.0, -7.793608806218941, -0.0, 153.89680440310946, 0.0, 0.0, 0.0
-90.0, -7.9606972701604235, -0.0, 153.98034863508022, 0.0, 0.0, 0.0
-90.0, -8.12771420906762, -0.0, 154.0638571045338, 0.0, 0.0, 0.0
-90.0, -8.29465812764903, -0.0, 154.14732906382451, 0.0, 0.0, 0.0
-90.0, -8.461527531604048, -0.0, 154.230763765802, 0.0, 0.0, 0.0
-90.0, -8.628320927643514, -0.0, 154.31416046382176, 0.0, 0.0, 0.0
-90.0, -8.7950368235104, -0.0, 154.3975184117552, 0.0, 0.0, 0.0
-90.0, -8.961673727999994, -0.0, 154.480836864, 0.0, 0.0, 0.0
-90.0, -9.128230150980755, -0.0, 154.56411507549038, 0.0, 0.0, 0.0
-90.0, -9.29470460341443, -0.0, 154.6473523017072, 0.0, 0.0, 0.0
-90.0, -9.461095597377067, -0.0, 154.73054779868852, 0.0, 0.0, 0.0
-90.0, -9.627401646078994, -0.0, 154.81370082303948, 0.0, 0.0, 0.0
-90.0, -9.79362126388554, -0.0, 154.89681063194277, 0.0, 0.0, 0.0
-90.0, -9.959752966337604, -0.0, 154.9798764831688, 0.0, 0.0, 0.0
-90.0, -10.125795270172176, -0.0, 155.06289763508607, 0.0, 0.0, 0.0
-90.0, -10.29174669334273, -0.0, 155.14587334667135, 0.0, 0.0, 0.0
-90.0, -10.457605755039623, -0.0, 155.2288028775198, 0.0, 0.0, 0.0
-90.0, -10.623370975710955, -0.0, 155.31168548785547, 0.0, 0.0, 0.0
-90.0, -10.789040877082655, -0.0, 155.39452043854132, 0.0, 0.0, 0.0
-90.0, -10.954613982179268, -0.0, 155.47730699108962, 0.0, 0.0, 0.0
-90.0, -11.12008881534446, -0.0, 155.56004440767222, 0.0, 0.0, 0.0
-90.0, -11.285463902261299, -0.0, 155.64273195113066, 0.0, 0.0, 0.0
-90.0, -11.450737769972875, -0.0, 155.72536888498644, 0.0, 0.0, 0.0
-90.0, -11.615908946903062, -0.0, 155.80795447345153, 0.0, 0.0, 0.0
-90.0, -11.780975962876425, -0.0, 155.8904879814382, 0.0, 0.0, 0.0
-90.0, -11.945937349139399, -0.0, 155.9729686745697, 0.0, 0.0, 0.0
-90.0, -12.110791638380277, -0.0, 156.05539581919015, 0.0, 0.0, 0.0
-90.0, -12.275537364749994, -0.0, 156.137768682375, 0.0, 0.0, 0.0
-90.0, -12.440173063882526, -0.0, 156.22008653194126, 0.0, 0.0, 0.0
-90.0, -12.604697272915374, -0.0, 156.30234863645768, 0.0, 0.0, 0.0
-90.0, -12.76910853051011, -0.0, 156.38455426525505, 0.0, 0.0, 0.0
-90.0, -12.933405376873012, -0.0, 156.4667026884365, 0.0, 0.0, 0.0
-90.0, -13.097586353775142, -0.0, 156.54879317688756, 0.0, 0.0, 0.0
-90.0, -13.261650004573497, -0.0, 156.63082500228674, 0.0, 0.0, 0.0
-90.0, -13.425594874230825, -0.0, 156.7127974371154, 0.0, 0.0, 0.0
-90.0, -13.58941950933675, -0.0, 156.79470975466836, 0.0, 0.0, 0.0
-90.0, -13.753122458127649, -0.0, 156.87656122906384, 0.0, 0.0, 0.0
-90.0, -13.916702270507812, -0.0, 156.9583511352539, 0.0, 0.0, 0.0
-90.0, -14.08015749806944, -0.0, 157.0400787490347, 0.0, 0.0, 0.0
-90.0, -14.243486694113244, -0.0, 157.12174334705662, 0.0, 0.0, 0.0
-90.0, -14.406688413669357, -0.0, 157.2033442068347, 0.0, 0.0, 0.0
-90.0, -14.56976121351714, -0.0, 157.28488060675858, 0.0, 0.0, 0.0
-90.0, -14.732703652206283, -0.0, 157.36635182610314, 0.0, 0.0, 0.0
-90.0, -14.895514290077045, -0.0, 157.4477571450385, 0.0, 0.0, 0.0
-90.0, -15.058191689280704, -0.0, 157.52909584464035, 0.0, 0.0, 0.0
-90.0, -15.220734413800272, -0.0, 157.61036720690015, 0.0, 0.0, 0.0
-90.0, -15.38314102947082, -0.0, 157.69157051473542, 0.0, 0.0, 0.0
-90.0, -15.545410103999984, -0.0, 157.772705052, 0.0, 0.0, 0.0
-90.0, -15.707540206988654, -0.0, 157.85377010349433, 0.0, 0.0, 0.0
-90.0, -15.869529909951211, -0.0, 157.9347649549756, 0.0, 0.0, 0.0
-90.0, -16.03137778633625, -0.0, 158.01568889316812, 0.0, 0.0, 0.0
-90.0, -16.193082411546925, -0.0, 158.09654120577346, 0.0, 0.0, 0.0
-90.0, -16.35464236296164, -0.0, 158.1773211814808, 0.0, 0.0, 0.0
-90.0, -16.51605621995438, -0.0, 158.2580281099772, 0.0, 0.0, 0.0
-90.0, -16.67732256391514, -0.0, 158.33866128195757, 0.0, 0.0, 0.0
-90.0, -16.838439978270713, -0.0, 158.41921998913534, 0.0, 0.0, 0.0
-90.0, -16.999407048505077, -0.0, 158.49970352425254, 0.0, 0.0, 0.0
-90.0, -17.16022236217968, -0.0, 158.58011118108985, 0.0, 0.0, 0.0
-90.0, -17.320884508954336, -0.0, 158.66044225447718, 0.0, 0.0, 0.0
-90.0, -17.481392080607264, -0.0, 158.74069604030365, 0.0, 0.0, 0.0
-90.0, -17.641743671056133, -0.0, 158.82087183552807, 0.0, 0.0, 0.0
-90.0, -17.801937876378005, -0.0, 158.900968938189, 0.0, 0.0, 0.0
-90.0, -17.961973294830315, -0.0, 158.98098664741516, 0.0, 0.0, 0.0
-90.0, -18.12184852687102, -0.0, 159.0609242634355, 0.0, 0.0, 0.0
-90.0, -18.281562175179374, -0.0, 159.1407810875897, 0.0, 0.0, 0.0
-90.0, -18.441112844676155, -0.0, 159.22055642233806, 0.0, 0.0, 0.0
-90.0, -18.600499142544464, -0.0, 159.30024957127222, 0.0, 0.0, 0.0
-90.0, -18.75971967824998, -0.0, 159.379859839125, 0.0, 0.0, 0.0
-90.0, -18.91877306356166, -0.0, 159.45938653178084, 0.0, 0.0, 0.0
-90.0, -19.077657912572107, -0.0, 159.53882895628607, 0.0, 0.0, 0.0
-90.0, -19.23637284171801, -0.0, 159.618186420859, 0.0, 0.0, 0.0
-90.0, -19.39491646980096, -0.0, 159.69745823490047, 0.0, 0.0, 0.0
-90.0, -19.553287418007585, -0.0, 159.7766437090038, 0.0, 0.0, 0.0
-90.0, -19.711484309930256, -0.0, 159.85574215496513, 0.0, 0.0, 0.0
-90.0, -19.86950577158754, -0.0, 159.93475288579378, 0.0, 0.0, 0.0
-90.0, -20.027350431444702, -0.0, 160.01367521572234, 0.0, 0.0, 0.0
-90.0, -20.18501692043432, -0.0, 160.09250846021718, 0.0, 0.0, 0.0
-90.0, -20.342503871976575, -0.0, 160.1712519359883, 0.0, 0.0, 0.0
-90.0, -20.499809921999827, -0.0, 160.2499049609999, 0.0, 0.0, 0.0
-90.0, -20.656933708961276, -0.0, 160.32846685448064, 0.0, 0.0, 0.0
-90.0, -20.813873873867294, -0.0, 160.40693693693365, 0.0, 0.0, 0.0
-90.0, -20.97062906029393, -0.0, 160.48531453014698, 0.0, 0.0, 0.0
-90.0, -21.12719791440753, -0.0, 160.56359895720377, 0.0, 0.0, 0.0
-90.0, -21.28357908498505, -0.0, 160.64178954249252, 0.0, 0.0, 0.0
-90.0, -21.43977122343489, -0.0, 160.71988561171744, 0.0, 0.0, 0.0
-90.0, -21.595772983817056, -0.0, 160.7978864919085, 0.0, 0.0, 0.0
-90.0, -21.75158302286377, -0.0, 160.87579151143188, 0.0, 0.0, 0.0
-90.0, -21.907199999999975, -0.0, 160.9536, 0.0, 0.0, 0.0
-90.0, -22.06262257736408, -0.0, 161.03131128868205, 0.0, 0.0, 0.0
-90.0, -22.217849419828, -0.0, 161.108924709914, 0.0, 0.0, 0.0
-90.0, -22.372879195017916, -0.0, 161.18643959750895, 0.0, 0.0, 0.0
-90.0, -22.527710573334957, -0.0, 161.26385528666748, 0.0, 0.0, 0.0
-90.0, -22.68234222797537, -0.0, 161.34117111398768, 0.0, 0.0, 0.0
-90.0, -22.836772834951148, -0.0, 161.41838641747557, 0.0, 0.0, 0.0
-90.0, -22.991001073110553, -0.0, 161.49550053655528, 0.0, 0.0, 0.0
-90.0, -23.145025624158734, -0.0, 161.57251281207937, 0.0, 0.0, 0.0
-90.0, -23.298845172678, -0.0, 161.649422586339, 0.0, 0.0, 0.0
-90.0, -23.452458406148438, -0.0, 161.7262292030742, 0.0, 0.0, 0.0
-90.0, -23.60586401496846, -0.0, 161.80293200748423, 0.0, 0.0, 0.0
-90.0, -23.759060692475288, -0.0, 161.87953034623763, 0.0, 0.0, 0.0
-90.0, -23.91204713496529, -0.0, 161.95602356748265, 0.0, 0.0, 0.0
-90.0, -24.06482204171479, -0.0, 162.0324110208574, 0.0, 0.0, 0.0
-90.0, -24.217384115000257, -0.0, 162.10869205750012, 0.0, 0.0, 0.0
-90.0, -24.36973206011902, -0.0, 162.1848660300595, 0.0, 0.0, 0.0
-90.0, -24.521864585409745, -0.0, 162.26093229270487, 0.0, 0.0, 0.0
-90.0, -24.67378040227291, -0.0, 162.33689020113644, 0.0, 0.0, 0.0
-90.0, -24.825478225191077, -0.0, 162.41273911259555, 0.0, 0.0, 0.0
-90.0, -24.97695677174997, -0.0, 162.488478385875, 0.0, 0.0, 0.0
-90.0, -25.12821476265833, -0.0, 162.56410738132917, 0.0, 0.0, 0.0
-90.0, -25.279250921768863, -0.0, 162.63962546088442, 0.0, 0.0, 0.0
-90.0, -25.430063976098467, -0.0, 162.71503198804925, 0.0, 0.0, 0.0
-90.0, -25.580652655848965, -0.0, 162.79032632792448, 0.0, 0.0, 0.0
-90.0, -25.731015694427455, -0.0, 162.86550784721373, 0.0, 0.0, 0.0
-90.0, -25.881151828466955, -0.0, 162.94057591423348, 0.0, 0.0, 0.0
-90.0, -26.031059797846723, -0.0, 163.01552989892338, 0.0, 0.0, 0.0
-90.0, -26.18073834571277, -0.0, 163.09036917285638, 0.0, 0.0, 0.0
-90.0, -26.330186218498554, -0.0, 163.16509310924928, 0.0, 0.0, 0.0
-90.0, -26.479402165945345, -0.0, 163.23970108297266, 0.0, 0.0, 0.0
-90.0, -26.628384941122746, -0.0, 163.31419247056138, 0.0, 0.0, 0.0
-90.0, -26.777133300449336, -0.0, 163.38856665022467, 0.0, 0.0, 0.0
-90.0, -26.9256460037127, -0.0, 163.46282300185635, 0.0, 0.0, 0.0
-90.0, -27.073921814090653, -0.0, 163.53696090704534, 0.0, 0.0, 0.0
-90.0, -27.221959498171103, -0.0, 163.61097974908554, 0.0, 0.0, 0.0
-90.0, -27.369757825973053, -0.0, 163.68487891298653, 0.0, 0.0, 0.0
-90.0, -27.517315570966602, -0.0, 163.7586577854833, 0.0, 0.0, 0.0
-90.0, -27.664631510093727, -0.0, 163.83231575504686, 0.0, 0.0, 0.0
-90.0, -27.811704423789124, -0.0, 163.90585221189457, 0.0, 0.0, 0.0
-90.0, -27.958533095999954, -0.0, 163.97926654799997, 0.0, 0.0, 0.0
-90.0, -28.10511631420694, -0.0, 164.05255815710348, 0.0, 0.0, 0.0
-90.0, -28.251452869444705, -0.0, 164.12572643472237, 0.0, 0.0, 0.0
-90.0, -28.39754155632204, -0.0, 164.19877077816102, 0.0, 0.0, 0.0
-90.0, -28.543381173042917, -0.0, 164.27169058652146, 0.0, 0.0, 0.0
-90.0, -28.688970521426455, -0.0, 164.3444852607132, 0.0, 0.0, 0.0
-90.0, -28.834308406927832, -0.0, 164.41715420346392, 0.0, 0.0, 0.0
-90.0, -28.979393638658465, -0.0, 164.48969681932923, 0.0, 0.0, 0.0
-90.0, -29.124225029406716, -0.0, 164.56211251470336, 0.0, 0.0, 0.0
-90.0, -29.26880139565843, -0.0, 164.63440069782922, 0.0, 0.0, 0.0
-90.0, -29.413121557617146, -0.0, 164.70656077880858, 0.0, 0.0, 0.0
-90.0, -29.557184339225188, -0.0, 164.77859216961258, 0.0, 0.0, 0.0
-90.0, -29.700988568183334, -0.0, 164.85049428409167, 0.0, 0.0, 0.0
-90.0, -29.84453307597191, -0.0, 164.92226653798596, 0.0, 0.0, 0.0
-90.0, -29.987816697871494, -0.0, 164.99390834893575, 0.0, 0.0, 0.0
-90.0, -30.130838272982672, -0.0, 165.06541913649133, 0.0, 0.0, 0.0
-90.0, -30.27359664424702, -0.0, 165.13679832212352, 0.0, 0.0, 0.0
-90.0, -30.416090658467695, -0.0, 165.20804532923384, 0.0, 0.0, 0.0
-90.0, -30.558319166329653, -0.0, 165.2791595831648, 0.0, 0.0, 0.0
-90.0, -30.70028102242027, -0.0, 165.35014051121013, 0.0, 0.0, 0.0
-90.0, -30.841975085250013, -0.0, 165.420987542625, 0.0, 0.0, 0.0
-90.0, -30.983400217272546, -0.0, 165.49170010863628, 0.0, 0.0, 0.0
-90.0, -31.12455528490561, -0.0, 165.5622776424528, 0.0, 0.0, 0.0
-90.0, -31.265439158551374, -0.0, 165.6327195792757, 0.0, 0.0, 0.0
-90.0, -31.406050712616917, -0.0, 165.70302535630844, 0.0, 0.0, 0.0
-90.0, -31.546388825534905, -0.0, 165.77319441276745, 0.0, 0.0, 0.0
-90.0, -31.686452379783688, -0.0, 165.84322618989185, 0.0, 0.0, 0.0
-90.0, -31.82624026190834, -0.0, 165.91312013095416, 0.0, 0.0, 0.0
-90.0, -31.965751362540715, -0.0, 165.98287568127034, 0.0, 0.0, 0.0
-90.0, -32.10498457642018, -0.0, 166.0524922882101, 0.0, 0.0, 0.0
-90.0, -32.24393880241402, -0.0, 166.12196940120702, 0.0, 0.0, 0.0
-90.0, -32.38261294353815, -0.0, 166.19130647176908, 0.0, 0.0, 0.0
-90.0, -32.52100590697728, -0.0, 166.26050295348864, 0.0, 0.0, 0.0
-90.0, -32.65911660410558, -0.0, 166.3295583020528, 0.0, 0.0, 0.0
-90.0, -32.796943950507384, -0.0, 166.3984719752537, 0.0, 0.0, 0.0
-90.0, -32.934486865997314, -0.0, 166.46724343299866, 0.0, 0.0, 0.0
-90.0, -33.071744274641034, -0.0, 166.53587213732052, 0.0, 0.0, 0.0
-90.0, -33.208715104775735, -0.0, 166.60435755238785, 0.0, 0.0, 0.0
-90.0, -33.34539828903054, -0.0, 166.67269914451526, 0.0, 0.0, 0.0
-90.0, -33.48179276434715, -0.0, 166.74089638217356, 0.0, 0.0, 0.0
-90.0, -33.61789747199997, -0.0, 166.808948736, 0.0, 0.0, 0.0
-90.0, -33.75371135761742, -0.0, 166.8768556788087, 0.0, 0.0, 0.0
-90.0, -33.889233371201456, -0.0, 166.94461668560072, 0.0, 0.0, 0.0
-90.0, -34.02446246714874, -0.0, 167.01223123357437, 0.0, 0.0, 0.0
-90.0, -34.159397604270936, -0.0, 167.07969880213545, 0.0, 0.0, 0.0
-90.0, -34.29403774581512, -0.0, 167.14701887290755, 0.0, 0.0, 0.0
-90.0, -34.428381859484645, -0.0, 167.21419092974233, 0.0, 0.0, 0.0
-90.0, -34.56242891745889, -0.0, 167.28121445872944, 0.0, 0.0, 0.0
-90.0, -34.69617789641475, -0.0, 167.34808894820736, 0.0, 0.0, 0.0
-90.0, -34.82962777754638, -0.0, 167.41481388877318, 0.0, 0.0, 0.0
-90.0, -34.96277754658594, -0.0, 167.48138877329296, 0.0, 0.0, 0.0
-90.0, -35.09562619382433, -0.0, 167.54781309691217, 0.0, 0.0, 0.0
-90.0, -35.22817271413126, -0.0, 167.61408635706562, 0.0, 0.0, 0.0
-90.0, -35.3604161069762, -0.0, 167.68020805348812, 0.0, 0.0, 0.0
-90.0, -35.49235537644827, -0.0, 167.74617768822412, 0.0, 0.0, 0.0
-90.0, -35.62398953127757, -0.0, 167.8119947656388, 0.0, 0.0, 0.0
-90.0, -35.75531758485502, -0.0, 167.8776587924275, 0.0, 0.0, 0.0
-90.0, -35.88633855525309, -0.0, 167.94316927762654, 0.0, 0.0, 0.0
-90.0, -36.017051465246354, -0.0, 168.00852573262318, 0.0, 0.0, 0.0
-90.0, -36.14745534233195, -0.0, 168.07372767116598, 0.0, 0.0, 0.0
-90.0, -36.277549218749996, -0.0, 168.138774609375, 0.0, 0.0, 0.0
-90.0, -36.407332131504205, -0.0, 168.2036660657521, 0.0, 0.0, 0.0
-90.0, -36.53680312238235, -0.0, 168.26840156119118, 0.0, 0.0, 0.0
-90.0, -36.66596123797683, -0.0, 168.33298061898842, 0.0, 0.0, 0.0
-90.0, -36.79480552970496, -0.0, 168.39740276485247, 0.0, 0.0, 0.0
-90.0, -36.9233350538298, -0.0, 168.4616675269149, 0.0, 0.0, 0.0
-90.0, -37.05154887148045, -0.0, 168.52577443574023, 0.0, 0.0, 0.0
-90.0, -37.17944604867252, -0.0, 168.58972302433625, 0.0, 0.0, 0.0
-90.0, -37.30702565632875, -0.0, 168.65351282816437, 0.0, 0.0, 0.0
-90.0, -37.43428677029932, -0.0, 168.71714338514965, 0.0, 0.0, 0.0
-90.0, -37.56122847138279, -0.0, 168.7806142356914, 0.0, 0.0, 0.0
-90.0, -37.68784984534605, -0.0, 168.843924922673, 0.0, 0.0, 0.0
-90.0, -37.814149982945324, -0.0, 168.90707499147265, 0.0, 0.0, 0.0
-90.0, -37.940127979945984, -0.0, 168.970063989973, 0.0, 0.0, 0.0
-90.0, -38.06578293714415, -0.0, 169.03289146857207, 0.0, 0.0, 0.0
-90.0, -38.19111396038596, -0.0, 169.09555698019298, 0.0, 0.0, 0.0
-90.0, -38.316120160589065, -0.0, 169.15806008029455, 0.0, 0.0, 0.0
-90.0, -38.440800653762366, -0.0, 169.2204003268812, 0.0, 0.0, 0.0
-90.0, -38.56515456102723, -0.0, 169.2825772805136, 0.0, 0.0, 0.0
-90.0, -38.689181008637476, -0.0, 169.34459050431875, 0.0, 0.0, 0.0
-90.0, -38.81287912800008, -0.0, 169.40643956400004, 0.0, 0.0, 0.0
-90.0, -38.936248055695344, -0.0, 169.46812402784767, 0.0, 0.0, 0.0
-90.0, -39.05928693349823, -0.0, 169.52964346674912, 0.0, 0.0, 0.0
-90.0, -39.18199490839791, -0.0, 169.59099745419894, 0.0, 0.0, 0.0
-90.0, -39.30437113261898, -0.0, 169.6521855663095, 0.0, 0.0, 0.0
-90.0, -39.42641476364135, -0.0, 169.71320738182067, 0.0, 0.0, 0.0
-90.0, -39.54812496422139, -0.0, 169.7740624821107, 0.0, 0.0, 0.0
-90.0, -39.669500902411784, -0.0, 169.83475045120588, 0.0, 0.0, 0.0
-90.0, -39.79054175158275, -0.0, 169.89527087579137, 0.0, 0.0, 0.0
-90.0, -39.911246690441715, -0.0, 169.95562334522086, 0.0, 0.0, 0.0
-90.0, -40.03161490305469, -0.0, 170.01580745152734, 0.0, 0.0, 0.0
-90.0, -40.151645578866024, -0.0, 170.075822789433, 0.0, 0.0, 0.0
-90.0, -40.271337912719275, -0.0, 170.13566895635964, 0.0, 0.0, 0.0
-90.0, -40.3906911048778, -0.0, 170.1953455524389, 0.0, 0.0, 0.0
-90.0, -40.509704361044996, -0.0, 170.2548521805225, 0.0, 0.0, 0.0
-90.0, -40.628376892385035, -0.0, 170.31418844619253, 0.0, 0.0, 0.0
-90.0, -40.74670791554303, -0.0, 170.3733539577715, 0.0, 0.0, 0.0
-90.0, -40.86469665266608, -0.0, 170.43234832633306, 0.0, 0.0, 0.0
-90.0, -40.9823423314231, -0.0, 170.49117116571153, 0.0, 0.0, 0.0
-90.0, -41.099644185026165, -0.0, 170.54982209251307, 0.0, 0.0, 0.0
-90.0, -41.216601452250046, -0.0, 170.60830072612504, 0.0, 0.0, 0.0
-90.0, -41.33321337745336, -0.0, 170.6666066887267, 0.0, 0.0, 0.0
-90.0, -41.44947921059908, -0.0, 170.72473960529953, 0.0, 0.0, 0.0
-90.0, -41.565398207274725, -0.0, 170.78269910363736, 0.0, 0.0, 0.0
-90.0, -41.68096962871297, -0.0, 170.8404848143565, 0.0, 0.0, 0.0
-90.0, -41.796192741812206, -0.0, 170.8980963709061, 0.0, 0.0, 0.0
-90.0, -41.91106681915721, -0.0, 170.9555334095786, 0.0, 0.0, 0.0
-90.0, -42.025591139039165, -0.0, 171.0127955695196, 0.0, 0.0, 0.0
-90.0, -42.13976498547677, -0.0, 171.06988249273837, 0.0, 0.0, 0.0
-90.0, -42.25358764823599, -0.0, 171.126793824118, 0.0, 0.0, 0.0
-90.0, -42.36705842285156, -0.0, 171.18352921142576, 0.0, 0.0, 0.0
-90.0, -42.48017661064648, -0.0, 171.24008830532324, 0.0, 0.0, 0.0
-90.0, -42.59294151875329, -0.0, 171.29647075937663, 0.0, 0.0, 0.0
-90.0, -42.70535246013398, -0.0, 171.352676230067, 0.0, 0.0, 0.0
-90.0, -42.817408753600944, -0.0, 171.40870437680047, 0.0, 0.0, 0.0
-90.0, -42.92910972383714, -0.0, 171.46455486191857, 0.0, 0.0, 0.0
-90.0, -43.04045470141699, -0.0, 171.5202273507085, 0.0, 0.0, 0.0
-90.0, -43.151443022826584, -0.0, 171.5757215114133, 0.0, 0.0, 0.0
-90.0, -43.26207403048403, -0.0, 171.63103701524201, 0.0, 0.0, 0.0
-90.0, -43.37234707276036, -0.0, 171.68617353638018, 0.0, 0.0, 0.0
-90.0, -43.48226150400001, -0.0, 171.741130752, 0.0, 0.0, 0.0
-90.0, -43.591816684540845, -0.0, 171.79590834227042, 0.0, 0.0, 0.0
-90.0, -43.701011980735075, -0.0, 171.85050599036754, 0.0, 0.0, 0.0
-90.0, -43.80984676496956, -0.0, 171.90492338248478, 0.0, 0.0, 0.0
-90.0, -43.91832041568696, -0.0, 171.95916020784347, 0.0, 0.0, 0.0
-90.0, -44.02643231740507, -0.0, 172.01321615870253, 0.0, 0.0, 0.0
-90.0, -44.134181860738096, -0.0, 172.06709093036903, 0.0, 0.0, 0.0
-90.0, -44.24156844241725, -0.0, 172.12078422120862, 0.0, 0.0, 0.0
-90.0, -44.348591465310705, -0.0, 172.17429573265537, 0.0, 0.0, 0.0
-90.0, -44.45525033844473, -0.0, 172.22762516922236, 0.0, 0.0, 0.0
-90.0, -44.56154447702352, -0.0, 172.28077223851176, 0.0, 0.0, 0.0
-90.0, -44.66747330245019, -0.0, 172.33373665122508, 0.0, 0.0, 0.0
-90.0, -44.77303624234719, -0.0, 172.3865181211736, 0.0, 0.0, 0.0
-90.0, -44.878232730577, -0.0, 172.4391163652885, 0.0, 0.0, 0.0
-90.0, -44.98306220726181, -0.0, 172.4915311036309, 0.0, 0.0, 0.0
-90.0, -45.08752411880491, -0.0, 172.54376205940247, 0.0, 0.0, 0.0
-90.0, -45.191617917910975, -0.0, 172.5958089589555, 0.0, 0.0, 0.0
-90.0, -45.29534306360648, -0.0, 172.64767153180324, 0.0, 0.0, 0.0
-90.0, -45.398699021259915, -0.0, 172.69934951062996, 0.0, 0.0, 0.0
-90.0, -45.50168526260279, -0.0, 172.7508426313014, 0.0, 0.0, 0.0
-90.0, -45.60430126575005, -0.0, 172.80215063287503, 0.0, 0.0, 0.0
-90.0, -45.70654651522011, -0.0, 172.85327325761006, 0.0, 0.0, 0.0
-90.0, -45.80842050195585, -0.0, 172.90421025097794, 0.0, 0.0, 0.0
-90.0, -45.90992272334512, -0.0, 172.95496136167256, 0.0, 0.0, 0.0
-90.0, -46.011052683240905, -0.0, 173.00552634162045, 0.0, 0.0, 0.0
-90.0, -46.11180989198215, -0.0, 173.05590494599107, 0.0, 0.0, 0.0
-90.0, -46.212193866414026, -0.0, 173.10609693320703, 0.0, 0.0, 0.0
-90.0, -46.31220412990834, -0.0, 173.15610206495415, 0.0, 0.0, 0.0
-90.0, -46.411840212384675, -0.0, 173.20592010619234, 0.0, 0.0, 0.0
-90.0, -46.51110165033015, -0.0, 173.25555082516507, 0.0, 0.0, 0.0
-90.0, -46.60998798682033, -0.0, 173.30499399341016, 0.0, 0.0, 0.0
-90.0, -46.70849877153941, -0.0, 173.35424938576972, 0.0, 0.0, 0.0
-90.0, -46.80663356080123, -0.0, 173.40331678040062, 0.0, 0.0, 0.0
-90.0, -46.9043919175694, -0.0, 173.4521959587847, 0.0, 0.0, 0.0
-90.0, -47.00177341147767, -0.0, 173.50088670573882, 0.0, 0.0, 0.0
-90.0, -47.0987776188509, -0.0, 173.54938880942547, 0.0, 0.0, 0.0
-90.0, -47.19540412272502, -0.0, 173.5977020613625, 0.0, 0.0, 0.0
-90.0, -47.29165251286827, -0.0, 173.64582625643413, 0.0, 0.0, 0.0
-90.0, -47.387522385800764, -0.0, 173.69376119290038, 0.0, 0.0, 0.0
-90.0, -47.48301334481587, -0.0, 173.74150667240792, 0.0, 0.0, 0.0
-90.0, -47.578125, -0.0, 173.7890625, 0.0, 0.0, 0.0
-90.0, -47.67285696825377, -0.0, 173.83642848412688, 0.0, 0.0, 0.0
-90.0, -47.767208873311716, -0.0, 173.88360443665584, 0.0, 0.0, 0.0
-90.0, -47.861180345763756, -0.0, 173.93059017288186, 0.0, 0.0, 0.0
-90.0, -47.9547710230749, -0.0, 173.97738551153745, 0.0, 0.0, 0.0
-90.0, -48.04798054960622, -0.0, 174.0239902748031, 0.0, 0.0, 0.0
-90.0, -48.140808576634925, -0.0, 174.07040428831746, 0.0, 0.0, 0.0
-90.0, -48.233254762375054, -0.0, 174.11662738118753, 0.0, 0.0, 0.0
-90.0, -48.32531877199867, -0.0, 174.16265938599935, 0.0, 0.0, 0.0
-90.0, -48.417000277655035, -0.0, 174.2085001388275, 0.0, 0.0, 0.0
-90.0, -48.508298958492276, -0.0, 174.25414947924614, 0.0, 0.0, 0.0
-90.0, -48.59921450067685, -0.0, 174.29960725033843, 0.0, 0.0, 0.0
-90.0, -48.689746597415194, -0.0, 174.3448732987076, 0.0, 0.0, 0.0
-90.0, -48.779894948973634, -0.0, 174.3899474744868, 0.0, 0.0, 0.0
-90.0, -48.86965926269852, -0.0, 174.43482963134926, 0.0, 0.0, 0.0
-90.0, -48.95903925303736, -0.0, 174.47951962651868, 0.0, 0.0, 0.0
-90.0, -49.04803464155907, -0.0, 174.52401732077954, 0.0, 0.0, 0.0
-90.0, -49.13664515697437, -0.0, 174.5683225784872, 0.0, 0.0, 0.0
-90.0, -49.22487053515667, -0.0, 174.61243526757835, 0.0, 0.0, 0.0
-90.0, -49.31271051916198, -0.0, 174.656355259581, 0.0, 0.0, 0.0
-90.0, -49.40016485925008, -0.0, 174.70008242962504, 0.0, 0.0, 0.0
-90.0, -49.48723331290421, -0.0, 174.7436166564521, 0.0, 0.0, 0.0
-90.0, -49.573915644852576, -0.0, 174.7869578224263, 0.0, 0.0, 0.0
-90.0, -49.66021162708799, -0.0, 174.83010581354398, 0.0, 0.0, 0.0
-90.0, -49.746121038889015, -0.0, 174.8730605194445, 0.0, 0.0, 0.0
-90.0, -49.8316436668396, -0.0, 174.91582183341978, 0.0, 0.0, 0.0
-90.0, -49.91677930485068, -0.0, 174.95838965242535, 0.0, 0.0, 0.0
-90.0, -50.00152775417996, -0.0, 175.00076387708998, 0.0, 0.0, 0.0
-90.0, -50.085888823452706, -0.0, 175.04294441172635, 0.0, 0.0, 0.0
-90.0, -50.169862328681916, -0.0, 175.08493116434096, 0.0, 0.0, 0.0
-90.0, -50.25344809328897, -0.0, 175.12672404664448, 0.0, 0.0, 0.0
-90.0, -50.336645948124755, -0.0, 175.1683229740624, 0.0, 0.0, 0.0
-90.0, -50.41945573148931, -0.0, 175.20972786574464, 0.0, 0.0, 0.0
-90.0, -50.501877289152304, -0.0, 175.25093864457614, 0.0, 0.0, 0.0
-90.0, -50.583910474374505, -0.0, 175.29195523718727, 0.0, 0.0, 0.0
-90.0, -50.66555514792708, -0.0, 175.33277757396354, 0.0, 0.0, 0.0
-90.0, -50.74681117811298, -0.0, 175.3734055890565, 0.0, 0.0, 0.0
-90.0, -50.827678440787395, -0.0, 175.4138392203937, 0.0, 0.0, 0.0
-90.0, -50.90815681937758, -0.0, 175.4540784096888, 0.0, 0.0, 0.0
-90.0, -50.98824620490373, -0.0, 175.49412310245185, 0.0, 0.0, 0.0
-90.0, -51.06794649599988, -0.0, 175.53397324799994, 0.0, 0.0, 0.0
-90.0, -51.14725759893423, -0.0, 175.57362879946712, 0.0, 0.0, 0.0
-90.0, -51.22617942762852, -0.0, 175.61308971381425, 0.0, 0.0, 0.0
-90.0, -51.304711903680555, -0.0, 175.65235595184026, 0.0, 0.0, 0.0
-90.0, -51.382854956382914, -0.0, 175.69142747819146, 0.0, 0.0, 0.0
-90.0, -51.46060852274479, -0.0, 175.7303042613724, 0.0, 0.0, 0.0
-90.0, -51.537972547511544, -0.0, 175.7689862737558, 0.0, 0.0, 0.0
-90.0, -51.61494698318549, -0.0, 175.80747349159276, 0.0, 0.0, 0.0
-90.0, -51.691531790046696, -0.0, 175.84576589502336, 0.0, 0.0, 0.0
-90.0, -51.767726936173005, -0.0, 175.8838634680865, 0.0, 0.0, 0.0
-90.0, -51.84353239746093, -0.0, 175.92176619873047, 0.0, 0.0, 0.0
-90.0, -51.918948157645985, -0.0, 175.959474078823, 0.0, 0.0, 0.0
-90.0, -51.99397420832332, -0.0, 175.99698710416166, 0.0, 0.0, 0.0
-90.0, -52.0686105489678, -0.0, 176.0343052744839, 0.0, 0.0, 0.0
-90.0, -52.142857186955126, -0.0, 176.07142859347755, 0.0, 0.0, 0.0
-90.0, -52.21671413758227, -0.0, 176.10835706879112, 0.0, 0.0, 0.0
-90.0, -52.290181424086995, -0.0, 176.1450907120435, 0.0, 0.0, 0.0
-90.0, -52.36325907766968, -0.0, 176.18162953883484, 0.0, 0.0, 0.0
-90.0, -52.43594713751344, -0.0, 176.21797356875672, 0.0, 0.0, 0.0
-90.0, -52.50824565080356, -0.0, 176.2541228254018, 0.0, 0.0, 0.0
-90.0, -52.58015467275004, -0.0, 176.29007733637502, 0.0, 0.0, 0.0
-90.0, -52.65167426660585, -0.0, 176.3258371333029, 0.0, 0.0, 0.0
-90.0, -52.7228045036895, -0.0, 176.36140225184477, 0.0, 0.0, 0.0
-90.0, -52.79354546340343, -0.0, 176.39677273170173, 0.0, 0.0, 0.0
-90.0, -52.86389723325706, -0.0, 176.43194861662852, 0.0, 0.0, 0.0
-90.0, -52.933859908884614, -0.0, 176.46692995444232, 0.0, 0.0, 0.0
-90.0, -53.003433594067445, -0.0, 176.50171679703374, 0.0, 0.0, 0.0
-90.0, -53.072618400754266, -0.0, 176.53630920037713, 0.0, 0.0, 0.0
-90.0, -53.1414144490808, -0.0, 176.5707072245404, 0.0, 0.0, 0.0
-90.0, -53.209821867390986, -0.0, 176.6049109336955, 0.0, 0.0, 0.0
-90.0, -53.277840792257734, -0.0, 176.63892039612887, 0.0, 0.0, 0.0
-90.0, -53.34547136850287, -0.0, 176.67273568425145, 0.0, 0.0, 0.0
-90.0, -53.4127137492174, -0.0, 176.7063568746087, 0.0, 0.0, 0.0
-90.0, -53.47956809578267, -0.0, 176.73978404789133, 0.0, 0.0, 0.0
-90.0, -53.54603457789122, -0.0, 176.7730172889456, 0.0, 0.0, 0.0
-90.0, -53.612113373565705, -0.0, 176.80605668678285, 0.0, 0.0, 0.0
-90.0, -53.677804669181114, -0.0, 176.83890233459056, 0.0, 0.0, 0.0
-90.0, -53.74310865948419, -0.0, 176.87155432974208, 0.0, 0.0, 0.0
-90.0, -53.80802554761419, -0.0, 176.9040127738071, 0.0, 0.0, 0.0
-90.0, -53.87255554512416, -0.0, 176.93627777256208, 0.0, 0.0, 0.0
-90.0, -53.936698871999994, -0.0, 176.96834943599998, 0.0, 0.0, 0.0
-90.0, -54.000455756682186, -0.0, 177.0002278783411, 0.0, 0.0, 0.0
-90.0, -54.06382643608529, -0.0, 177.03191321804263, 0.0, 0.0, 0.0
-90.0, -54.12681115561958, -0.0, 177.0634055778098, 0.0, 0.0, 0.0
-90.0, -54.1894101692111, -0.0, 177.09470508460555, 0.0, 0.0, 0.0
-90.0, -54.251623739320905, -0.0, 177.12581186966045, 0.0, 0.0, 0.0
-90.0, -54.31345213696835, -0.0, 177.15672606848418, 0.0, 0.0, 0.0
-90.0, -54.37489564174854, -0.0, 177.18744782087427, 0.0, 0.0, 0.0
-90.0, -54.43595454185481, -0.0, 177.2179772709274, 0.0, 0.0, 0.0
-90.0, -54.49662913409844, -0.0, 177.24831456704922, 0.0, 0.0, 0.0
-90.0, -54.55691972392975, -0.0, 177.27845986196488, 0.0, 0.0, 0.0
-90.0, -54.61682662545769, -0.0, 177.30841331272885, 0.0, 0.0, 0.0
-90.0, -54.676350161471305, -0.0, 177.33817508073565, 0.0, 0.0, 0.0
-90.0, -54.73549066345953, -0.0, 177.36774533172976, 0.0, 0.0, 0.0
-90.0, -54.794248471632045, -0.0, 177.39712423581602, 0.0, 0.0, 0.0
-90.0, -54.8526239349398, -0.0, 177.4263119674699, 0.0, 0.0, 0.0
-90.0, -54.91061741109502, -0.0, 177.4553087055475, 0.0, 0.0, 0.0
-90.0, -54.96822926659274, -0.0, 177.48411463329637, 0.0, 0.0, 0.0
-90.0, -55.02545987673017, -0.0, 177.51272993836508, 0.0, 0.0, 0.0
-90.0, -55.082309625627886, -0.0, 177.54115481281394, 0.0, 0.0, 0.0
-90.0, -55.138778906250025, -0.0, 177.569389453125, 0.0, 0.0, 0.0
-90.0, -55.19486812042504, -0.0, 177.59743406021252, 0.0, 0.0, 0.0
-90.0, -55.25057767886602, -0.0, 177.625288839433, 0.0, 0.0, 0.0
-90.0, -55.305908001191256, -0.0, 177.65295400059563, 0.0, 0.0, 0.0
-90.0, -55.36085951594504, -0.0, 177.68042975797252, 0.0, 0.0, 0.0
-90.0, -55.41543266061689, -0.0, 177.70771633030844, 0.0, 0.0, 0.0
-90.0, -55.46962788166411, -0.0, 177.73481394083205, 0.0, 0.0, 0.0
-90.0, -55.52344563453073, -0.0, 177.76172281726537, 0.0, 0.0, 0.0
-90.0, -55.576886383668636, -0.0, 177.78844319183432, 0.0, 0.0, 0.0
-90.0, -55.6299506025577, -0.0, 177.81497530127885, 0.0, 0.0, 0.0
-90.0, -55.68263877372658, -0.0, 177.8413193868633, 0.0, 0.0, 0.0
-90.0, -55.7349513887732, -0.0, 177.8674756943866, 0.0, 0.0, 0.0
-90.0, -55.786888948385354, -0.0, 177.89344447419268, 0.0, 0.0, 0.0
-90.0, -55.83845196236075, -0.0, 177.91922598118038, 0.0, 0.0, 0.0
-90.0, -55.8896409496279, -0.0, 177.94482047481395, 0.0, 0.0, 0.0
-90.0, -55.940456438266835, -0.0, 177.97022821913342, 0.0, 0.0, 0.0
-90.0, -55.99089896552903, -0.0, 177.9954494827645, 0.0, 0.0, 0.0
-90.0, -56.04096907785822, -0.0, 178.0204845389291, 0.0, 0.0, 0.0
-90.0, -56.09066733091106, -0.0, 178.04533366545553, 0.0, 0.0, 0.0
-90.0, -56.139994289577146, -0.0, 178.06999714478857, 0.0, 0.0, 0.0
-90.0, -56.18895052799985, -0.0, 178.09447526399993, 0.0, 0.0, 0.0
-90.0, -56.23753662959746, -0.0, 178.11876831479873, 0.0, 0.0, 0.0
-90.0, -56.28575318708209, -0.0, 178.14287659354105, 0.0, 0.0, 0.0
-90.0, -56.333600802481214, -0.0, 178.1668004012406, 0.0, 0.0, 0.0
-90.0, -56.38108008715898, -0.0, 178.1905400435795, 0.0, 0.0, 0.0
-90.0, -56.42819166183472, -0.0, 178.21409583091736, 0.0, 0.0, 0.0
-90.0, -56.47493615660511, -0.0, 178.23746807830256, 0.0, 0.0, 0.0
-90.0, -56.521314210963794, -0.0, 178.2606571054819, 0.0, 0.0, 0.0
-90.0, -56.56732647382279, -0.0, 178.2836632369114, 0.0, 0.0, 0.0
-90.0, -56.61297360353126, -0.0, 178.30648680176563, 0.0, 0.0, 0.0
-90.0, -56.65825626789848, -0.0, 178.32912813394924, 0.0, 0.0, 0.0
-90.0, -56.70317514421197, -0.0, 178.35158757210598, 0.0, 0.0, 0.0
-90.0, -56.74773091925931, -0.0, 178.37386545962966, 0.0, 0.0, 0.0
-90.0, -56.791924289348685, -0.0, 178.39596214467434, 0.0, 0.0, 0.0
-90.0, -56.83575596032881, -0.0, 178.4178779801644, 0.0, 0.0, 0.0
-90.0, -56.8792266476097, -0.0, 178.43961332380485, 0.0, 0.0, 0.0
-90.0, -56.922337076183055, -0.0, 178.46116853809153, 0.0, 0.0, 0.0
-90.0, -56.96508798064315, -0.0, 178.48254399032157, 0.0, 0.0, 0.0
-90.0, -57.00748010520692, -0.0, 178.50374005260346, 0.0, 0.0, 0.0
-90.0, -57.04951420373436, -0.0, 178.52475710186718, 0.0, 0.0, 0.0
-90.0, -57.091191039750015, -0.0, 178.545595519875, 0.0, 0.0, 0.0
-90.0, -57.132511386461545, -0.0, 178.56625569323077, 0.0, 0.0, 0.0
-90.0, -57.17347602678285, -0.0, 178.58673801339143, 0.0, 0.0, 0.0
-90.0, -57.21408575335187, -0.0, 178.60704287667593, 0.0, 0.0, 0.0
-90.0, -57.2543413685529, -0.0, 178.62717068427645, 0.0, 0.0, 0.0
-90.0, -57.29424368453675, -0.0, 178.64712184226838, 0.0, 0.0, 0.0
-90.0, -57.3337935232409, -0.0, 178.66689676162045, 0.0, 0.0, 0.0
-90.0, -57.37299171641007, -0.0, 178.68649585820503, 0.0, 0.0, 0.0
-90.0, -57.41183910561665, -0.0, 178.70591955280833, 0.0, 0.0, 0.0
-90.0, -57.450336542282, -0.0, 178.725168271141, 0.0, 0.0, 0.0
-90.0, -57.488484887695336, -0.0, 178.74424244384767, 0.0, 0.0, 0.0
-90.0, -57.5262850130361, -0.0, 178.76314250651805, 0.0, 0.0, 0.0
-90.0, -57.56373779939315, -0.0, 178.78186889969658, 0.0, 0.0, 0.0
-90.0, -57.60084413778611, -0.0, 178.80042206889306, 0.0, 0.0, 0.0
-90.0, -57.637604929184704, -0.0, 178.81880246459235, 0.0, 0.0, 0.0
-90.0, -57.67402108453069, -0.0, 178.83701054226535, 0.0, 0.0, 0.0
-90.0, -57.7100935247571, -0.0, 178.85504676237855, 0.0, 0.0, 0.0
-90.0, -57.74582318081002, -0.0, 178.872911590405, 0.0, 0.0, 0.0
-90.0, -57.781210993667855, -0.0, 178.89060549683393, 0.0, 0.0, 0.0
-90.0, -57.816257914362495, -0.0, 178.90812895718125, 0.0, 0.0, 0.0
-90.0, -57.850964903999966, -0.0, 178.92548245199998, 0.0, 0.0, 0.0
-90.0, -57.885332933780376, -0.0, 178.9426664668902, 0.0, 0.0, 0.0
-90.0, -57.91936298501889, -0.0, 178.95968149250945, 0.0, 0.0, 0.0
-90.0, -57.95305604916524, -0.0, 178.97652802458262, 0.0, 0.0, 0.0
-90.0, -57.98641312782689, -0.0, 178.99320656391345, 0.0, 0.0, 0.0
-90.0, -58.019435232785895, -0.0, 179.00971761639295, 0.0, 0.0, 0.0
-90.0, -58.05212338602183, -0.0, 179.02606169301092, 0.0, 0.0, 0.0
-90.0, -58.08447861973178, -0.0, 179.0422393098659, 0.0, 0.0, 0.0
-90.0, -58.11650197635055, -0.0, 179.05825098817527, 0.0, 0.0, 0.0
-90.0, -58.148194508571635, -0.0, 179.07409725428582, 0.0, 0.0, 0.0
-90.0, -58.17955727936737, -0.0, 179.0897786396837, 0.0, 0.0, 0.0
-90.0, -58.21059136200853, -0.0, 179.10529568100426, 0.0, 0.0, 0.0
-90.0, -58.24129784008721, -0.0, 179.1206489200436, 0.0, 0.0, 0.0
-90.0, -58.27167780753524, -0.0, 179.13583890376762, 0.0, 0.0, 0.0
-90.0, -58.30173236864567, -0.0, 179.15086618432284, 0.0, 0.0, 0.0
-90.0, -58.331462638092205, -0.0, 179.1657313190461, 0.0, 0.0, 0.0
-90.0, -58.360869740950875, -0.0, 179.18043487047544, 0.0, 0.0, 0.0
-90.0, -58.389954812721044, -0.0, 179.19497740636052, 0.0, 0.0, 0.0
-90.0, -58.41871899934375, -0.0, 179.20935949967188, 0.0, 0.0, 0.0
-90.0, -58.44716345722361, -0.0, 179.2235817286118, 0.0, 0.0, 0.0
-90.0, -58.475289353249934, -0.0, 179.23764467662497, 0.0, 0.0, 0.0
-90.0, -58.503097864815686, -0.0, 179.25154893240784, 0.0, 0.0, 0.0
-90.0, -58.53059017983952, -0.0, 179.26529508991976, 0.0, 0.0, 0.0
-90.0, -58.557767496785004, -0.0, 179.2788837483925, 0.0, 0.0, 0.0
-90.0, -58.58463102468096, -0.0, 179.29231551234048, 0.0, 0.0, 0.0
-90.0, -58.61118198314449, -0.0, 179.30559099157225, 0.0, 0.0, 0.0
-90.0, -58.637421602397694, -0.0, 179.31871080119885, 0.0, 0.0, 0.0
-90.0, -58.66335112329159, -0.0, 179.3316755616458, 0.0, 0.0, 0.0
-90.0, -58.68897179732471, -0.0, 179.34448589866236, 0.0, 0.0, 0.0
-90.0, -58.71428488666362, -0.0, 179.3571424433318, 0.0, 0.0, 0.0
-90.0, -58.73929166416417, -0.0, 179.36964583208209, 0.0, 0.0, 0.0
-90.0, -58.76399341339163, -0.0, 179.38199670669582, 0.0, 0.0, 0.0
-90.0, -58.78839142864143, -0.0, 179.39419571432072, 0.0, 0.0, 0.0
-90.0, -58.81248701495895, -0.0, 179.40624350747947, 0.0, 0.0, 0.0
-90.0, -58.83628148816132, -0.0, 179.41814074408066, 0.0, 0.0, 0.0
-90.0, -58.859776174856734, -0.0, 179.42988808742837, 0.0, 0.0, 0.0
-90.0, -58.88297241246505, -0.0, 179.44148620623253, 0.0, 0.0, 0.0
-90.0, -58.905871549239066, -0.0, 179.45293577461953, 0.0, 0.0, 0.0
-90.0, -58.92847494428463, -0.0, 179.46423747214232, 0.0, 0.0, 0.0
-90.0, -58.950783967580435, -0.0, 179.47539198379022, 0.0, 0.0, 0.0
-90.0, -58.97280000000012, -0.0, 179.48640000000006, 0.0, 0.0, 0.0
-90.0, -58.99452443333087, -0.0, 179.49726221666543, 0.0, 0.0, 0.0
-90.0, -59.01595867029533, -0.0, 179.50797933514767, 0.0, 0.0, 0.0
-90.0, -59.03710412457218, -0.0, 179.5185520622861, 0.0, 0.0, 0.0
-90.0, -59.05796222081494, -0.0, 179.52898111040747, 0.0, 0.0, 0.0
-90.0, -59.07853439467448, -0.0, 179.53926719733724, 0.0, 0.0, 0.0
-90.0, -59.09882209281864, -0.0, 179.54941104640932, 0.0, 0.0, 0.0
-90.0, -59.11882677295216, -0.0, 179.55941338647608, 0.0, 0.0, 0.0
-90.0, -59.13854990383879, -0.0, 179.5692749519194, 0.0, 0.0, 0.0
-90.0, -59.15799296531969, -0.0, 179.57899648265985, 0.0, 0.0, 0.0
-90.0, -59.17715744833595, -0.0, 179.58857872416797, 0.0, 0.0, 0.0
-90.0, -59.19604485494767, -0.0, 179.59802242747384, 0.0, 0.0, 0.0
-90.0, -59.214656698355384, -0.0, 179.6073283491777, 0.0, 0.0, 0.0
-90.0, -59.23299450291961, -0.0, 179.6164972514598, 0.0, 0.0, 0.0
-90.0, -59.251059804182205, -0.0, 179.6255299020911, 0.0, 0.0, 0.0
-90.0, -59.26885414888699, -0.0, 179.6344270744435, 0.0, 0.0, 0.0
-90.0, -59.28637909499912, -0.0, 179.64318954749956, 0.0, 0.0, 0.0
-90.0, -59.303636211726314, -0.0, 179.65181810586316, 0.0, 0.0, 0.0
-90.0, -59.32062707954043, -0.0, 179.66031353977021, 0.0, 0.0, 0.0
-90.0, -59.33735329019538, -0.0, 179.6686766450977, 0.0, 0.0, 0.0
-90.0, -59.35381644674999, -0.0, 179.676908223375, 0.0, 0.0, 0.0
-90.0, -59.370018163587645, -0.0, 179.68500908179382, 0.0, 0.0, 0.0
-90.0, -59.38596006643644, -0.0, 179.69298003321822, 0.0, 0.0, 0.0
-90.0, -59.40164379239002, -0.0, 179.700821896195, 0.0, 0.0, 0.0
-90.0, -59.41707098992879, -0.0, 179.7085354949644, 0.0, 0.0, 0.0
-90.0, -59.432243318939356, -0.0, 179.71612165946968, 0.0, 0.0, 0.0
-90.0, -59.44716245073465, -0.0, 179.72358122536733, 0.0, 0.0, 0.0
-90.0, -59.461830068075756, -0.0, 179.73091503403788, 0.0, 0.0, 0.0
-90.0, -59.47624786519265, -0.0, 179.73812393259632, 0.0, 0.0, 0.0
-90.0, -59.49041754780251, -0.0, 179.74520877390125, 0.0, 0.0, 0.0
-90.0, -59.504340833132744, -0.0, 179.75217041656637, 0.0, 0.0, 0.0
-90.0, -59.51801944993946, -0.0, 179.75900972496973, 0.0, 0.0, 0.0
-90.0, -59.53145513852951, -0.0, 179.76572756926475, 0.0, 0.0, 0.0
-90.0, -59.54464965077955, -0.0, 179.77232482538977, 0.0, 0.0, 0.0
-90.0, -59.55760475015802, -0.0, 179.778802375079, 0.0, 0.0, 0.0
-90.0, -59.57032221174529, -0.0, 179.78516110587265, 0.0, 0.0, 0.0
-90.0, -59.58280382225297, -0.0, 179.79140191112648, 0.0, 0.0, 0.0
-90.0, -59.59505138004573, -0.0, 179.79752569002287, 0.0, 0.0, 0.0
-90.0, -59.60706669516122, -0.0, 179.8035333475806, 0.0, 0.0, 0.0
-90.0, -59.618851589330745, -0.0, 179.80942579466537, 0.0, 0.0, 0.0
-90.0, -59.63040789599984, -0.0, 179.81520394799992, 0.0, 0.0, 0.0
-90.0, -59.641737460348565, -0.0, 179.82086873017428, 0.0, 0.0, 0.0
-90.0, -59.65284213931221, -0.0, 179.8264210696561, 0.0, 0.0, 0.0
-90.0, -59.66372380160118, -0.0, 179.8318619008006, 0.0, 0.0, 0.0
-90.0, -59.67438432772292, -0.0, 179.83719216386146, 0.0, 0.0, 0.0
-90.0, -59.68482561000047, -0.0, 179.84241280500024, 0.0, 0.0, 0.0
-90.0, -59.69504955259538, -0.0, 179.8475247762977, 0.0, 0.0, 0.0
-90.0, -59.705058071525286, -0.0, 179.85252903576264, 0.0, 0.0, 0.0
-90.0, -59.714853094686646, -0.0, 179.85742654734332, 0.0, 0.0, 0.0
-90.0, -59.72443656187522, -0.0, 179.8622182809376, 0.0, 0.0, 0.0
-90.0, -59.73381042480469, -0.0, 179.86690521240234, 0.0, 0.0, 0.0
-90.0, -59.74297664712947, -0.0, 179.87148832356473, 0.0, 0.0, 0.0
-90.0, -59.75193720446339, -0.0, 179.8759686022317, 0.0, 0.0, 0.0
-90.0, -59.76069408440128, -0.0, 179.88034704220064, 0.0, 0.0, 0.0
-90.0, -59.76924928653898, -0.0, 179.8846246432695, 0.0, 0.0, 0.0
-90.0, -59.777604822494254, -0.0, 179.88880241124713, 0.0, 0.0, 0.0
-90.0, -59.78576271592715, -0.0, 179.89288135796357, 0.0, 0.0, 0.0
-90.0, -59.79372500255931, -0.0, 179.89686250127966, 0.0, 0.0, 0.0
-90.0, -59.80149373019697, -0.0, 179.90074686509848, 0.0, 0.0, 0.0
-90.0, -59.80907095874943, -0.0, 179.90453547937472, 0.0, 0.0, 0.0
-90.0, -59.81645876025004, -0.0, 179.90822938012502, 0.0, 0.0, 0.0
-90.0, -59.82365921887674, -0.0, 179.91182960943837, 0.0, 0.0, 0.0
-90.0, -59.83067443097309, -0.0, 179.91533721548655, 0.0, 0.0, 0.0
-90.0, -59.83750650506795, -0.0, 179.91875325253397, 0.0, 0.0, 0.0
-90.0, -59.84415756189708, -0.0, 179.92207878094854, 0.0, 0.0, 0.0
-90.0, -59.850629734421545, -0.0, 179.92531486721077, 0.0, 0.0, 0.0
-90.0, -59.856925167851045, -0.0, 179.92846258392552, 0.0, 0.0, 0.0
-90.0, -59.863046019662875, -0.0, 179.93152300983144, 0.0, 0.0, 0.0
-90.0, -59.86899445962081, -0.0, 179.9344972298104, 0.0, 0.0, 0.0
-90.0, -59.87477266979931, -0.0, 179.93738633489966, 0.0, 0.0, 0.0
-90.0, -59.88038284460151, -0.0, 179.94019142230076, 0.0, 0.0, 0.0
-90.0, -59.88582719077988, -0.0, 179.94291359538994, 0.0, 0.0, 0.0
-90.0, -59.89110792745737, -0.0, 179.94555396372868, 0.0, 0.0, 0.0
-90.0, -59.89622728614745, -0.0, 179.94811364307373, 0.0, 0.0, 0.0
-90.0, -59.901187510774776, -0.0, 179.9505937553874, 0.0, 0.0, 0.0
-90.0, -59.905990857696565, -0.0, 179.95299542884828, 0.0, 0.0, 0.0
-90.0, -59.91063959572091, -0.0, 179.95531979786045, 0.0, 0.0, 0.0
-90.0, -59.91513600612984, -0.0, 179.95756800306492, 0.0, 0.0, 0.0
-90.0, -59.91948238269811, -0.0, 179.95974119134905, 0.0, 0.0, 0.0
-90.0, -59.92368103171373, -0.0, 179.96184051585686, 0.0, 0.0, 0.0
-90.0, -59.92773427199995, -0.0, 179.96386713599998, 0.0, 0.0, 0.0
-90.0, -59.93164443493424, -0.0, 179.96582221746712, 0.0, 0.0, 0.0
-90.0, -59.93541386446918, -0.0, 179.9677069322346, 0.0, 0.0, 0.0
-90.0, -59.93904491715284, -0.0, 179.96952245857642, 0.0, 0.0, 0.0
-90.0, -59.942539962150704, -0.0, 179.97126998107535, 0.0, 0.0, 0.0
-90.0, -59.94590138126421, -0.0, 179.9729506906321, 0.0, 0.0, 0.0
-90.0, -59.94913156895234, -0.0, 179.97456578447617, 0.0, 0.0, 0.0
-90.0, -59.952232932350626, -0.0, 179.9761164661753, 0.0, 0.0, 0.0
-90.0, -59.95520789129466, -0.0, 179.97760394564733, 0.0, 0.0, 0.0
-90.0, -59.95805887833808, -0.0, 179.97902943916904, 0.0, 0.0, 0.0
-90.0, -59.960788338773455, -0.0, 179.98039416938673, 0.0, 0.0, 0.0
-90.0, -59.963398730653466, -0.0, 179.98169936532673, 0.0, 0.0, 0.0
-90.0, -59.96589252481124, -0.0, 179.98294626240562, 0.0, 0.0, 0.0
-90.0, -59.96827220488035, -0.0, 179.98413610244017, 0.0, 0.0, 0.0
-90.0, -59.970540267315755, -0.0, 179.98527013365788, 0.0, 0.0, 0.0
-90.0, -59.97269922141436, -0.0, 179.98634961070718, 0.0, 0.0, 0.0
-90.0, -59.974751589334915, -0.0, 179.98737579466746, 0.0, 0.0, 0.0
-90.0, -59.97669990611996, -0.0, 179.98834995305998, 0.0, 0.0, 0.0
-90.0, -59.97854671971402, -0.0, 179.989273359857, 0.0, 0.0, 0.0
-90.0, -59.980294590986205, -0.0, 179.9901472954931, 0.0, 0.0, 0.0
-90.0, -59.98194609374991, -0.0, 179.99097304687496, 0.0, 0.0, 0.0
-90.0, -59.98350381478372, -0.0, 179.99175190739186, 0.0, 0.0, 0.0
-90.0, -59.98497035385003, -0.0, 179.99248517692502, 0.0, 0.0, 0.0
-90.0, -59.986348323718516, -0.0, 179.99317416185926, 0.0, 0.0, 0.0
-90.0, -59.98764035018473, -0.0, 179.99382017509237, 0.0, 0.0, 0.0
-90.0, -59.98884907209151, -0.0, 179.99442453604576, 0.0, 0.0, 0.0
-90.0, -59.98997714134782, -0.0, 179.9949885706739, 0.0, 0.0, 0.0
-90.0, -59.99102722295174, -0.0, 179.99551361147587, 0.0, 0.0, 0.0
-90.0, -59.99200199500865, -0.0, 179.99600099750432, 0.0, 0.0, 0.0
-90.0, -59.992904148753496, -0.0, 179.99645207437675, 0.0, 0.0, 0.0
-90.0, -59.993736388570255, -0.0, 179.99686819428513, 0.0, 0.0, 0.0
-90.0, -59.99450143201284, -0.0, 179.99725071600642, 0.0, 0.0, 0.0
-90.0, -59.99520200982545, -0.0, 179.99760100491272, 0.0, 0.0, 0.0
-90.0, -59.99584086596292, -0.0, 179.99792043298146, 0.0, 0.0, 0.0
-90.0, -59.99642075761176, -0.0, 179.99821037880588, 0.0, 0.0, 0.0
-90.0, -59.99694445521027, -0.0, 179.99847222760513, 0.0, 0.0, 0.0
-90.0, -59.99741474246878, -0.0, 179.9987073712344, 0.0, 0.0, 0.0
-90.0, -59.99783441639158, -0.0, 179.9989172081958, 0.0, 0.0, 0.0
-90.0, -59.99820628729469, -0.0, 179.99910314364735, 0.0, 0.0, 0.0
-90.0, -59.99853317882912, -0.0, 179.99926658941456, 0.0, 0.0, 0.0
-90.0, -59.998817927999994, -0.0, 179.999408964, 0.0, 0.0, 0.0
-90.0, -59.99906338518713, -0.0, 179.99953169259356, 0.0, 0.0, 0.0
-90.0, -59.9992724141656, -0.0, 179.9996362070828, 0.0, 0.0, 0.0
-90.0, -59.99944789212748, -0.0, 179.99972394606374, 0.0, 0.0, 0.0
-90.0, -59.99959270969896, -0.0, 179.99979635484948, 0.0, 0.0, 0.0
-90.0, -59.999709770965524, -0.0, 179.99985488548276, 0.0, 0.0, 0.0
-90.0, -59.99980199348886, -0.0, 179.99990099674443, 0.0, 0.0, 0.0
-90.0, -59.99987230832858, -0.0, 179.9999361541643, 0.0, 0.0, 0.0
-90.0, -59.99992366006268, -0.0, 179.99996183003134, 0.0, 0.0, 0.0
-90.0, -59.99995900680858, -0.0, 179.9999795034043, 0.0, 0.0, 0.0
-90.0, -59.99998132024234, -0.0, 179.99999066012117, 0.0, 0.0, 0.0
-90.0, -59.99999358562002, -0.0, 179.99999679281, 0.0, 0.0, 0.0
-90.0, -59.99999880179928, -0.0, 179.99999940089964, 0.0, 0.0, 0.0
-90.0, -59.99999998125702, -0.0, 179.9999999906285, 0.0, 0.0, 0.0
