-0.0, -30.0, -0.0, 120.0, 0.0, 0.0, 0.0
-0.0, -29.99999962073952, -0.0, 119.99999978929974, 0.0, 0.0, 0.0
-0.0, -29.999996969330276, -0.0, 119.9999983162946, 0.0, 0.0, 0.0
-0.0, -29.999989783005383, -0.0, 119.99999432389188, 0.0, 0.0, 0.0
-0.0, -29.99997580921878, -0.0, 119.9999865606771, 0.0, 0.0, 0.0
-0.0, -29.99995280562982, -0.0, 119.99997378090546, 0.0, 0.0, 0.0
-0.0, -29.999918540087922, -0.0, 119.9999547444933, 0.0, 0.0, 0.0
-0.0, -29.999870790617173, -0.0, 119.99992821700954, 0.0, 0.0, 0.0
-0.0, -29.99980734540096, -0.0, 119.9998929696672, 0.0, 0.0, 0.0
-0.0, -29.999726002766593, -0.0, 119.99984777931478, 0.0, 0.0, 0.0
-0.0, -29.99962457116992, -0.0, 119.99979142842774, 0.0, 0.0, 0.0
-0.0, -29.99950086917997, -0.0, 119.99972270509998, 0.0, 0.0, 0.0
-0.0, -29.99935272546354, -0.0, 119.9996404030353, 0.0, 0.0, 0.0
-0.0, -29.999177978769858, -0.0, 119.99954332153881, 0.0, 0.0, 0.0
-0.0, -29.99897447791517, -0.0, 119.99943026550842, 0.0, 0.0, 0.0
-0.0, -29.998740081767394, -0.0, 119.99930004542632, 0.0, 0.0, 0.0
-0.0, -29.99847265923072, -0.0, 119.9991514773504, 0.0, 0.0, 0.0
-0.0, -29.99817008923024, -0.0, 119.99898338290569, 0.0, 0.0, 0.0
-0.0, -29.99783026069657, -0.0, 119.99879458927587, 0.0, 0.0, 0.0
-0.0, -29.99745107255048, -0.0, 119.99858392919471, 0.0, 0.0, 0.0
-0.0, -29.9970304336875, -0.0, 119.9983502409375, 0.0, 0.0, 0.0
-0.0, -29.996566262962567, -0.0, 119.99809236831254, 0.0, 0.0, 0.0
-0.0, -29.996056489174617, -0.0, 119.99780916065257, 0.0, 0.0, 0.0
-0.0, -29.99549905105124, -0.0, 119.99749947280624, 0.0, 0.0, 0.0
-0.0, -29.99489189723328, -0.0, 119.9971621651296, 0.0, 0.0, 0.0
-0.0, -29.994232986259462, -0.0, 119.99679610347748, 0.0, 0.0, 0.0
-0.0, -29.993520286551018, -0.0, 119.996400159195, 0.0, 0.0, 0.0
-0.0, -29.99275177639631, -0.0, 119.99597320910907, 0.0, 0.0, 0.0
-0.0, -29.99192544393546, -0.0, 119.9955141355197, 0.0, 0.0, 0.0
-0.0, -29.99103928714495, -0.0, 119.99502182619163, 0.0, 0.0, 0.0
-0.0, -29.990091313822266, -0.0, 119.9944951743457, 0.0, 0.0, 0.0
-0.0, -29.989079541570515, -0.0, 119.99393307865029, 0.0, 0.0, 0.0
-0.0, -29.98800199778304, -0.0, 119.9933344432128, 0.0, 0.0, 0.0
-0.0, -29.986856719628058, -0.0, 119.99269817757114, 0.0, 0.0, 0.0
-0.0, -29.985641754033264, -0.0, 119.99202319668515, 0.0, 0.0, 0.0
-0.0, -29.98435515767047, -0.0, 119.99130842092804, 0.0, 0.0, 0.0
-0.0, -29.98299499694022, -0.0, 119.9905527760779, 0.0, 0.0, 0.0
-0.0, -29.98155934795641, -0.0, 119.98975519330912, 0.0, 0.0, 0.0
-0.0, -29.98004629653091, -0.0, 119.98891460918384, 0.0, 0.0, 0.0
-0.0, -29.97845393815821, -0.0, 119.98802996564345, 0.0, 0.0, 0.0
-0.0, -29.976780378, -0.0, 119.98710021, 0.0, 0.0, 0.0
-0.0, -29.97502373086983, -0.0, 119.98612429492768, 0.0, 0.0, 0.0
-0.0, -29.97318212121771, -0.0, 119.98510117845429, 0.0, 0.0, 0.0
-0.0, -29.971253683114757, -0.0, 119.98402982395264, 0.0, 0.0, 0.0
-0.0, -29.96923656023778, -0.0, 119.9829092001321, 0.0, 0.0, 0.0
-0.0, -29.967128905853944, -0.0, 119.98173828102996, 0.0, 0.0, 0.0
-0.0, -29.96492888280536, -0.0, 119.98051604600298, 0.0, 0.0, 0.0
-0.0, -29.96263466349373, -0.0, 119.97924147971874, 0.0, 0.0, 0.0
-0.0, -29.96024442986496, -0.0, 119.9779135721472, 0.0, 0.0, 0.0
-0.0, -29.957756373393774, -0.0, 119.97653131855209, 0.0, 0.0, 0.0
-0.0, -29.95516869506836, -0.0, 119.97509371948242, 0.0, 0.0, 0.0
-0.0, -29.952479605374965, -0.0, 119.97359978076386, 0.0, 0.0, 0.0
-0.0, -29.94968732428254, -0.0, 119.9720485134903, 0.0, 0.0, 0.0
-0.0, -29.946790081227352, -0.0, 119.97043893401519, 0.0, 0.0, 0.0
-0.0, -29.94378611509761, -0.0, 119.96877006394311, 0.0, 0.0, 0.0
-0.0, -29.94067367421808, -0.0, 119.96704093012116, 0.0, 0.0, 0.0
-0.0, -29.93745101633472, -0.0, 119.9652505646304, 0.0, 0.0, 0.0
-0.0, -29.934116408599298, -0.0, 119.96339800477739, 0.0, 0.0, 0.0
-0.0, -29.930668127554007, -0.0, 119.96148229308555, 0.0, 0.0, 0.0
-0.0, -29.927104459116098, -0.0, 119.95950247728672, 0.0, 0.0, 0.0
-0.0, -29.9234236985625, -0.0, 119.9574576103125, 0.0, 0.0, 0.0
-0.0, -29.919624150514437, -0.0, 119.9553467502858, 0.0, 0.0, 0.0
-0.0, -29.915704128922055, -0.0, 119.95316896051226, 0.0, 0.0, 0.0
-0.0, -29.911661957049052, -0.0, 119.95092330947169, 0.0, 0.0, 0.0
-0.0, -29.90749596745728, -0.0, 119.9486088708096, 0.0, 0.0, 0.0
-0.0, -29.903204501991393, -0.0, 119.94622472332856, 0.0, 0.0, 0.0
-0.0, -29.898785911763454, -0.0, 119.9437699509797, 0.0, 0.0, 0.0
-0.0, -29.89423855713756, -0.0, 119.9412436428542, 0.0, 0.0, 0.0
-0.0, -29.88956080771446, -0.0, 119.9386448931747, 0.0, 0.0, 0.0
-0.0, -29.884751042316196, -0.0, 119.93597280128678, 0.0, 0.0, 0.0
-0.0, -29.879807648970704, -0.0, 119.93322647165039, 0.0, 0.0, 0.0
-0.0, -29.874729024896446, -0.0, 119.93040501383136, 0.0, 0.0, 0.0
-0.0, -29.86951357648704, -0.0, 119.9275075424928, 0.0, 0.0, 0.0
-0.0, -29.864159719295866, -0.0, 119.92453317738659, 0.0, 0.0, 0.0
-0.0, -29.8586658780207, -0.0, 119.92148104334484, 0.0, 0.0, 0.0
-0.0, -29.853030486488343, -0.0, 119.9183502702713, 0.0, 0.0, 0.0
-0.0, -29.84725198763922, -0.0, 119.9151399931329, 0.0, 0.0, 0.0
-0.0, -29.84132883351203, -0.0, 119.91184935195113, 0.0, 0.0, 0.0
-0.0, -29.835259485228352, -0.0, 119.90847749179353, 0.0, 0.0, 0.0
-0.0, -29.82904241297727, -0.0, 119.90502356276515, 0.0, 0.0, 0.0
-0.0, -29.822676096, -0.0, 119.90148672, 0.0, 0.0, 0.0
-0.0, -29.816159022574514, -0.0, 119.8978661236525, 0.0, 0.0, 0.0
-0.0, -29.80948969000015, -0.0, 119.89416093888897, 0.0, 0.0, 0.0
-0.0, -29.802666604582253, -0.0, 119.89037033587903, 0.0, 0.0, 0.0
-0.0, -29.79568828161678, -0.0, 119.8864934897871, 0.0, 0.0, 0.0
-0.0, -29.78855324537494, -0.0, 119.88252958076386, 0.0, 0.0, 0.0
-0.0, -29.781260029087797, -0.0, 119.87847779393766, 0.0, 0.0, 0.0
-0.0, -29.773807174930916, -0.0, 119.87433731940607, 0.0, 0.0, 0.0
-0.0, -29.76619323400896, -0.0, 119.8701073522272, 0.0, 0.0, 0.0
-0.0, -29.758416766340336, -0.0, 119.8657870924113, 0.0, 0.0, 0.0
-0.0, -29.750476340841796, -0.0, 119.86137574491211, 0.0, 0.0, 0.0
-0.0, -29.742370535313086, -0.0, 119.85687251961838, 0.0, 0.0, 0.0
-0.0, -29.73409793642154, -0.0, 119.8522766313453, 0.0, 0.0, 0.0
-0.0, -29.725657139686724, -0.0, 119.84758729982596, 0.0, 0.0, 0.0
-0.0, -29.717046749465045, -0.0, 119.84280374970281, 0.0, 0.0, 0.0
-0.0, -29.70826537893439, -0.0, 119.8379252105191, 0.0, 0.0, 0.0
-0.0, -29.69931165007872, -0.0, 119.8329509167104, 0.0, 0.0, 0.0
-0.0, -29.69018419367273, -0.0, 119.82788010759596, 0.0, 0.0, 0.0
-0.0, -29.680881649266443, -0.0, 119.82271202737024, 0.0, 0.0, 0.0
-0.0, -29.671402665169843, -0.0, 119.81744592509436, 0.0, 0.0, 0.0
-0.0, -29.6617458984375, -0.0, 119.8120810546875, 0.0, 0.0, 0.0
-0.0, -29.651910014853183, -0.0, 119.80661667491843, 0.0, 0.0, 0.0
-0.0, -29.641893688914493, -0.0, 119.80105204939694, 0.0, 0.0, 0.0
-0.0, -29.631695603817484, -0.0, 119.79538644656527, 0.0, 0.0, 0.0
-0.0, -29.62131445144128, -0.0, 119.7896191396896, 0.0, 0.0, 0.0
-0.0, -29.6107489323327, -0.0, 119.7837494068515, 0.0, 0.0, 0.0
-0.0, -29.599997755690893, -0.0, 119.77777653093939, 0.0, 0.0, 0.0
-0.0, -29.58905963935193, -0.0, 119.77169979963996, 0.0, 0.0, 0.0
-0.0, -29.57793330977346, -0.0, 119.7655185054297, 0.0, 0.0, 0.0
-0.0, -29.566617502019316, -0.0, 119.75923194556628, 0.0, 0.0, 0.0
-0.0, -29.55511095974414, -0.0, 119.75283942208007, 0.0, 0.0, 0.0
-0.0, -29.543412435178006, -0.0, 119.74634024176555, 0.0, 0.0, 0.0
-0.0, -29.53152068911104, -0.0, 119.7397337161728, 0.0, 0.0, 0.0
-0.0, -29.519434490878048, -0.0, 119.73301916159892, 0.0, 0.0, 0.0
-0.0, -29.507152618343138, -0.0, 119.72619589907953, 0.0, 0.0, 0.0
-0.0, -29.494673857884337, -0.0, 119.7192632543802, 0.0, 0.0, 0.0
-0.0, -29.48199700437822, -0.0, 119.7122205579879, 0.0, 0.0, 0.0
-0.0, -29.469120861184525, -0.0, 119.70506714510252, 0.0, 0.0, 0.0
-0.0, -29.456044240130787, -0.0, 119.69780235562821, 0.0, 0.0, 0.0
-0.0, -29.442765961496953, -0.0, 119.69042553416497, 0.0, 0.0, 0.0
-0.0, -29.429284854, -0.0, 119.68293603, 0.0, 0.0, 0.0
-0.0, -29.415599754778572, -0.0, 119.6753331970992, 0.0, 0.0, 0.0
-0.0, -29.401709509377586, -0.0, 119.66761639409866, 0.0, 0.0, 0.0
-0.0, -29.38761297173287, -0.0, 119.65978498429604, 0.0, 0.0, 0.0
-0.0, -29.37330900415578, -0.0, 119.6518383356421, 0.0, 0.0, 0.0
-0.0, -29.35879647731781, -0.0, 119.64377582073212, 0.0, 0.0, 0.0
-0.0, -29.344074270235236, -0.0, 119.63559681679736, 0.0, 0.0, 0.0
-0.0, -29.329141270253725, -0.0, 119.62730070569651, 0.0, 0.0, 0.0
-0.0, -29.31399637303296, -0.0, 119.6188868739072, 0.0, 0.0, 0.0
-0.0, -29.298638482531267, -0.0, 119.61035471251738, 0.0, 0.0, 0.0
-0.0, -29.283066510990235, -0.0, 119.6017036172168, 0.0, 0.0, 0.0
-0.0, -29.267279378919334, -0.0, 119.59293298828852, 0.0, 0.0, 0.0
-0.0, -29.25127601508054, -0.0, 119.5840422306003, 0.0, 0.0, 0.0
-0.0, -29.23505535647297, -0.0, 119.5750307535961, 0.0, 0.0, 0.0
-0.0, -29.218616348317482, -0.0, 119.56589797128748, 0.0, 0.0, 0.0
-0.0, -29.20195794404132, -0.0, 119.55664330224518, 0.0, 0.0, 0.0
-0.0, -29.18507910526272, -0.0, 119.5472661695904, 0.0, 0.0, 0.0
-0.0, -29.16797880177554, -0.0, 119.53776600098641, 0.0, 0.0, 0.0
-0.0, -29.150656011533883, -0.0, 119.52814222862993, 0.0, 0.0, 0.0
-0.0, -29.133109720636718, -0.0, 119.51839428924262, 0.0, 0.0, 0.0
-0.0, -29.1153389233125, -0.0, 119.5085216240625, 0.0, 0.0, 0.0
-0.0, -29.097342621903802, -0.0, 119.49852367883544, 0.0, 0.0, 0.0
-0.0, -29.07911982685193, -0.0, 119.48839990380662, 0.0, 0.0, 0.0
-0.0, -29.060669556681543, -0.0, 119.47814975371197, 0.0, 0.0, 0.0
-0.0, -29.04199083798528, -0.0, 119.4677726877696, 0.0, 0.0, 0.0
-0.0, -29.023082705408385, -0.0, 119.45726816967132, 0.0, 0.0, 0.0
-0.0, -29.00394420163333, -0.0, 119.44663566757407, 0.0, 0.0, 0.0
-0.0, -28.984574377364424, -0.0, 119.43587465409135, 0.0, 0.0, 0.0
-0.0, -28.96497229131246, -0.0, 119.4249846062847, 0.0, 0.0, 0.0
-0.0, -28.945137010179312, -0.0, 119.41396500565517, 0.0, 0.0, 0.0
-0.0, -28.92506760864258, -0.0, 119.40281533813477, 0.0, 0.0, 0.0
-0.0, -28.90476316934019, -0.0, 119.39153509407788, 0.0, 0.0, 0.0
-0.0, -28.88422278285504, -0.0, 119.3801237682528, 0.0, 0.0, 0.0
-0.0, -28.86344554769961, -0.0, 119.36858085983312, 0.0, 0.0, 0.0
-0.0, -28.842430570300575, -0.0, 119.3569058723892, 0.0, 0.0, 0.0
-0.0, -28.821176964983458, -0.0, 119.3450983138797, 0.0, 0.0, 0.0
-0.0, -28.79968385395722, -0.0, 119.3331576966429, 0.0, 0.0, 0.0
-0.0, -28.777950367298896, -0.0, 119.32108353738828, 0.0, 0.0, 0.0
-0.0, -28.755975642938225, -0.0, 119.3088753571879, 0.0, 0.0, 0.0
-0.0, -28.733758826642262, -0.0, 119.29653268146792, 0.0, 0.0, 0.0
-0.0, -28.711299072, -0.0, 119.28405504, 0.0, 0.0, 0.0
-0.0, -28.688595540407004, -0.0, 119.27144196689278, 0.0, 0.0, 0.0
-0.0, -28.665647401050023, -0.0, 119.25869300058335, 0.0, 0.0, 0.0
-0.0, -28.64245383089162, -0.0, 119.24580768382867, 0.0, 0.0, 0.0
-0.0, -28.61901401465478, -0.0, 119.2327855636971, 0.0, 0.0, 0.0
-0.0, -28.595327144807555, -0.0, 119.21962619155975, 0.0, 0.0, 0.0
-0.0, -28.571392421547674, -0.0, 119.20632912308204, 0.0, 0.0, 0.0
-0.0, -28.547209052787156, -0.0, 119.19289391821509, 0.0, 0.0, 0.0
-0.0, -28.52277625413696, -0.0, 119.1793201411872, 0.0, 0.0, 0.0
-0.0, -28.49809324889158, -0.0, 119.16560736049531, 0.0, 0.0, 0.0
-0.0, -28.47315926801367, -0.0, 119.15175514889648, 0.0, 0.0, 0.0
-0.0, -28.447973550118704, -0.0, 119.13776308339928, 0.0, 0.0, 0.0
-0.0, -28.42253534145954, -0.0, 119.1236307452553, 0.0, 0.0, 0.0
-0.0, -28.39684389591109, -0.0, 119.10935771995061, 0.0, 0.0, 0.0
-0.0, -28.37089847495492, -0.0, 119.09494359719717, 0.0, 0.0, 0.0
-0.0, -28.34469834766388, -0.0, 119.08038797092438, 0.0, 0.0, 0.0
-0.0, -28.31824279068672, -0.0, 119.0656904392704, 0.0, 0.0, 0.0
-0.0, -28.291531088232723, -0.0, 119.05085060457374, 0.0, 0.0, 0.0
-0.0, -28.26456253205632, -0.0, 119.03586807336463, 0.0, 0.0, 0.0
-0.0, -28.23733642144171, -0.0, 119.0207424563565, 0.0, 0.0, 0.0
-0.0, -28.2098520631875, -0.0, 119.0054733684375, 0.0, 0.0, 0.0
-0.0, -28.1821087715913, -0.0, 118.99006042866183, 0.0, 0.0, 0.0
-0.0, -28.154105868434367, -0.0, 118.97450326024132, 0.0, 0.0, 0.0
-0.0, -28.125842682966226, -0.0, 118.95880149053679, 0.0, 0.0, 0.0
-0.0, -28.09731855188928, -0.0, 118.9429547510496, 0.0, 0.0, 0.0
-0.0, -28.068532819343446, -0.0, 118.92696267741303, 0.0, 0.0, 0.0
-0.0, -28.039484836890765, -0.0, 118.91082490938376, 0.0, 0.0, 0.0
-0.0, -28.010173963500044, -0.0, 118.89454109083336, 0.0, 0.0, 0.0
-0.0, -27.98059956553146, -0.0, 118.8781108697397, 0.0, 0.0, 0.0
-0.0, -27.950761016721184, -0.0, 118.86153389817844, 0.0, 0.0, 0.0
-0.0, -27.920657698166014, -0.0, 118.84480983231445, 0.0, 0.0, 0.0
-0.0, -27.890288998307998, -0.0, 118.82793833239333, 0.0, 0.0, 0.0
-0.0, -27.85965431291904, -0.0, 118.8109190627328, 0.0, 0.0, 0.0
-0.0, -27.82875304508554, -0.0, 118.79375169171419, 0.0, 0.0, 0.0
-0.0, -27.797584605193016, -0.0, 118.7764358917739, 0.0, 0.0, 0.0
-0.0, -27.766148410910706, -0.0, 118.75897133939483, 0.0, 0.0, 0.0
-0.0, -27.73444388717622, -0.0, 118.7413577150979, 0.0, 0.0, 0.0
-0.0, -27.702470466180145, -0.0, 118.7235947034334, 0.0, 0.0, 0.0
-0.0, -27.670227587350663, -0.0, 118.70568199297259, 0.0, 0.0, 0.0
-0.0, -27.637714697338193, -0.0, 118.687619276299, 0.0, 0.0, 0.0
-0.0, -27.60493125, -0.0, 118.66940625, 0.0, 0.0, 0.0
-0.0, -27.571876706384813, -0.0, 118.65104261465822, 0.0, 0.0, 0.0
-0.0, -27.538550534717462, -0.0, 118.63252807484304, 0.0, 0.0, 0.0
-0.0, -27.50495221038349, -0.0, 118.61386233910194, 0.0, 0.0, 0.0
-0.0, -27.47108121591378, -0.0, 118.5950451199521, 0.0, 0.0, 0.0
-0.0, -27.436937040969177, -0.0, 118.57607613387177, 0.0, 0.0, 0.0
-0.0, -27.40251918232511, -0.0, 118.55695510129173, 0.0, 0.0, 0.0
-0.0, -27.367827143856218, -0.0, 118.53768174658678, 0.0, 0.0, 0.0
-0.0, -27.33286043652096, -0.0, 118.5182557980672, 0.0, 0.0, 0.0
-0.0, -27.29761857834626, -0.0, 118.49867698797014, 0.0, 0.0, 0.0
-0.0, -27.26210109441211, -0.0, 118.47894505245117, 0.0, 0.0, 0.0
-0.0, -27.2263075168362, -0.0, 118.45905973157566, 0.0, 0.0, 0.0
-0.0, -27.19023738475854, -0.0, 118.4390207693103, 0.0, 0.0, 0.0
-0.0, -27.153890244326085, -0.0, 118.41882791351449, 0.0, 0.0, 0.0
-0.0, -27.11726564867736, -0.0, 118.39848091593187, 0.0, 0.0, 0.0
-0.0, -27.080363157927064, -0.0, 118.3779795321817, 0.0, 0.0, 0.0
-0.0, -27.04318233915072, -0.0, 118.3573235217504, 0.0, 0.0, 0.0
-0.0, -27.00572276636928, -0.0, 118.33651264798293, 0.0, 0.0, 0.0
-0.0, -26.967984020533756, -0.0, 118.31554667807431, 0.0, 0.0, 0.0
-0.0, -26.92996568950983, -0.0, 118.29442538306103, 0.0, 0.0, 0.0
-0.0, -26.8916673680625, -0.0, 118.2731485378125, 0.0, 0.0, 0.0
-0.0, -26.85308865784067, -0.0, 118.2517159210226, 0.0, 0.0, 0.0
-0.0, -26.814229167361805, -0.0, 118.230127315201, 0.0, 0.0, 0.0
-0.0, -26.775088511996536, -0.0, 118.20838250666475, 0.0, 0.0, 0.0
-0.0, -26.73566631395328, -0.0, 118.1864812855296, 0.0, 0.0, 0.0
-0.0, -26.695962202262876, -0.0, 118.1644234457016, 0.0, 0.0, 0.0
-0.0, -26.655975812763202, -0.0, 118.14220878486844, 0.0, 0.0, 0.0
-0.0, -26.61570678808379, -0.0, 118.119837104491, 0.0, 0.0, 0.0
-0.0, -26.57515477763046, -0.0, 118.0973082097947, 0.0, 0.0, 0.0
-0.0, -26.53431943756993, -0.0, 118.07462190976108, 0.0, 0.0, 0.0
-0.0, -26.49320043081445, -0.0, 118.05177801711913, 0.0, 0.0, 0.0
-0.0, -26.45179742700643, -0.0, 118.0287763483369, 0.0, 0.0, 0.0
-0.0, -26.41011010250304, -0.0, 118.0056167236128, 0.0, 0.0, 0.0
-0.0, -26.36813814036085, -0.0, 117.98229896686713, 0.0, 0.0, 0.0
-0.0, -26.32588123032045, -0.0, 117.95882290573358, 0.0, 0.0, 0.0
-0.0, -26.283339068791076, -0.0, 117.9351883715506, 0.0, 0.0, 0.0
-0.0, -26.24051135883522, -0.0, 117.9113951993529, 0.0, 0.0, 0.0
-0.0, -26.197397810153262, -0.0, 117.88744322786293, 0.0, 0.0, 0.0
-0.0, -26.1539981390681, -0.0, 117.86333229948228, 0.0, 0.0, 0.0
-0.0, -26.110312068509753, -0.0, 117.8390622602832, 0.0, 0.0, 0.0
-0.0, -26.066339328, -0.0, 117.81463296, 0.0, 0.0, 0.0
-0.0, -26.022079653636997, -0.0, 117.79004425202055, 0.0, 0.0, 0.0
-0.0, -25.9775327880799, -0.0, 117.76529599337772, 0.0, 0.0, 0.0
-0.0, -25.932698480533485, -0.0, 117.74038804474083, 0.0, 0.0, 0.0
-0.0, -25.88757648673278, -0.0, 117.7153202704071, 0.0, 0.0, 0.0
-0.0, -25.842166568927674, -0.0, 117.69009253829316, 0.0, 0.0, 0.0
-0.0, -25.79646849586755, -0.0, 117.66470471992642, 0.0, 0.0, 0.0
-0.0, -25.7504820427859, -0.0, 117.63915669043661, 0.0, 0.0, 0.0
-0.0, -25.70420699138496, -0.0, 117.61344832854721, 0.0, 0.0, 0.0
-0.0, -25.65764312982032, -0.0, 117.58757951656685, 0.0, 0.0, 0.0
-0.0, -25.610790252685547, -0.0, 117.56155014038086, 0.0, 0.0, 0.0
-0.0, -25.56364816099682, -0.0, 117.53536008944268, 0.0, 0.0, 0.0
-0.0, -25.51621666217754, -0.0, 117.5090092567653, 0.0, 0.0, 0.0
-0.0, -25.468495570042958, -0.0, 117.48249753891275, 0.0, 0.0, 0.0
-0.0, -25.420484704784794, -0.0, 117.45582483599155, 0.0, 0.0, 0.0
-0.0, -25.37218389295587, -0.0, 117.42899105164216, 0.0, 0.0, 0.0
-0.0, -25.32359296745472, -0.0, 117.4019960930304, 0.0, 0.0, 0.0
-0.0, -25.274711767510215, -0.0, 117.37483987083901, 0.0, 0.0, 0.0
-0.0, -25.225540138666194, -0.0, 117.347522299259, 0.0, 0.0, 0.0
-0.0, -25.176077932766077, -0.0, 117.32004329598115, 0.0, 0.0, 0.0
-0.0, -25.1263250079375, -0.0, 117.2924027821875, 0.0, 0.0, 0.0
-0.0, -25.076281228576917, -0.0, 117.26460068254273, 0.0, 0.0, 0.0
-0.0, -25.025946465334243, -0.0, 117.23663692518569, 0.0, 0.0, 0.0
-0.0, -24.975320595097468, -0.0, 117.20851144172082, 0.0, 0.0, 0.0
-0.0, -24.924403500977277, -0.0, 117.1802241672096, 0.0, 0.0, 0.0
-0.0, -24.873195072291686, -0.0, 117.15177504016205, 0.0, 0.0, 0.0
-0.0, -24.821695204550643, -0.0, 117.12316400252813, 0.0, 0.0, 0.0
-0.0, -24.769903799440662, -0.0, 117.09439099968925, 0.0, 0.0, 0.0
-0.0, -24.71782076480946, -0.0, 117.0654559804497, 0.0, 0.0, 0.0
-0.0, -24.66544601465055, -0.0, 117.03635889702808, 0.0, 0.0, 0.0
-0.0, -24.61277946908789, -0.0, 117.00709970504883, 0.0, 0.0, 0.0
-0.0, -24.55982105436049, -0.0, 116.9776783635336, 0.0, 0.0, 0.0
-0.0, -24.50657070280704, -0.0, 116.9480948348928, 0.0, 0.0, 0.0
-0.0, -24.453028352850534, -0.0, 116.91834908491697, 0.0, 0.0, 0.0
-0.0, -24.39919394898289, -0.0, 116.88844108276827, 0.0, 0.0, 0.0
-0.0, -24.34506744174957, -0.0, 116.85837080097198, 0.0, 0.0, 0.0
-0.0, -24.29064878773422, -0.0, 116.8281382154079, 0.0, 0.0, 0.0
-0.0, -24.235937949543256, -0.0, 116.79774330530181, 0.0, 0.0, 0.0
-0.0, -24.18093489579054, -0.0, 116.76718605321696, 0.0, 0.0, 0.0
-0.0, -24.125639601081936, -0.0, 116.73646644504552, 0.0, 0.0, 0.0
-0.0, -24.070052046, -0.0, 116.70558447, 0.0, 0.0, 0.0
-0.0, -24.014172217088557, -0.0, 116.67454012060475, 0.0, 0.0, 0.0
-0.0, -23.95800010683734, -0.0, 116.64333339268741, 0.0, 0.0, 0.0
-0.0, -23.901535713666608, -0.0, 116.61196428537033, 0.0, 0.0, 0.0
-0.0, -23.84477904191178, -0.0, 116.5804328010621, 0.0, 0.0, 0.0
-0.0, -23.787730101808044, -0.0, 116.54873894544892, 0.0, 0.0, 0.0
-0.0, -23.73038890947499, -0.0, 116.5168827274861, 0.0, 0.0, 0.0
-0.0, -23.67275548690121, -0.0, 116.48486415938956, 0.0, 0.0, 0.0
-0.0, -23.61482986192896, -0.0, 116.4526832566272, 0.0, 0.0, 0.0
-0.0, -23.556612068238753, -0.0, 116.42034003791042, 0.0, 0.0, 0.0
-0.0, -23.498102145333984, -0.0, 116.38783452518555, 0.0, 0.0, 0.0
-0.0, -23.439300138525567, -0.0, 116.35516674362532, 0.0, 0.0, 0.0
-0.0, -23.38020609891654, -0.0, 116.3223367216203, 0.0, 0.0, 0.0
-0.0, -23.320820083386703, -0.0, 116.28934449077039, 0.0, 0.0, 0.0
-0.0, -23.261142154577232, -0.0, 116.25619008587624, 0.0, 0.0, 0.0
-0.0, -23.201172380875306, -0.0, 116.22287354493072, 0.0, 0.0, 0.0
-0.0, -23.14091083639872, -0.0, 116.1893949091104, 0.0, 0.0, 0.0
-0.0, -23.080357600980523, -0.0, 116.15575422276696, 0.0, 0.0, 0.0
-0.0, -23.01951276015363, -0.0, 116.12195153341868, 0.0, 0.0, 0.0
-0.0, -22.95837640513545, -0.0, 116.08798689174192, 0.0, 0.0, 0.0
-0.0, -22.8969486328125, -0.0, 116.0538603515625, 0.0, 0.0, 0.0
-0.0, -22.83522954572504, -0.0, 116.01957196984725, 0.0, 0.0, 0.0
-0.0, -22.773219252051682, -0.0, 115.98512180669537, 0.0, 0.0, 0.0
-0.0, -22.710917865594027, -0.0, 115.95050992533001, 0.0, 0.0, 0.0
-0.0, -22.648325505761278, -0.0, 115.9157363920896, 0.0, 0.0, 0.0
-0.0, -22.58544229755487, -0.0, 115.88080127641938, 0.0, 0.0, 0.0
-0.0, -22.522268371553082, -0.0, 115.84570465086283, 0.0, 0.0, 0.0
-0.0, -22.45880386389566, -0.0, 115.81044659105315, 0.0, 0.0, 0.0
-0.0, -22.395048916268458, -0.0, 115.7750271757047, 0.0, 0.0, 0.0
-0.0, -22.33100367588805, -0.0, 115.73944648660446, 0.0, 0.0, 0.0
-0.0, -22.266668295486326, -0.0, 115.70370460860352, 0.0, 0.0, 0.0
-0.0, -22.202042933295175, -0.0, 115.66780162960843, 0.0, 0.0, 0.0
-0.0, -22.137127753031038, -0.0, 115.6317376405728, 0.0, 0.0, 0.0
-0.0, -22.07192292387959, -0.0, 115.59551273548867, 0.0, 0.0, 0.0
-0.0, -22.006428620480328, -0.0, 115.55912701137795, 0.0, 0.0, 0.0
-0.0, -21.94064502291119, -0.0, 115.522580568284, 0.0, 0.0, 0.0
-0.0, -21.874572316673216, -0.0, 115.4858735092629, 0.0, 0.0, 0.0
-0.0, -21.80821069267513, -0.0, 115.44900594037507, 0.0, 0.0, 0.0
-0.0, -21.741560347217973, -0.0, 115.41197797067666, 0.0, 0.0, 0.0
-0.0, -21.674621481979745, -0.0, 115.37478971221097, 0.0, 0.0, 0.0
-0.0, -21.607394304000003, -0.0, 115.33744128000001, 0.0, 0.0, 0.0
-0.0, -21.53987902566449, -0.0, 115.29993279203583, 0.0, 0.0, 0.0
-0.0, -21.472075864689774, -0.0, 115.2622643692721, 0.0, 0.0, 0.0
-0.0, -21.403985044107856, -0.0, 115.22443613561548, 0.0, 0.0, 0.0
-0.0, -21.33560679225078, -0.0, 115.1864482179171, 0.0, 0.0, 0.0
-0.0, -21.266941342735294, -0.0, 115.14830074596405, 0.0, 0.0, 0.0
-0.0, -21.197988934447423, -0.0, 115.1099938524708, 0.0, 0.0, 0.0
-0.0, -21.128749811527143, -0.0, 115.07152767307063, 0.0, 0.0, 0.0
-0.0, -21.059224223352963, -0.0, 115.0329023463072, 0.0, 0.0, 0.0
-0.0, -20.989412424526563, -0.0, 114.99411801362587, 0.0, 0.0, 0.0
-0.0, -20.91931467485742, -0.0, 114.95517481936524, 0.0, 0.0, 0.0
-0.0, -20.848931239347436, -0.0, 114.91607291074858, 0.0, 0.0, 0.0
-0.0, -20.77826238817554, -0.0, 114.8768124378753, 0.0, 0.0, 0.0
-0.0, -20.707308396682325, -0.0, 114.8373935537124, 0.0, 0.0, 0.0
-0.0, -20.636069545354673, -0.0, 114.79781641408593, 0.0, 0.0, 0.0
-0.0, -20.564546119810363, -0.0, 114.75808117767242, 0.0, 0.0, 0.0
-0.0, -20.49273841078272, -0.0, 114.7181880059904, 0.0, 0.0, 0.0
-0.0, -20.420646714105203, -0.0, 114.67813706339177, 0.0, 0.0, 0.0
-0.0, -20.348271330696072, -0.0, 114.63792851705337, 0.0, 0.0, 0.0
-0.0, -20.275612566542943, -0.0, 114.5975625369683, 0.0, 0.0, 0.0
-0.0, -20.202670732687498, -0.0, 114.5570392959375, 0.0, 0.0, 0.0
-0.0, -20.129446145210032, -0.0, 114.51635896956113, 0.0, 0.0, 0.0
-0.0, -20.055939125214117, -0.0, 114.47552173623006, 0.0, 0.0, 0.0
-0.0, -19.98214999881121, -0.0, 114.43452777711734, 0.0, 0.0, 0.0
-0.0, -19.90807909710528, -0.0, 114.3933772761696, 0.0, 0.0, 0.0
-0.0, -19.833726756177434, -0.0, 114.35207042009857, 0.0, 0.0, 0.0
-0.0, -19.759093317070516, -0.0, 114.31060739837251, 0.0, 0.0, 0.0
-0.0, -19.68417912577378, -0.0, 114.26898840320766, 0.0, 0.0, 0.0
-0.0, -19.608984533207458, -0.0, 114.2272136295597, 0.0, 0.0, 0.0
-0.0, -19.533509895207416, -0.0, 114.18528327511524, 0.0, 0.0, 0.0
-0.0, -19.457755572509765, -0.0, 114.1431975402832, 0.0, 0.0, 0.0
-0.0, -19.381721930735484, -0.0, 114.10095662818638, 0.0, 0.0, 0.0
-0.0, -19.30540934037504, -0.0, 114.0585607446528, 0.0, 0.0, 0.0
-0.0, -19.22881817677303, -0.0, 114.01601009820723, 0.0, 0.0, 0.0
-0.0, -19.151948820112764, -0.0, 113.97330490006264, 0.0, 0.0, 0.0
-0.0, -19.07480165540094, -0.0, 113.93044536411163, 0.0, 0.0, 0.0
-0.0, -18.997377072452217, -0.0, 113.8874317069179, 0.0, 0.0, 0.0
-0.0, -18.91967546587388, -0.0, 113.8442641477077, 0.0, 0.0, 0.0
-0.0, -18.84169723505041, -0.0, 113.80094290836134, 0.0, 0.0, 0.0
-0.0, -18.76344278412818, -0.0, 113.75746821340455, 0.0, 0.0, 0.0
-0.0, -18.684912522, -0.0, 113.71384029, 0.0, 0.0, 0.0
-0.0, -18.6061068622898, -0.0, 113.67005936793878, 0.0, 0.0, 0.0
-0.0, -18.52702622333721, -0.0, 113.62612567963178, 0.0, 0.0, 0.0
-0.0, -18.44767102818222, -0.0, 113.58203946010124, 0.0, 0.0, 0.0
-0.0, -18.36804170454978, -0.0, 113.5378009469721, 0.0, 0.0, 0.0
-0.0, -18.288138684834415, -0.0, 113.49341038046356, 0.0, 0.0, 0.0
-0.0, -18.20796240608486, -0.0, 113.44886800338048, 0.0, 0.0, 0.0
-0.0, -18.1275133099887, -0.0, 113.40417406110484, 0.0, 0.0, 0.0
-0.0, -18.046791842856955, -0.0, 113.3593288015872, 0.0, 0.0, 0.0
-0.0, -17.96579845560874, -0.0, 113.31433247533819, 0.0, 0.0, 0.0
-0.0, -17.884533603755855, -0.0, 113.26918533541992, 0.0, 0.0, 0.0
-0.0, -17.80299774738743, -0.0, 113.22388763743746, 0.0, 0.0, 0.0
-0.0, -17.721191351154534, -0.0, 113.1784396395303, 0.0, 0.0, 0.0
-0.0, -17.639114884254823, -0.0, 113.13284160236378, 0.0, 0.0, 0.0
-0.0, -17.556768820417105, -0.0, 113.08709378912062, 0.0, 0.0, 0.0
-0.0, -17.474153637886047, -0.0, 113.04119646549225, 0.0, 0.0, 0.0
-0.0, -17.391269819406716, -0.0, 112.9951498996704, 0.0, 0.0, 0.0
-0.0, -17.308117852209268, -0.0, 112.94895436233848, 0.0, 0.0, 0.0
-0.0, -17.224698227993507, -0.0, 112.90261012666306, 0.0, 0.0, 0.0
-0.0, -17.141011442913566, -0.0, 112.85611746828532, 0.0, 0.0, 0.0
-0.0, -17.057057997562495, -0.0, 112.8094766653125, 0.0, 0.0, 0.0
-0.0, -16.972838396956906, -0.0, 112.76268799830939, 0.0, 0.0, 0.0
-0.0, -16.888353150521553, -0.0, 112.71575175028975, 0.0, 0.0, 0.0
-0.0, -16.80360277207402, -0.0, 112.66866820670779, 0.0, 0.0, 0.0
-0.0, -16.718587779809276, -0.0, 112.6214376554496, 0.0, 0.0, 0.0
-0.0, -16.63330869628436, -0.0, 112.57406038682464, 0.0, 0.0, 0.0
-0.0, -16.547766048402956, -0.0, 112.5265366935572, 0.0, 0.0, 0.0
-0.0, -16.461960367400028, -0.0, 112.4788668707778, 0.0, 0.0, 0.0
-0.0, -16.375892188826462, -0.0, 112.43105121601471, 0.0, 0.0, 0.0
-0.0, -16.28956205253366, -0.0, 112.38309002918537, 0.0, 0.0, 0.0
-0.0, -16.202970502658204, -0.0, 112.33498361258789, 0.0, 0.0, 0.0
-0.0, -16.116118087606417, -0.0, 112.28673227089246, 0.0, 0.0, 0.0
-0.0, -16.02900536003904, -0.0, 112.2383363111328, 0.0, 0.0, 0.0
-0.0, -15.941632876855833, -0.0, 112.18979604269768, 0.0, 0.0, 0.0
-0.0, -15.854001199180207, -0.0, 112.14111177732234, 0.0, 0.0, 0.0
-0.0, -15.766110892343809, -0.0, 112.09228382907989, 0.0, 0.0, 0.0
-0.0, -15.677962525871223, -0.0, 112.0433125143729, 0.0, 0.0, 0.0
-0.0, -15.589556673464497, -0.0, 111.99419815192472, 0.0, 0.0, 0.0
-0.0, -15.500893912987848, -0.0, 111.94494106277102, 0.0, 0.0, 0.0
-0.0, -15.411974826452234, -0.0, 111.89554157025124, 0.0, 0.0, 0.0
-0.0, -15.322800000000003, -0.0, 111.846, 0.0, 0.0, 0.0
-0.0, -15.233370023889478, -0.0, 111.7963166799386, 0.0, 0.0, 0.0
-0.0, -15.14368549247965, -0.0, 111.74649194026648, 0.0, 0.0, 0.0
-0.0, -15.053747004214719, -0.0, 111.69652611345262, 0.0, 0.0, 0.0
-0.0, -14.963555161608781, -0.0, 111.6464195342271, 0.0, 0.0, 0.0
-0.0, -14.873110571230402, -0.0, 111.59617253957245, 0.0, 0.0, 0.0
-0.0, -14.782413843687298, -0.0, 111.54578546871517, 0.0, 0.0, 0.0
-0.0, -14.69146559361088, -0.0, 111.49525866311716, 0.0, 0.0, 0.0
-0.0, -14.600266439640961, -0.0, 111.4445924664672, 0.0, 0.0, 0.0
-0.0, -14.508817004410302, -0.0, 111.3937872246724, 0.0, 0.0, 0.0
-0.0, -14.417117914529298, -0.0, 111.34284328584961, 0.0, 0.0, 0.0
-0.0, -14.325169800570551, -0.0, 111.29176100031697, 0.0, 0.0, 0.0
-0.0, -14.23297329705354, -0.0, 111.2405407205853, 0.0, 0.0, 0.0
-0.0, -14.14052904242919, -0.0, 111.18918280134955, 0.0, 0.0, 0.0
-0.0, -14.047837679064546, -0.0, 111.1376875994803, 0.0, 0.0, 0.0
-0.0, -13.954899853227353, -0.0, 111.0860554740152, 0.0, 0.0, 0.0
-0.0, -13.861716215070718, -0.0, 111.0342867861504, 0.0, 0.0, 0.0
-0.0, -13.768287418617696, -0.0, 110.98238189923205, 0.0, 0.0, 0.0
-0.0, -13.674614121745947, -0.0, 110.93034117874774, 0.0, 0.0, 0.0
-0.0, -13.580696986172313, -0.0, 110.87816499231795, 0.0, 0.0, 0.0
-0.0, -13.486536677437499, -0.0, 110.8258537096875, 0.0, 0.0, 0.0
-0.0, -13.392133864890646, -0.0, 110.77340770271702, 0.0, 0.0, 0.0
-0.0, -13.297489221673995, -0.0, 110.72082734537445, 0.0, 0.0, 0.0
-0.0, -13.202603424707448, -0.0, 110.66811301372636, 0.0, 0.0, 0.0
-0.0, -13.10747715467328, -0.0, 110.6152650859296, 0.0, 0.0, 0.0
-0.0, -13.012111096000666, -0.0, 110.56228394222259, 0.0, 0.0, 0.0
-0.0, -12.916505936850388, -0.0, 110.50916996491688, 0.0, 0.0, 0.0
-0.0, -12.820662369099402, -0.0, 110.45592353838856, 0.0, 0.0, 0.0
-0.0, -12.724581088325465, -0.0, 110.4025450490697, 0.0, 0.0, 0.0
-0.0, -12.628262793791784, -0.0, 110.34903488543988, 0.0, 0.0, 0.0
-0.0, -12.53170818843164, -0.0, 110.29539343801758, 0.0, 0.0, 0.0
-0.0, -12.434917978832974, -0.0, 110.24162109935165, 0.0, 0.0, 0.0
-0.0, -12.33789287522304, -0.0, 110.1877182640128, 0.0, 0.0, 0.0
-0.0, -12.240633591453022, -0.0, 110.13368532858502, 0.0, 0.0, 0.0
-0.0, -12.14314084498264, -0.0, 110.07952269165702, 0.0, 0.0, 0.0
-0.0, -12.045415356864812, -0.0, 110.02523075381379, 0.0, 0.0, 0.0
-0.0, -11.947457851730217, -0.0, 109.9708099176279, 0.0, 0.0, 0.0
-0.0, -11.849269057771991, -0.0, 109.91626058765111, 0.0, 0.0, 0.0
-0.0, -11.750849706730286, -0.0, 109.86158317040571, 0.0, 0.0, 0.0
-0.0, -11.652200533876922, -0.0, 109.80677807437607, 0.0, 0.0, 0.0
-0.0, -11.553322277999996, -0.0, 109.75184571, 0.0, 0.0, 0.0
-0.0, -11.454215681388543, -0.0, 109.6967864896603, 0.0, 0.0, 0.0
-0.0, -11.354881489817082, -0.0, 109.64160082767616, 0.0, 0.0, 0.0
-0.0, -11.255320452530341, -0.0, 109.58628914029464, 0.0, 0.0, 0.0
-0.0, -11.155533322227775, -0.0, 109.5308518456821, 0.0, 0.0, 0.0
-0.0, -11.055520855048275, -0.0, 109.4752893639157, 0.0, 0.0, 0.0
-0.0, -10.955283810554729, -0.0, 109.41960211697486, 0.0, 0.0, 0.0
-0.0, -10.854822951718695, -0.0, 109.36379052873261, 0.0, 0.0, 0.0
-0.0, -10.75413904490496, -0.0, 109.3078550249472, 0.0, 0.0, 0.0
-0.0, -10.653232859856242, -0.0, 109.25179603325347, 0.0, 0.0, 0.0
-0.0, -10.55210516967773, -0.0, 109.19561398315429, 0.0, 0.0, 0.0
-0.0, -10.4507567508218, -0.0, 109.13930930601211, 0.0, 0.0, 0.0
-0.0, -10.349188383072537, -0.0, 109.0828824350403, 0.0, 0.0, 0.0
-0.0, -10.247400849530443, -0.0, 109.02633380529468, 0.0, 0.0, 0.0
-0.0, -10.145394936596983, -0.0, 108.96966385366498, 0.0, 0.0, 0.0
-0.0, -10.043171433959294, -0.0, 108.91287301886628, 0.0, 0.0, 0.0
-0.0, -9.940731134574719, -0.0, 108.85596174143039, 0.0, 0.0, 0.0
-0.0, -9.838074834655504, -0.0, 108.7989304636975, 0.0, 0.0, 0.0
-0.0, -9.735203333653377, -0.0, 108.74177962980744, 0.0, 0.0, 0.0
-0.0, -9.63211743424419, -0.0, 108.68450968569121, 0.0, 0.0, 0.0
-0.0, -9.528817942312493, -0.0, 108.62712107906249, 0.0, 0.0, 0.0
-0.0, -9.425305666936275, -0.0, 108.56961425940904, 0.0, 0.0, 0.0
-0.0, -9.32158142037143, -0.0, 108.51198967798413, 0.0, 0.0, 0.0
-0.0, -9.217646018036508, -0.0, 108.45424778779805, 0.0, 0.0, 0.0
-0.0, -9.113500278497277, -0.0, 108.3963890436096, 0.0, 0.0, 0.0
-0.0, -9.009145023451353, -0.0, 108.33841390191742, 0.0, 0.0, 0.0
-0.0, -8.904581077712823, -0.0, 108.28032282095157, 0.0, 0.0, 0.0
-0.0, -8.7998092691969, -0.0, 108.22211626066495, 0.0, 0.0, 0.0
-0.0, -8.694830428904453, -0.0, 108.1637946827247, 0.0, 0.0, 0.0
-0.0, -8.589645390906782, -0.0, 108.10535855050377, 0.0, 0.0, 0.0
-0.0, -8.484254992330076, -0.0, 108.04680832907226, 0.0, 0.0, 0.0
-0.0, -8.378660073340157, -0.0, 107.98814448518897, 0.0, 0.0, 0.0
-0.0, -8.27286147712704, -0.0, 107.9293674872928, 0.0, 0.0, 0.0
-0.0, -8.166860049889571, -0.0, 107.8704778054942, 0.0, 0.0, 0.0
-0.0, -8.060656640820074, -0.0, 107.8114759115667, 0.0, 0.0, 0.0
-0.0, -7.95425210208893, -0.0, 107.75236227893829, 0.0, 0.0, 0.0
-0.0, -7.847647288829219, -0.0, 107.6931373826829, 0.0, 0.0, 0.0
-0.0, -7.740843059121364, -0.0, 107.63380169951188, 0.0, 0.0, 0.0
-0.0, -7.633840273977729, -0.0, 107.5743557077654, 0.0, 0.0, 0.0
-0.0, -7.526639797327224, -0.0, 107.51479988740402, 0.0, 0.0, 0.0
-0.0, -7.4192424960000025, -0.0, 107.45513472, 0.0, 0.0, 0.0
-0.0, -7.311649239711969, -0.0, 107.39536068872887, 0.0, 0.0, 0.0
-0.0, -7.203860901049527, -0.0, 107.33547827836085, 0.0, 0.0, 0.0
-0.0, -7.095878355454083, -0.0, 107.27548797525228, 0.0, 0.0, 0.0
-0.0, -6.987702481206782, -0.0, 107.2153902673371, 0.0, 0.0, 0.0
-0.0, -6.87933415941302, -0.0, 107.15518564411835, 0.0, 0.0, 0.0
-0.0, -6.770774273987172, -0.0, 107.09487459665954, 0.0, 0.0, 0.0
-0.0, -6.662023711637122, -0.0, 107.03445761757618, 0.0, 0.0, 0.0
-0.0, -6.553083361848966, -0.0, 106.9739352010272, 0.0, 0.0, 0.0
-0.0, -6.4439541168715415, -0.0, 106.91330784270642, 0.0, 0.0, 0.0
-0.0, -6.334636871701171, -0.0, 106.85257603983398, 0.0, 0.0, 0.0
-0.0, -6.225132524066169, -0.0, 106.79174029114787, 0.0, 0.0, 0.0
-0.0, -6.115441974411542, -0.0, 106.7308010968953, 0.0, 0.0, 0.0
-0.0, -6.005566125883561, -0.0, 106.6697589588242, 0.0, 0.0, 0.0
-0.0, -5.895505884314421, -0.0, 106.60861438017469, 0.0, 0.0, 0.0
-0.0, -5.785262158206848, -0.0, 106.54736786567047, 0.0, 0.0, 0.0
-0.0, -5.674835858718719, -0.0, 106.4860199215104, 0.0, 0.0, 0.0
-0.0, -5.564227899647687, -0.0, 106.42457105535982, 0.0, 0.0, 0.0
-0.0, -5.453439197415822, -0.0, 106.36302177634212, 0.0, 0.0, 0.0
-0.0, -5.342470671054176, -0.0, 106.3013725950301, 0.0, 0.0, 0.0
-0.0, -5.2313232421875, -0.0, 106.2396240234375, 0.0, 0.0, 0.0
-0.0, -5.119997835018758, -0.0, 106.17777657501043, 0.0, 0.0, 0.0
-0.0, -5.008495376313874, -0.0, 106.11583076461882, 0.0, 0.0, 0.0
-0.0, -4.896816795386194, -0.0, 106.05378710854788, 0.0, 0.0, 0.0
-0.0, -4.784963024081279, -0.0, 105.9916461244896, 0.0, 0.0, 0.0
-0.0, -4.672934996761413, -0.0, 105.92940833153412, 0.0, 0.0, 0.0
-0.0, -4.560733650290267, -0.0, 105.86707425016127, 0.0, 0.0, 0.0
-0.0, -4.44835992401751, -0.0, 105.80464440223194, 0.0, 0.0, 0.0
-0.0, -4.335814759763455, -0.0, 105.7421193109797, 0.0, 0.0, 0.0
-0.0, -4.223099101803648, -0.0, 105.67949950100203, 0.0, 0.0, 0.0
-0.0, -4.110213896853516, -0.0, 105.61678549825196, 0.0, 0.0, 0.0
-0.0, -3.9971600940529584, -0.0, 105.55397783002942, 0.0, 0.0, 0.0
-0.0, -3.8839386449510407, -0.0, 105.4910770249728, 0.0, 0.0, 0.0
-0.0, -3.770550503490515, -0.0, 105.42808361305029, 0.0, 0.0, 0.0
-0.0, -3.656996625992516, -0.0, 105.3649981255514, 0.0, 0.0, 0.0
-0.0, -3.543277971141176, -0.0, 105.30182109507842, 0.0, 0.0, 0.0
-0.0, -3.4293954999682157, -0.0, 105.23855305553789, 0.0, 0.0, 0.0
-0.0, -3.3153501758376116, -0.0, 105.175194542132, 0.0, 0.0, 0.0
-0.0, -3.2011429644301543, -0.0, 105.11174609135008, 0.0, 0.0, 0.0
-0.0, -3.086774833728164, -0.0, 105.0482082409601, 0.0, 0.0, 0.0
-0.0, -2.972246754000004, -0.0, 104.98458153, 0.0, 0.0, 0.0
-0.0, -2.8575596977847866, -0.0, 104.92086649876933, 0.0, 0.0, 0.0
-0.0, -2.742714639876965, -0.0, 104.85706368882053, 0.0, 0.0, 0.0
-0.0, -2.627712557310957, -0.0, 104.79317364295053, 0.0, 0.0, 0.0
-0.0, -2.5125544293457835, -0.0, 104.7291969051921, 0.0, 0.0, 0.0
-0.0, -2.3972412374496557, -0.0, 104.66513402080537, 0.0, 0.0, 0.0
-0.0, -2.2817739652846, -0.0, 104.60098553626922, 0.0, 0.0, 0.0
-0.0, -2.1661535986911957, -0.0, 104.53675199927288, 0.0, 0.0, 0.0
-0.0, -2.0503811256729563, -0.0, 104.4724339587072, 0.0, 0.0, 0.0
-0.0, -1.934457536381224, -0.0, 104.40803196465625, 0.0, 0.0, 0.0
-0.0, -1.8183838230996017, -0.0, 104.34354656838866, 0.0, 0.0, 0.0
-0.0, -1.702160980228662, -0.0, 104.27897832234926, 0.0, 0.0, 0.0
-0.0, -1.5857900042705353, -0.0, 104.2143277801503, 0.0, 0.0, 0.0
-0.0, -1.4692718938135592, -0.0, 104.14959549656308, 0.0, 0.0, 0.0
-0.0, -1.3526076495168553, -0.0, 104.08478202750936, 0.0, 0.0, 0.0
-0.0, -1.2357982740950284, -0.0, 104.01988793005279, 0.0, 0.0, 0.0
-0.0, -1.1188447723027153, -0.0, 103.95491376239039, 0.0, 0.0, 0.0
-0.0, -1.001748150919255, -0.0, 103.88986008384403, 0.0, 0.0, 0.0
-0.0, -0.884509418733245, -0.0, 103.8247274548518, 0.0, 0.0, 0.0
-0.0, -0.7671295865273073, -0.0, 103.75951643695961, 0.0, 0.0, 0.0
-0.0, -0.6496096670624993, -0.0, 103.6942275928125, 0.0, 0.0, 0.0
-0.0, -0.5319506750631433, -0.0, 103.62886148614619, 0.0, 0.0, 0.0
-0.0, -0.41415362720130133, -0.0, 103.5634186817785, 0.0, 0.0, 0.0
-0.0, -0.29621954208150925, -0.0, 103.49789974560085, 0.0, 0.0, 0.0
-0.0, -0.17814944022527257, -0.0, 103.43230524456959, 0.0, 0.0, 0.0
-0.0, -0.059944344055843146, -0.0, 103.36663574669768, 0.0, 0.0, 0.0
-0.0, 0.05839472211729557, -0.0, 103.30089182104595, 0.0, 0.0, 0.0
-0.0, 0.17686673211373716, -0.0, 103.23507403771458, 0.0, 0.0, 0.0
-0.0, 0.295470657897539, -0.0, 103.1691829678347, 0.0, 0.0, 0.0
-0.0, 0.41420546959259497, -0.0, 103.10321918355967, 0.0, 0.0, 0.0
-0.0, 0.5330701354980576, -0.0, 103.03718325805664, 0.0, 0.0, 0.0
-0.0, 0.6520636221035971, -0.0, 102.971075765498, 0.0, 0.0, 0.0
-0.0, 0.771184894104973, -0.0, 102.9048972810528, 0.0, 0.0, 0.0
-0.0, 0.890432914419172, -0.0, 102.83864838087823, 0.0, 0.0, 0.0
-0.0, 1.0098066442000615, -0.0, 102.77232964211107, 0.0, 0.0, 0.0
-0.0, 1.12930504285346, -0.0, 102.70594164285919, 0.0, 0.0, 0.0
-0.0, 1.248927068052776, -0.0, 102.63948496219291, 0.0, 0.0, 0.0
-0.0, 1.3686716757542712, -0.0, 102.57296018013652, 0.0, 0.0, 0.0
-0.0, 1.4885378202124002, -0.0, 102.50636787765978, 0.0, 0.0, 0.0
-0.0, 1.6085244539952797, -0.0, 102.43970863666928, 0.0, 0.0, 0.0
-0.0, 1.7286305279999965, -0.0, 102.37298304000001, 0.0, 0.0, 0.0
-0.0, 1.8488549914680412, -0.0, 102.30619167140664, 0.0, 0.0, 0.0
-0.0, 1.969196792000595, -0.0, 102.23933511555522, 0.0, 0.0, 0.0
-0.0, 2.0896548755740483, -0.0, 102.17241395801442, 0.0, 0.0, 0.0
-0.0, 2.21022818655522, -0.0, 102.1054287852471, 0.0, 0.0, 0.0
-0.0, 2.330915667716873, -0.0, 102.03838018460175, 0.0, 0.0, 0.0
-0.0, 2.4517162602529368, -0.0, 101.97126874430393, 0.0, 0.0, 0.0
-0.0, 2.57262890379414, -0.0, 101.9040950534477, 0.0, 0.0, 0.0
-0.0, 2.6936525364230377, -0.0, 101.8368597019872, 0.0, 0.0, 0.0
-0.0, 2.8147860946897154, -0.0, 101.76956328072794, 0.0, 0.0, 0.0
-0.0, 2.936028513626951, -0.0, 101.70220638131836, 0.0, 0.0, 0.0
-0.0, 3.0573787267657266, -0.0, 101.63478959624128, 0.0, 0.0, 0.0
-0.0, 3.178835666150448, -0.0, 101.5673135188053, 0.0, 0.0, 0.0
-0.0, 3.3003982623545696, -0.0, 101.49977874313635, 0.0, 0.0, 0.0
-0.0, 3.4220654444957006, -0.0, 101.43218586416906, 0.0, 0.0, 0.0
-0.0, 3.543836140251173, -0.0, 101.36453547763824, 0.0, 0.0, 0.0
-0.0, 3.665709275873269, -0.0, 101.2968281800704, 0.0, 0.0, 0.0
-0.0, 3.7876837762048297, -0.0, 101.2290645687751, 0.0, 0.0, 0.0
-0.0, 3.9097585646943003, -0.0, 101.1612452418365, 0.0, 0.0, 0.0
-0.0, 4.031932563411459, -0.0, 101.09337079810474, 0.0, 0.0, 0.0
-0.0, 4.154204693062496, -0.0, 101.0254418371875, 0.0, 0.0, 0.0
-0.0, 4.276573873005624, -0.0, 100.95745895944133, 0.0, 0.0, 0.0
-0.0, 4.399039021266262, -0.0, 100.88942276596319, 0.0, 0.0, 0.0
-0.0, 4.521599054552567, -0.0, 100.8213338585819, 0.0, 0.0, 0.0
-0.0, 4.644252888270714, -0.0, 100.7531928398496, 0.0, 0.0, 0.0
-0.0, 4.766999436540345, -0.0, 100.68500031303313, 0.0, 0.0, 0.0
-0.0, 4.889837612209853, -0.0, 100.61675688210563, 0.0, 0.0, 0.0
-0.0, 5.012766326871869, -0.0, 100.54846315173785, 0.0, 0.0, 0.0
-0.0, 5.1357844908785495, -0.0, 100.4801197272897, 0.0, 0.0, 0.0
-0.0, 5.25889101335698, -0.0, 100.41172721480167, 0.0, 0.0, 0.0
-0.0, 5.382084802224611, -0.0, 100.34328622098633, 0.0, 0.0, 0.0
-0.0, 5.505364764204543, -0.0, 100.2747973532197, 0.0, 0.0, 0.0
-0.0, 5.628729804840958, -0.0, 100.2062612195328, 0.0, 0.0, 0.0
-0.0, 5.752178828514509, -0.0, 100.13767842860307, 0.0, 0.0, 0.0
-0.0, 5.875710738457606, -0.0, 100.06904958974577, 0.0, 0.0, 0.0
-0.0, 5.999324436769967, -0.0, 100.00037531290558, 0.0, 0.0, 0.0
-0.0, 6.123018824433785, -0.0, 99.9316562086479, 0.0, 0.0, 0.0
-0.0, 6.246792801329285, -0.0, 99.8628928881504, 0.0, 0.0, 0.0
-0.0, 6.370645266249966, -0.0, 99.79408596319446, 0.0, 0.0, 0.0
-0.0, 6.494575116918114, -0.0, 99.72523604615661, 0.0, 0.0, 0.0
-0.0, 6.61858125000002, -0.0, 99.65634374999999, 0.0, 0.0, 0.0
-0.0, 6.74266256112147, -0.0, 99.58740968826585, 0.0, 0.0, 0.0
-0.0, 6.866817944883159, -0.0, 99.51843447506491, 0.0, 0.0, 0.0
-0.0, 6.991046294875915, -0.0, 99.44941872506894, 0.0, 0.0, 0.0
-0.0, 7.11534650369623, -0.0, 99.3803630535021, 0.0, 0.0, 0.0
-0.0, 7.239717462961494, -0.0, 99.3112680761325, 0.0, 0.0, 0.0
-0.0, 7.364158063325526, -0.0, 99.2421344092636, 0.0, 0.0, 0.0
-0.0, 7.4886671944938215, -0.0, 99.17296266972566, 0.0, 0.0, 0.0
-0.0, 7.613243745239053, -0.0, 99.1037534748672, 0.0, 0.0, 0.0
-0.0, 7.737886603416285, -0.0, 99.0345074425465, 0.0, 0.0, 0.0
-0.0, 7.862594655978519, -0.0, 98.96522519112304, 0.0, 0.0, 0.0
-0.0, 7.98736678899197, -0.0, 98.89590733944891, 0.0, 0.0, 0.0
-0.0, 8.112201887651452, -0.0, 98.8265545068603, 0.0, 0.0, 0.0
-0.0, 8.237098836295836, -0.0, 98.75716731316899, 0.0, 0.0, 0.0
-0.0, 8.362056518423273, -0.0, 98.68774637865374, 0.0, 0.0, 0.0
-0.0, 8.487073816706719, -0.0, 98.61829232405182, 0.0, 0.0, 0.0
-0.0, 8.612149613009294, -0.0, 98.54880577055039, 0.0, 0.0, 0.0
-0.0, 8.737282788399497, -0.0, 98.47928733977805, 0.0, 0.0, 0.0
-0.0, 8.862472223166868, -0.0, 98.40973765379618, 0.0, 0.0, 0.0
-0.0, 8.987716796837077, -0.0, 98.34015733509051, 0.0, 0.0, 0.0
-0.0, 9.113015388187492, -0.0, 98.27054700656251, 0.0, 0.0, 0.0
-0.0, 9.238366875262493, -0.0, 98.20090729152083, 0.0, 0.0, 0.0
-0.0, 9.363770135388826, -0.0, 98.13123881367288, 0.0, 0.0, 0.0
-0.0, 9.489224045191001, -0.0, 98.06154219711611, 0.0, 0.0, 0.0
-0.0, 9.614727480606717, -0.0, 97.9918180663296, 0.0, 0.0, 0.0
-0.0, 9.74027931690216, -0.0, 97.92206704616547, 0.0, 0.0, 0.0
-0.0, 9.865878428687424, -0.0, 97.85228976184032, 0.0, 0.0, 0.0
-0.0, 9.991523689931867, -0.0, 97.78248683892674, 0.0, 0.0, 0.0
-0.0, 10.117213973979538, -0.0, 97.71265890334469, 0.0, 0.0, 0.0
-0.0, 10.242948153564484, -0.0, 97.64280658135307, 0.0, 0.0, 0.0
-0.0, 10.368725100826168, -0.0, 97.57293049954102, 0.0, 0.0, 0.0
-0.0, 10.494543687324857, -0.0, 97.50303128481951, 0.0, 0.0, 0.0
-0.0, 10.62040278405697, -0.0, 97.4331095644128, 0.0, 0.0, 0.0
-0.0, 10.746301261470435, -0.0, 97.36316596584976, 0.0, 0.0, 0.0
-0.0, 10.872237989480183, -0.0, 97.29320111695546, 0.0, 0.0, 0.0
-0.0, 10.998211837483346, -0.0, 97.22321564584259, 0.0, 0.0, 0.0
-0.0, 11.124221674374787, -0.0, 97.1532101809029, 0.0, 0.0, 0.0
-0.0, 11.250266368562407, -0.0, 97.08318535079867, 0.0, 0.0, 0.0
-0.0, 11.376344787982518, -0.0, 97.01314178445416, 0.0, 0.0, 0.0
-0.0, 11.5024558001153, -0.0, 96.94308011104707, 0.0, 0.0, 0.0
-0.0, 11.62859827199999, -0.0, 96.87300096, 0.0, 0.0, 0.0
-0.0, 11.754771070250555, -0.0, 96.80290496097192, 0.0, 0.0, 0.0
-0.0, 11.88097306107072, -0.0, 96.7327927438496, 0.0, 0.0, 0.0
-0.0, 12.007203110269678, -0.0, 96.66266493873906, 0.0, 0.0, 0.0
-0.0, 12.133460083277207, -0.0, 96.59252217595711, 0.0, 0.0, 0.0
-0.0, 12.259742845159245, -0.0, 96.52236508602265, 0.0, 0.0, 0.0
-0.0, 12.38605026063307, -0.0, 96.4521942996483, 0.0, 0.0, 0.0
-0.0, 12.512381194082906, -0.0, 96.38201044773172, 0.0, 0.0, 0.0
-0.0, 12.638734509575045, -0.0, 96.3118141613472, 0.0, 0.0, 0.0
-0.0, 12.765109070873478, -0.0, 96.24160607173695, 0.0, 0.0, 0.0
-0.0, 12.891503741455082, -0.0, 96.17138681030274, 0.0, 0.0, 0.0
-0.0, 13.017917384525099, -0.0, 96.10115700859717, 0.0, 0.0, 0.0
-0.0, 13.144348863032448, -0.0, 96.0309172983153, 0.0, 0.0, 0.0
-0.0, 13.270797039685206, -0.0, 95.96066831128599, 0.0, 0.0, 0.0
-0.0, 13.397260776965837, -0.0, 95.89041067946343, 0.0, 0.0, 0.0
-0.0, 13.52373893714666, -0.0, 95.82014503491851, 0.0, 0.0, 0.0
-0.0, 13.650230382305274, -0.0, 95.7498720098304, 0.0, 0.0, 0.0
-0.0, 13.776733974339834, -0.0, 95.67959223647787, 0.0, 0.0, 0.0
-0.0, 13.903248574984424, -0.0, 95.60930634723087, 0.0, 0.0, 0.0
-0.0, 14.029773045824584, -0.0, 95.5390149745419, 0.0, 0.0, 0.0
-0.0, 14.156306248312504, -0.0, 95.4687187509375, 0.0, 0.0, 0.0
-0.0, 14.282847043782496, -0.0, 95.39841830900971, 0.0, 0.0, 0.0
-0.0, 14.409394293466384, -0.0, 95.32811428140757, 0.0, 0.0, 0.0
-0.0, 14.535946858508836, -0.0, 95.25780730082843, 0.0, 0.0, 0.0
-0.0, 14.662503599982728, -0.0, 95.18749800000961, 0.0, 0.0, 0.0
-0.0, 14.7890633789046, -0.0, 95.11718701171966, 0.0, 0.0, 0.0
-0.0, 14.91562505624998, -0.0, 95.04687496875, 0.0, 0.0, 0.0
-0.0, 15.04218749296873, -0.0, 94.97656250390625, 0.0, 0.0, 0.0
-0.0, 15.168749550000513, -0.0, 94.90625024999972, 0.0, 0.0, 0.0
-0.0, 15.295310088290123, -0.0, 94.83593883983882, 0.0, 0.0, 0.0
-0.0, 15.42186796880273, -0.0, 94.7656289062207, 0.0, 0.0, 0.0
-0.0, 15.54842205253955, -0.0, 94.69532108192247, 0.0, 0.0, 0.0
-0.0, 15.67497120055296, -0.0, 94.6250159996928, 0.0, 0.0, 0.0
-0.0, 15.801514273962013, -0.0, 94.55471429224333, 0.0, 0.0, 0.0
-0.0, 15.928050133967758, -0.0, 94.48441659224014, 0.0, 0.0, 0.0
-0.0, 16.05457764186859, -0.0, 94.41412353229524, 0.0, 0.0, 0.0
-0.0, 16.18109565907578, -0.0, 94.34383574495791, 0.0, 0.0, 0.0
-0.0, 16.30760304712868, -0.0, 94.2735538627063, 0.0, 0.0, 0.0
-0.0, 16.434098667710103, -0.0, 94.20327851793883, 0.0, 0.0, 0.0
-0.0, 16.56058138266185, -0.0, 94.13301034296565, 0.0, 0.0, 0.0
-0.0, 16.687050054000025, -0.0, 94.06274997, 0.0, 0.0, 0.0
-0.0, 16.813503543930253, -0.0, 93.99249803114986, 0.0, 0.0, 0.0
-0.0, 16.939940714863297, -0.0, 93.92225515840929, 0.0, 0.0, 0.0
-0.0, 17.06636042943029, -0.0, 93.85202198364983, 0.0, 0.0, 0.0
-0.0, 17.192761550498226, -0.0, 93.7817991386121, 0.0, 0.0, 0.0
-0.0, 17.31914294118512, -0.0, 93.71158725489715, 0.0, 0.0, 0.0
-0.0, 17.445503464875642, -0.0, 93.64138696395797, 0.0, 0.0, 0.0
-0.0, 17.571841985236347, -0.0, 93.57119889709094, 0.0, 0.0, 0.0
-0.0, 17.69815736623103, -0.0, 93.50102368542719, 0.0, 0.0, 0.0
-0.0, 17.82444847213631, -0.0, 93.43086195992429, 0.0, 0.0, 0.0
-0.0, 17.95071416755662, -0.0, 93.36071435135743, 0.0, 0.0, 0.0
-0.0, 18.076953317440086, -0.0, 93.29058149031107, 0.0, 0.0, 0.0
-0.0, 18.203164787093463, -0.0, 93.2204640071703, 0.0, 0.0, 0.0
-0.0, 18.3293474421977, -0.0, 93.1503625321124, 0.0, 0.0, 0.0
-0.0, 18.45550014882339, -0.0, 93.08027769509812, 0.0, 0.0, 0.0
-0.0, 18.581621773446003, -0.0, 93.01021012586334, 0.0, 0.0, 0.0
-0.0, 18.70771118296129, -0.0, 92.94016045391038, 0.0, 0.0, 0.0
-0.0, 18.833767244700752, -0.0, 92.87012930849957, 0.0, 0.0, 0.0
-0.0, 18.959788826446996, -0.0, 92.80011731864056, 0.0, 0.0, 0.0
-0.0, 19.085774796448973, -0.0, 92.73012511308391, 0.0, 0.0, 0.0
-0.0, 19.21172402343751, -0.0, 92.66015332031249, 0.0, 0.0, 0.0
-0.0, 19.337635376640634, -0.0, 92.59020256853299, 0.0, 0.0, 0.0
-0.0, 19.463507725798934, -0.0, 92.52027348566726, 0.0, 0.0, 0.0
-0.0, 19.589339941181024, -0.0, 92.45036669934387, 0.0, 0.0, 0.0
-0.0, 19.715130893598726, -0.0, 92.3804828368896, 0.0, 0.0, 0.0
-0.0, 19.840879454422662, -0.0, 92.31062252532074, 0.0, 0.0, 0.0
-0.0, 19.966584495597537, -0.0, 92.2407863913347, 0.0, 0.0, 0.0
-0.0, 20.092244889657522, -0.0, 92.17097506130138, 0.0, 0.0, 0.0
-0.0, 20.21785950974153, -0.0, 92.1011891612547, 0.0, 0.0, 0.0
-0.0, 20.34342722960887, -0.0, 92.03142931688396, 0.0, 0.0, 0.0
-0.0, 20.468946923654286, -0.0, 91.96169615352538, 0.0, 0.0, 0.0
-0.0, 20.59441746692363, -0.0, 91.89199029615355, 0.0, 0.0, 0.0
-0.0, 20.719837735128976, -0.0, 91.8223123693728, 0.0, 0.0, 0.0
-0.0, 20.845206604664206, -0.0, 91.75266299740878, 0.0, 0.0, 0.0
-0.0, 20.970522952620314, -0.0, 91.68304280409983, 0.0, 0.0, 0.0
-0.0, 21.09578565680072, -0.0, 91.61345241288848, 0.0, 0.0, 0.0
-0.0, 21.2209935957368, -0.0, 91.54389244681289, 0.0, 0.0, 0.0
-0.0, 21.346145648703043, -0.0, 91.47436352849832, 0.0, 0.0, 0.0
-0.0, 21.471240695732618, -0.0, 91.40486628014854, 0.0, 0.0, 0.0
-0.0, 21.596277617632808, -0.0, 91.33540132353733, 0.0, 0.0, 0.0
-0.0, 21.72125529599998, -0.0, 91.26596928, 0.0, 0.0, 0.0
-0.0, 21.846172613235566, -0.0, 91.19657077042469, 0.0, 0.0, 0.0
-0.0, 21.97102845256086, -0.0, 91.12720641524398, 0.0, 0.0, 0.0
-0.0, 22.095821698032807, -0.0, 91.05787683442621, 0.0, 0.0, 0.0
-0.0, 22.220551234559224, -0.0, 90.98858264746708, 0.0, 0.0, 0.0
-0.0, 22.345215947914134, -0.0, 90.91932447338104, 0.0, 0.0, 0.0
-0.0, 22.46981472475322, -0.0, 90.85010293069266, 0.0, 0.0, 0.0
-0.0, 22.594346452629125, -0.0, 90.78091863742826, 0.0, 0.0, 0.0
-0.0, 22.718810020007048, -0.0, 90.71177221110719, 0.0, 0.0, 0.0
-0.0, 22.843204316279717, -0.0, 90.6426642687335, 0.0, 0.0, 0.0
-0.0, 22.967528231783206, -0.0, 90.57359542678711, 0.0, 0.0, 0.0
-0.0, 23.091780657811995, -0.0, 90.50456630121558, 0.0, 0.0, 0.0
-0.0, 23.21596048663445, -0.0, 90.4355775074253, 0.0, 0.0, 0.0
-0.0, 23.340066611508327, -0.0, 90.36662966027313, 0.0, 0.0, 0.0
-0.0, 23.464097926695956, -0.0, 90.2977233740578, 0.0, 0.0, 0.0
-0.0, 23.588053327479685, -0.0, 90.22885926251129, 0.0, 0.0, 0.0
-0.0, 23.71193171017731, -0.0, 90.1600379387904, 0.0, 0.0, 0.0
-0.0, 23.83573197215732, -0.0, 90.09126001546815, 0.0, 0.0, 0.0
-0.0, 23.95945301185455, -0.0, 90.02252610452526, 0.0, 0.0, 0.0
-0.0, 24.083093728785222, -0.0, 89.95383681734155, 0.0, 0.0, 0.0
-0.0, 24.20665302356251, -0.0, 89.8851927646875, 0.0, 0.0, 0.0
-0.0, 24.33012979791188, -0.0, 89.81659455671561, 0.0, 0.0, 0.0
-0.0, 24.453522954686548, -0.0, 89.74804280295191, 0.0, 0.0, 0.0
-0.0, 24.576831397882586, -0.0, 89.67953811228745, 0.0, 0.0, 0.0
-0.0, 24.700054032654762, -0.0, 89.61108109296957, 0.0, 0.0, 0.0
-0.0, 24.823189765331342, -0.0, 89.54267235259368, 0.0, 0.0, 0.0
-0.0, 24.946237503430112, -0.0, 89.47431249809438, 0.0, 0.0, 0.0
-0.0, 25.06919615567314, -0.0, 89.40600213573717, 0.0, 0.0, 0.0
-0.0, 25.19206463200254, -0.0, 89.33774187110969, 0.0, 0.0, 0.0
-0.0, 25.314841843595737, -0.0, 89.26953230911347, 0.0, 0.0, 0.0
-0.0, 25.43752670288086, -0.0, 89.20137405395508, 0.0, 0.0, 0.0
-0.0, 25.560118123552087, -0.0, 89.13326770913773, 0.0, 0.0, 0.0
-0.0, 25.68261502058496, -0.0, 89.0652138774528, 0.0, 0.0, 0.0
-0.0, 25.80501631025202, -0.0, 88.9972131609711, 0.0, 0.0, 0.0
-0.0, 25.927320910137837, -0.0, 88.92926616103453, 0.0, 0.0, 0.0
-0.0, 26.049527739154733, -0.0, 88.86137347824737, 0.0, 0.0, 0.0
-0.0, 26.171635717557763, -0.0, 88.7935357124679, 0.0, 0.0, 0.0
-0.0, 26.29364376696053, -0.0, 88.72575346279972, 0.0, 0.0, 0.0
-0.0, 26.41555081035021, -0.0, 88.65802732758323, 0.0, 0.0, 0.0
-0.0, 26.537355772103105, -0.0, 88.59035790438716, 0.0, 0.0, 0.0
-0.0, 26.659057577999995, -0.0, 88.52274579000002, 0.0, 0.0, 0.0
-0.0, 26.780655155241497, -0.0, 88.4551915804214, 0.0, 0.0, 0.0
-0.0, 26.9021474324634, -0.0, 88.38769587085366, 0.0, 0.0, 0.0
-0.0, 27.023533339752184, -0.0, 88.32025925569323, 0.0, 0.0, 0.0
-0.0, 27.144811808660215, -0.0, 88.2528823285221, 0.0, 0.0, 0.0
-0.0, 27.265981772221252, -0.0, 88.18556568209931, 0.0, 0.0, 0.0
-0.0, 27.387042164965763, -0.0, 88.11830990835234, 0.0, 0.0, 0.0
-0.0, 27.50799192293634, -0.0, 88.05111559836871, 0.0, 0.0, 0.0
-0.0, 27.628829983703035, -0.0, 87.9839833423872, 0.0, 0.0, 0.0
-0.0, 27.7495552863788, -0.0, 87.91691372978957, 0.0, 0.0, 0.0
-0.0, 27.870166771634786, -0.0, 87.8499073490918, 0.0, 0.0, 0.0
-0.0, 27.99066338171574, -0.0, 87.7829647879357, 0.0, 0.0, 0.0
-0.0, 28.111044060455463, -0.0, 87.71608663308031, 0.0, 0.0, 0.0
-0.0, 28.231307753292093, -0.0, 87.64927347039327, 0.0, 0.0, 0.0
-0.0, 28.351453407283515, -0.0, 87.5825258848425, 0.0, 0.0, 0.0
-0.0, 28.47147997112274, -0.0, 87.51584446048736, 0.0, 0.0, 0.0
-0.0, 28.591386395153272, -0.0, 87.4492297804704, 0.0, 0.0, 0.0
-0.0, 28.71117163138453, -0.0, 87.3826824270086, 0.0, 0.0, 0.0
-0.0, 28.83083463350713, -0.0, 87.31620298138493, 0.0, 0.0, 0.0
-0.0, 28.95037435690835, -0.0, 87.24979202393979, 0.0, 0.0, 0.0
-0.0, 29.069789758687506, -0.0, 87.1834501340625, 0.0, 0.0, 0.0
-0.0, 29.18907979767124, -0.0, 87.11717789018263, 0.0, 0.0, 0.0
-0.0, 29.308243434429066, -0.0, 87.05097586976161, 0.0, 0.0, 0.0
-0.0, 29.427279631288513, -0.0, 86.98484464928416, 0.0, 0.0, 0.0
-0.0, 29.546187352350728, -0.0, 86.91878480424961, 0.0, 0.0, 0.0
-0.0, 29.664965563505696, -0.0, 86.85279690916352, 0.0, 0.0, 0.0
-0.0, 29.783613232447678, -0.0, 86.78688153752907, 0.0, 0.0, 0.0
-0.0, 29.902129328690634, -0.0, 86.72103926183854, 0.0, 0.0, 0.0
-0.0, 30.020512823583516, -0.0, 86.65527065356471, 0.0, 0.0, 0.0
-0.0, 30.13876269032577, -0.0, 86.58957628315237, 0.0, 0.0, 0.0
-0.0, 30.256877903982428, -0.0, 86.52395672000976, 0.0, 0.0, 0.0
-0.0, 30.374857441499856, -0.0, 86.45841253250008, 0.0, 0.0, 0.0
-0.0, 30.492700281720936, -0.0, 86.3929442879328, 0.0, 0.0, 0.0
-0.0, 30.61040540540045, -0.0, 86.32755255255529, 0.0, 0.0, 0.0
-0.0, 30.72797179522044, -0.0, 86.26223789154419, 0.0, 0.0, 0.0
-0.0, 30.845398435805613, -0.0, 86.19700086899687, 0.0, 0.0, 0.0
-0.0, 30.96268431373882, -0.0, 86.1318420479229, 0.0, 0.0, 0.0
-0.0, 31.079828417576167, -0.0, 86.06676199023548, 0.0, 0.0, 0.0
-0.0, 31.196829737862792, -0.0, 86.0017612567429, 0.0, 0.0, 0.0
-0.0, 31.313687267147813, -0.0, 85.9368404071401, 0.0, 0.0, 0.0
-0.0, 31.430399999999985, -0.0, 85.87200000000001, 0.0, 0.0, 0.0
-0.0, 31.54696693302305, -0.0, 85.80724059276497, 0.0, 0.0, 0.0
-0.0, 31.663387064870996, -0.0, 85.74256274173833, 0.0, 0.0, 0.0
-0.0, 31.779659396263426, -0.0, 85.67796700207586, 0.0, 0.0, 0.0
-0.0, 31.895782930001225, -0.0, 85.6134539277771, 0.0, 0.0, 0.0
-0.0, 32.01175667098151, -0.0, 85.54902407167694, 0.0, 0.0, 0.0
-0.0, 32.127579626213326, -0.0, 85.48467798543703, 0.0, 0.0, 0.0
-0.0, 32.243250804832904, -0.0, 85.42041621953727, 0.0, 0.0, 0.0
-0.0, 32.358769218119036, -0.0, 85.3562393232672, 0.0, 0.0, 0.0
-0.0, 32.47413387950849, -0.0, 85.2921478447175, 0.0, 0.0, 0.0
-0.0, 32.58934380461137, -0.0, 85.22814233077148, 0.0, 0.0, 0.0
-0.0, 32.70439801122634, -0.0, 85.1642233270965, 0.0, 0.0, 0.0
-0.0, 32.819295519356466, -0.0, 85.1003913781353, 0.0, 0.0, 0.0
-0.0, 32.934035351223976, -0.0, 85.0366470270978, 0.0, 0.0, 0.0
-0.0, 33.04861653128609, -0.0, 84.97299081595216, 0.0, 0.0, 0.0
-0.0, 33.16303808625019, -0.0, 84.90942328541655, 0.0, 0.0, 0.0
-0.0, 33.277299045089265, -0.0, 84.84594497495041, 0.0, 0.0, 0.0
-0.0, 33.39139843905731, -0.0, 84.78255642274593, 0.0, 0.0, 0.0
-0.0, 33.50533530170468, -0.0, 84.71925816571961, 0.0, 0.0, 0.0
-0.0, 33.61910866889333, -0.0, 84.6560507395037, 0.0, 0.0, 0.0
-0.0, 33.73271757881249, -0.0, 84.59293467843752, 0.0, 0.0, 0.0
-0.0, 33.84616107199374, -0.0, 84.52991051555902, 0.0, 0.0, 0.0
-0.0, 33.95943819132665, -0.0, 84.4669787825963, 0.0, 0.0, 0.0
-0.0, 34.07254798207384, -0.0, 84.40414000995898, 0.0, 0.0, 0.0
-0.0, 34.18548949188673, -0.0, 84.34139472672959, 0.0, 0.0, 0.0
-0.0, 34.2982617708206, -0.0, 84.2787434606552, 0.0, 0.0, 0.0
-0.0, 34.410863871350216, -0.0, 84.21618673813876, 0.0, 0.0, 0.0
-0.0, 34.523294848385035, -0.0, 84.15372508423054, 0.0, 0.0, 0.0
-0.0, 34.635553759284534, -0.0, 84.0913590226197, 0.0, 0.0, 0.0
-0.0, 34.7476396638739, -0.0, 84.02908907562562, 0.0, 0.0, 0.0
-0.0, 34.85955162445899, -0.0, 83.96691576418945, 0.0, 0.0, 0.0
-0.0, 34.97128870584207, -0.0, 83.90483960786551, 0.0, 0.0, 0.0
-0.0, 35.08284997533697, -0.0, 83.8428611248128, 0.0, 0.0, 0.0
-0.0, 35.194234502784525, -0.0, 83.78098083178638, 0.0, 0.0, 0.0
-0.0, 35.30544136056801, -0.0, 83.71919924412889, 0.0, 0.0, 0.0
-0.0, 35.41646962362836, -0.0, 83.65751687576203, 0.0, 0.0, 0.0
-0.0, 35.52731836947976, -0.0, 83.5959342391779, 0.0, 0.0, 0.0
-0.0, 35.637986678224934, -0.0, 83.5344518454306, 0.0, 0.0, 0.0
-0.0, 35.748473632570324, -0.0, 83.4730702041276, 0.0, 0.0, 0.0
-0.0, 35.858778317841825, -0.0, 83.4117898234212, 0.0, 0.0, 0.0
-0.0, 35.96889982199998, -0.0, 83.35061121, 0.0, 0.0, 0.0
-0.0, 36.07883723565524, -0.0, 83.28953486908043, 0.0, 0.0, 0.0
-0.0, 36.18858965208355, -0.0, 83.22856130439804, 0.0, 0.0, 0.0
-0.0, 36.29815616724156, -0.0, 83.16769101819914, 0.0, 0.0, 0.0
-0.0, 36.40753587978217, -0.0, 83.10692451123212, 0.0, 0.0, 0.0
-0.0, 36.51672789106986, -0.0, 83.04626228273897, 0.0, 0.0, 0.0
-0.0, 36.6257313051959, -0.0, 82.98570483044674, 0.0, 0.0, 0.0
-0.0, 36.734545228993824, -0.0, 82.92525265055897, 0.0, 0.0, 0.0
-0.0, 36.84316877205504, -0.0, 82.86490623774719, 0.0, 0.0, 0.0
-0.0, 36.951601046743804, -0.0, 82.80466608514233, 0.0, 0.0, 0.0
-0.0, 37.0598411682129, -0.0, 82.74453268432619, 0.0, 0.0, 0.0
-0.0, 37.1678882544189, -0.0, 82.68450652532283, 0.0, 0.0, 0.0
-0.0, 37.2757414261375, -0.0, 82.62458809659029, 0.0, 0.0, 0.0
-0.0, 37.38339980697896, -0.0, 82.5647778850117, 0.0, 0.0, 0.0
-0.0, 37.49086252340362, -0.0, 82.50507637588689, 0.0, 0.0, 0.0
-0.0, 37.59812870473698, -0.0, 82.44548405292392, 0.0, 0.0, 0.0
-0.0, 37.70519748318523, -0.0, 82.38600139823042, 0.0, 0.0, 0.0
-0.0, 37.8120679938508, -0.0, 82.32662889230511, 0.0, 0.0, 0.0
-0.0, 37.918739374747275, -0.0, 82.2673670140293, 0.0, 0.0, 0.0
-0.0, 38.025210766815206, -0.0, 82.2082162406582, 0.0, 0.0, 0.0
-0.0, 38.131481313937485, -0.0, 82.1491770478125, 0.0, 0.0, 0.0
-0.0, 38.237550162954406, -0.0, 82.09024990946979, 0.0, 0.0, 0.0
-0.0, 38.343416463679205, -0.0, 82.031435297956, 0.0, 0.0, 0.0
-0.0, 38.449079368913544, -0.0, 81.97273368393692, 0.0, 0.0, 0.0
-0.0, 38.55453803446271, -0.0, 81.91414553640962, 0.0, 0.0, 0.0
-0.0, 38.65979161915121, -0.0, 81.85567132269378, 0.0, 0.0, 0.0
-0.0, 38.76483928483778, -0.0, 81.79731150842343, 0.0, 0.0, 0.0
-0.0, 38.86968019643126, -0.0, 81.73906655753818, 0.0, 0.0, 0.0
-0.0, 38.97431352190553, -0.0, 81.68093693227468, 0.0, 0.0, 0.0
-0.0, 39.078738432315134, -0.0, 81.62292309315825, 0.0, 0.0, 0.0
-0.0, 39.18295410181052, -0.0, 81.56502549899412, 0.0, 0.0, 0.0
-0.0, 39.286959707653594, -0.0, 81.50724460685912, 0.0, 0.0, 0.0
-0.0, 39.390754430232974, -0.0, 81.4495808720928, 0.0, 0.0, 0.0
-0.0, 39.49433745307921, -0.0, 81.39203474828932, 0.0, 0.0, 0.0
-0.0, 39.59770796288058, -0.0, 81.33460668728857, 0.0, 0.0, 0.0
-0.0, 39.700865149497986, -0.0, 81.27729713916779, 0.0, 0.0, 0.0
-0.0, 39.803808205980786, -0.0, 81.22010655223289, 0.0, 0.0, 0.0
-0.0, 39.906536328581794, -0.0, 81.1630353730101, 0.0, 0.0, 0.0
-0.0, 40.009048716772924, -0.0, 81.1060840462373, 0.0, 0.0, 0.0
-0.0, 40.11134457326034, -0.0, 81.04925301485537, 0.0, 0.0, 0.0
-0.0, 40.21342310400003, -0.0, 80.99254271999999, 0.0, 0.0, 0.0
-0.0, 40.315283518213064, -0.0, 80.93595360099273, 0.0, 0.0, 0.0
-0.0, 40.41692502840108, -0.0, 80.87948609533271, 0.0, 0.0, 0.0
-0.0, 40.51834685036154, -0.0, 80.82314063868802, 0.0, 0.0, 0.0
-0.0, 40.619548203203266, -0.0, 80.7669176648871, 0.0, 0.0, 0.0
-0.0, 40.72052830936137, -0.0, 80.71081760591036, 0.0, 0.0, 0.0
-0.0, 40.82128639461344, -0.0, 80.6548408918814, 0.0, 0.0, 0.0
-0.0, 40.921821688094184, -0.0, 80.5989879510588, 0.0, 0.0, 0.0
-0.0, 41.02213342231104, -0.0, 80.54325920982718, 0.0, 0.0, 0.0
-0.0, 41.12222083315979, -0.0, 80.48765509268901, 0.0, 0.0, 0.0
-0.0, 41.22208315993949, -0.0, 80.43217602225585, 0.0, 0.0, 0.0
-0.0, 41.32171964536829, -0.0, 80.37682241923987, 0.0, 0.0, 0.0
-0.0, 41.421129535598496, -0.0, 80.32159470244531, 0.0, 0.0, 0.0
-0.0, 41.52031208023212, -0.0, 80.2664932887599, 0.0, 0.0, 0.0
-0.0, 41.6192665323362, -0.0, 80.21151859314654, 0.0, 0.0, 0.0
-0.0, 41.71799214845818, -0.0, 80.15667102863436, 0.0, 0.0, 0.0
-0.0, 41.81648818864127, -0.0, 80.10195100631041, 0.0, 0.0, 0.0
-0.0, 41.91475391643981, -0.0, 80.04735893531121, 0.0, 0.0, 0.0
-0.0, 42.01278859893476, -0.0, 79.99289522281398, 0.0, 0.0, 0.0
-0.0, 42.11059150674893, -0.0, 79.93856027402836, 0.0, 0.0, 0.0
-0.0, 42.20816191406253, -0.0, 79.8843544921875, 0.0, 0.0, 0.0
-0.0, 42.305499098628175, -0.0, 79.83027827853991, 0.0, 0.0, 0.0
-0.0, 42.40260234178676, -0.0, 79.7763320323407, 0.0, 0.0, 0.0
-0.0, 42.49947092848258, -0.0, 79.722516150843, 0.0, 0.0, 0.0
-0.0, 42.59610414727871, -0.0, 79.6688310292896, 0.0, 0.0, 0.0
-0.0, 42.692501290372334, -0.0, 79.61527706090426, 0.0, 0.0, 0.0
-0.0, 42.78866165361035, -0.0, 79.56185463688313, 0.0, 0.0, 0.0
-0.0, 42.88458453650439, -0.0, 79.50856414638646, 0.0, 0.0, 0.0
-0.0, 42.98026924224652, -0.0, 79.45540597652968, 0.0, 0.0, 0.0
-0.0, 43.075715077724496, -0.0, 79.40238051237527, 0.0, 0.0, 0.0
-0.0, 43.17092135353704, -0.0, 79.34948813692385, 0.0, 0.0, 0.0
-0.0, 43.265887384009574, -0.0, 79.29672923110581, 0.0, 0.0, 0.0
-0.0, 43.36061248720894, -0.0, 79.24410417377278, 0.0, 0.0, 0.0
-0.0, 43.455095984959485, -0.0, 79.19161334168916, 0.0, 0.0, 0.0
-0.0, 43.549337202858155, -0.0, 79.13925710952327, 0.0, 0.0, 0.0
-0.0, 43.64333547028943, -0.0, 79.0870358498392, 0.0, 0.0, 0.0
-0.0, 43.73709012044179, -0.0, 79.03494993308789, 0.0, 0.0, 0.0
-0.0, 43.83060049032174, -0.0, 78.98299972759902, 0.0, 0.0, 0.0
-0.0, 43.92386592077041, -0.0, 78.93118559957198, 0.0, 0.0, 0.0
-0.0, 44.01688575647809, -0.0, 78.87950791306773, 0.0, 0.0, 0.0
-0.0, 44.10965934600006, -0.0, 78.82796702999995, 0.0, 0.0, 0.0
-0.0, 44.2021860417715, -0.0, 78.77656331012696, 0.0, 0.0, 0.0
-0.0, 44.29446520012364, -0.0, 78.72529711104241, 0.0, 0.0, 0.0
-0.0, 44.386496181298455, -0.0, 78.6741687881675, 0.0, 0.0, 0.0
-0.0, 44.478278349464205, -0.0, 78.62317869474211, 0.0, 0.0, 0.0
-0.0, 44.56981107273104, -0.0, 78.57232718181609, 0.0, 0.0, 0.0
-0.0, 44.66109372316606, -0.0, 78.52161459824106, 0.0, 0.0, 0.0
-0.0, 44.75212567680886, -0.0, 78.47104129066174, 0.0, 0.0, 0.0
-0.0, 44.84290631368705, -0.0, 78.4206076035072, 0.0, 0.0, 0.0
-0.0, 44.93343501783126, -0.0, 78.3703138789826, 0.0, 0.0, 0.0
-0.0, 45.023711177291034, -0.0, 78.32016045706054, 0.0, 0.0, 0.0
-0.0, 45.11373418414951, -0.0, 78.27014767547249, 0.0, 0.0, 0.0
-0.0, 45.2035034345395, -0.0, 78.22027586970029, 0.0, 0.0, 0.0
-0.0, 45.293018328658434, -0.0, 78.17054537296758, 0.0, 0.0, 0.0
-0.0, 45.38227827078373, -0.0, 78.12095651623127, 0.0, 0.0, 0.0
-0.0, 45.471282669288755, -0.0, 78.07150962817292, 0.0, 0.0, 0.0
-0.0, 45.56003093665731, -0.0, 78.02220503519041, 0.0, 0.0, 0.0
-0.0, 45.64852248949953, -0.0, 77.97304306138912, 0.0, 0.0, 0.0
-0.0, 45.73675674856736, -0.0, 77.92402402857368, 0.0, 0.0, 0.0
-0.0, 45.82473313876959, -0.0, 77.87514825623913, 0.0, 0.0, 0.0
-0.0, 45.91245108918754, -0.0, 77.8264160615625, 0.0, 0.0, 0.0
-0.0, 45.999910033090046, -0.0, 77.77782775939444, 0.0, 0.0, 0.0
-0.0, 46.08710940794933, -0.0, 77.72938366225036, 0.0, 0.0, 0.0
-0.0, 46.17404865545606, -0.0, 77.68108408030218, 0.0, 0.0, 0.0
-0.0, 46.26072722153475, -0.0, 77.63292932136959, 0.0, 0.0, 0.0
-0.0, 46.347144556359154, -0.0, 77.58491969091156, 0.0, 0.0, 0.0
-0.0, 46.43330011436797, -0.0, 77.53705549201783, 0.0, 0.0, 0.0
-0.0, 46.51919335427941, -0.0, 77.48933702540035, 0.0, 0.0, 0.0
-0.0, 46.6048237391076, -0.0, 77.44176458938469, 0.0, 0.0, 0.0
-0.0, 46.690190736177, -0.0, 77.39433847990165, 0.0, 0.0, 0.0
-0.0, 46.77529381713866, -0.0, 77.34705899047853, 0.0, 0.0, 0.0
-0.0, 46.86013245798492, -0.0, 77.29992641223063, 0.0, 0.0, 0.0
-0.0, 46.94470613906498, -0.0, 77.2529410338528, 0.0, 0.0, 0.0
-0.0, 47.029014345100464, -0.0, 77.20610314161081, 0.0, 0.0, 0.0
-0.0, 47.113056565200694, -0.0, 77.15941301933296, 0.0, 0.0, 0.0
-0.0, 47.19683229287786, -0.0, 77.11287094840121, 0.0, 0.0, 0.0
-0.0, 47.28034102606277, -0.0, 77.06647720774293, 0.0, 0.0, 0.0
-0.0, 47.363582267119895, -0.0, 77.02023207382224, 0.0, 0.0, 0.0
-0.0, 47.446555522863065, -0.0, 76.97413582063169, 0.0, 0.0, 0.0
-0.0, 47.52926030457034, -0.0, 76.92818871968318, 0.0, 0.0, 0.0
-0.0, 47.61169612799999, -0.0, 76.88239103999999, 0.0, 0.0, 0.0
-0.0, 47.693862513405605, -0.0, 76.83674304810799, 0.0, 0.0, 0.0
-0.0, 47.77575898555128, -0.0, 76.79124500802709, 0.0, 0.0, 0.0
-0.0, 47.8573850737272, -0.0, 76.74589718126266, 0.0, 0.0, 0.0
-0.0, 47.9387403117652, -0.0, 76.7006998267971, 0.0, 0.0, 0.0
-0.0, 48.019824238053815, -0.0, 76.65565320108124, 0.0, 0.0, 0.0
-0.0, 48.10063639555358, -0.0, 76.6107575580258, 0.0, 0.0, 0.0
-0.0, 48.181176331812935, -0.0, 76.56601314899282, 0.0, 0.0, 0.0
-0.0, 48.261443598983035, -0.0, 76.52142022278719, 0.0, 0.0, 0.0
-0.0, 48.34143775383352, -0.0, 76.47697902564803, 0.0, 0.0, 0.0
-0.0, 48.42115835776764, -0.0, 76.4326898012402, 0.0, 0.0, 0.0
-0.0, 48.500604976837664, -0.0, 76.38855279064575, 0.0, 0.0, 0.0
-0.0, 48.57977718176045, -0.0, 76.34456823235533, 0.0, 0.0, 0.0
-0.0, 48.658674547932776, -0.0, 76.30073636225958, 0.0, 0.0, 0.0
-0.0, 48.73729665544636, -0.0, 76.25705741364094, 0.0, 0.0, 0.0
-0.0, 48.81564308910367, -0.0, 76.21353161716462, 0.0, 0.0, 0.0
-0.0, 48.89371343843325, -0.0, 76.17015920087044, 0.0, 0.0, 0.0
-0.0, 48.97150729770486, -0.0, 76.12694039016398, 0.0, 0.0, 0.0
-0.0, 49.049024265944965, -0.0, 76.08387540780836, 0.0, 0.0, 0.0
-0.0, 49.12626394695209, -0.0, 76.04096447391548, 0.0, 0.0, 0.0
-0.0, 49.2032259493125, -0.0, 75.99820780593747, 0.0, 0.0, 0.0
-0.0, 49.27990988641503, -0.0, 75.95560561865831, 0.0, 0.0, 0.0
-0.0, 49.35631537646688, -0.0, 75.91315812418507, 0.0, 0.0, 0.0
-0.0, 49.432442042508825, -0.0, 75.87086553193954, 0.0, 0.0, 0.0
-0.0, 49.50828951243072, -0.0, 75.82872804864962, 0.0, 0.0, 0.0
-0.0, 49.583857418986625, -0.0, 75.78674587834077, 0.0, 0.0, 0.0
-0.0, 49.659145399810456, -0.0, 75.74491922232751, 0.0, 0.0, 0.0
-0.0, 49.734153097431275, -0.0, 75.70324827920483, 0.0, 0.0, 0.0
-0.0, 49.80888015928856, -0.0, 75.66173324483971, 0.0, 0.0, 0.0
-0.0, 49.883326237747625, -0.0, 75.62037431236242, 0.0, 0.0, 0.0
-0.0, 49.95749099011519, -0.0, 75.57917167215821, 0.0, 0.0, 0.0
-0.0, 50.03137407865452, -0.0, 75.5381255118586, 0.0, 0.0, 0.0
-0.0, 50.10497517060095, -0.0, 75.4972360163328, 0.0, 0.0, 0.0
-0.0, 50.178293938177035, -0.0, 75.4565033676794, 0.0, 0.0, 0.0
-0.0, 50.25133005860825, -0.0, 75.41592774521764, 0.0, 0.0, 0.0
-0.0, 50.32408321413811, -0.0, 75.37550932547879, 0.0, 0.0, 0.0
-0.0, 50.39655309204376, -0.0, 75.33524828219788, 0.0, 0.0, 0.0
-0.0, 50.468739384651144, -0.0, 75.29514478630492, 0.0, 0.0, 0.0
-0.0, 50.54064178935059, -0.0, 75.25519900591634, 0.0, 0.0, 0.0
-0.0, 50.61226000861191, -0.0, 75.21541110632674, 0.0, 0.0, 0.0
-0.0, 50.68359375, -0.0, 75.17578125, 0.0, 0.0, 0.0
-0.0, 50.754642726190326, -0.0, 75.13630959656093, 0.0, 0.0, 0.0
-0.0, 50.82540665498385, -0.0, 75.09699630278679, 0.0, 0.0, 0.0
-0.0, 50.89588525932285, -0.0, 75.05784152259841, 0.0, 0.0, 0.0
-0.0, 50.96607826730619, -0.0, 75.01884540705213, 0.0, 0.0, 0.0
-0.0, 51.03598541220467, -0.0, 74.98000810433076, 0.0, 0.0, 0.0
-0.0, 51.10560643247612, -0.0, 74.94132975973547, 0.0, 0.0, 0.0
-0.0, 51.17494107178135, -0.0, 74.90281051567705, 0.0, 0.0, 0.0
-0.0, 51.24398907899905, -0.0, 74.86445051166721, 0.0, 0.0, 0.0
-0.0, 51.31275020824128, -0.0, 74.82624988431039, 0.0, 0.0, 0.0
-0.0, 51.381224218869136, -0.0, 74.7882087672949, 0.0, 0.0, 0.0
-0.0, 51.44941087550765, -0.0, 74.75032729138466, 0.0, 0.0, 0.0
-0.0, 51.51730994806147, -0.0, 74.7126055844103, 0.0, 0.0, 0.0
-0.0, 51.58492121173026, -0.0, 74.67504377126099, 0.0, 0.0, 0.0
-0.0, 51.65224444702392, -0.0, 74.6376419738756, 0.0, 0.0, 0.0
-0.0, 51.719279439778035, -0.0, 74.60040031123444, 0.0, 0.0, 0.0
-0.0, 51.78602598116933, -0.0, 74.56331889935036, 0.0, 0.0, 0.0
-0.0, 51.8524838677308, -0.0, 74.5263978512607, 0.0, 0.0, 0.0
-0.0, 51.918652901367494, -0.0, 74.48963727701806, 0.0, 0.0, 0.0
-0.0, 51.98453288937151, -0.0, 74.4530372836825, 0.0, 0.0, 0.0
-0.0, 52.05012364443749, -0.0, 74.41659797531251, 0.0, 0.0, 0.0
-0.0, 52.11542498467816, -0.0, 74.38031945295663, 0.0, 0.0, 0.0
-0.0, 52.18043673363945, -0.0, 74.3442018146448, 0.0, 0.0, 0.0
-0.0, 52.24515872031603, -0.0, 74.30824515537999, 0.0, 0.0, 0.0
-0.0, 52.30959077916671, -0.0, 74.2724495671296, 0.0, 0.0, 0.0
-0.0, 52.373732750129705, -0.0, 74.2368151388168, 0.0, 0.0, 0.0
-0.0, 52.43758447863803, -0.0, 74.20134195631218, 0.0, 0.0, 0.0
-0.0, 52.50114581563497, -0.0, 74.16603010242503, 0.0, 0.0, 0.0
-0.0, 52.56441661758953, -0.0, 74.1308796568947, 0.0, 0.0, 0.0
-0.0, 52.62739674651141, -0.0, 74.09589069638253, 0.0, 0.0, 0.0
-0.0, 52.69008606996678, -0.0, 74.06106329446287, 0.0, 0.0, 0.0
-0.0, 52.752484461093644, -0.0, 74.02639752161465, 0.0, 0.0, 0.0
-0.0, 52.81459179861699, -0.0, 73.99189344521277, 0.0, 0.0, 0.0
-0.0, 52.876407966864264, -0.0, 73.95755112951987, 0.0, 0.0, 0.0
-0.0, 52.93793285578084, -0.0, 73.92337063567733, 0.0, 0.0, 0.0
-0.0, 52.99916636094528, -0.0, 73.88935202169709, 0.0, 0.0, 0.0
-0.0, 53.06010838358486, -0.0, 73.85549534245285, 0.0, 0.0, 0.0
-0.0, 53.12075883059052, -0.0, 73.82180064967193, 0.0, 0.0, 0.0
-0.0, 53.18111761453315, -0.0, 73.78826799192603, 0.0, 0.0, 0.0
-0.0, 53.241184653677806, -0.0, 73.75489741462344, 0.0, 0.0, 0.0
-0.0, 53.300959871999936, -0.0, 73.72168896000001, 0.0, 0.0, 0.0
-0.0, 53.3604431992006, -0.0, 73.68864266711077, 0.0, 0.0, 0.0
-0.0, 53.419634570721314, -0.0, 73.65575857182147, 0.0, 0.0, 0.0
-0.0, 53.478533927760395, -0.0, 73.62303670679978, 0.0, 0.0, 0.0
-0.0, 53.53714121728717, -0.0, 73.59047710150712, 0.0, 0.0, 0.0
-0.0, 53.59545639205865, -0.0, 73.55807978218962, 0.0, 0.0, 0.0
-0.0, 53.653479410633736, -0.0, 73.5258447718702, 0.0, 0.0, 0.0
-0.0, 53.71121023738914, -0.0, 73.49377209033933, 0.0, 0.0, 0.0
-0.0, 53.768648842534986, -0.0, 73.46186175414724, 0.0, 0.0, 0.0
-0.0, 53.82579520212977, -0.0, 73.43011377659455, 0.0, 0.0, 0.0
-0.0, 53.88264929809563, -0.0, 73.39852816772465, 0.0, 0.0, 0.0
-0.0, 53.93921111823451, -0.0, 73.36710493431418, 0.0, 0.0, 0.0
-0.0, 53.995480656242535, -0.0, 73.33584407986528, 0.0, 0.0, 0.0
-0.0, 54.051457911725805, -0.0, 73.30474560459675, 0.0, 0.0, 0.0
-0.0, 54.10714289021638, -0.0, 73.27380950543532, 0.0, 0.0, 0.0
-0.0, 54.16253560318671, -0.0, 73.24303577600742, 0.0, 0.0, 0.0
-0.0, 54.2176360680653, -0.0, 73.21242440663038, 0.0, 0.0, 0.0
-0.0, 54.272444308252346, -0.0, 73.1819753843043, 0.0, 0.0, 0.0
-0.0, 54.32696035313512, -0.0, 73.15168869270276, 0.0, 0.0, 0.0
-0.0, 54.38118423810269, -0.0, 73.12156431216516, 0.0, 0.0, 0.0
-0.0, 54.43511600456253, -0.0, 73.09160221968746, 0.0, 0.0, 0.0
-0.0, 54.48875569995437, -0.0, 73.06180238891422, 0.0, 0.0, 0.0
-0.0, 54.54210337776709, -0.0, 73.03216479012941, 0.0, 0.0, 0.0
-0.0, 54.59515909755257, -0.0, 73.00268939024853, 0.0, 0.0, 0.0
-0.0, 54.64792292494269, -0.0, 72.97337615280956, 0.0, 0.0, 0.0
-0.0, 54.70039493166337, -0.0, 72.94422503796476, 0.0, 0.0, 0.0
-0.0, 54.75257519555058, -0.0, 72.91523600247189, 0.0, 0.0, 0.0
-0.0, 54.80446380056571, -0.0, 72.88640899968571, 0.0, 0.0, 0.0
-0.0, 54.85606083681054, -0.0, 72.85774397954972, 0.0, 0.0, 0.0
-0.0, 54.90736640054334, -0.0, 72.82924088858707, 0.0, 0.0, 0.0
-0.0, 54.958380594193386, -0.0, 72.8008996698926, 0.0, 0.0, 0.0
-0.0, 55.00910352637709, -0.0, 72.77272026312384, 0.0, 0.0, 0.0
-0.0, 55.05953531191298, -0.0, 72.74470260449274, 0.0, 0.0, 0.0
-0.0, 55.10967607183704, -0.0, 72.71684662675722, 0.0, 0.0, 0.0
-0.0, 55.15952593341831, -0.0, 72.68915225921204, 0.0, 0.0, 0.0
-0.0, 55.20908503017432, -0.0, 72.66161942768093, 0.0, 0.0, 0.0
-0.0, 55.25835350188589, -0.0, 72.63424805450788, 0.0, 0.0, 0.0
-0.0, 55.30733149461315, -0.0, 72.60703805854827, 0.0, 0.0, 0.0
-0.0, 55.356019160710645, -0.0, 72.57998935516079, 0.0, 0.0, 0.0
-0.0, 55.404416658843076, -0.0, 72.55310185619827, 0.0, 0.0, 0.0
-0.0, 55.452524153999974, -0.0, 72.52637547000003, 0.0, 0.0, 0.0
-0.0, 55.50034181751164, -0.0, 72.49981010138245, 0.0, 0.0, 0.0
-0.0, 55.54786982706389, -0.0, 72.47340565163117, 0.0, 0.0, 0.0
-0.0, 55.5951083667147, -0.0, 72.44716201849182, 0.0, 0.0, 0.0
-0.0, 55.64205762690824, -0.0, 72.42107909616206, 0.0, 0.0, 0.0
-0.0, 55.68871780449075, -0.0, 72.39515677528294, 0.0, 0.0, 0.0
-0.0, 55.73508910272625, -0.0, 72.3693949429299, 0.0, 0.0, 0.0
-0.0, 55.781171731311474, -0.0, 72.34379348260478, 0.0, 0.0, 0.0
-0.0, 55.82696590639108, -0.0, 72.31835227422715, 0.0, 0.0, 0.0
-0.0, 55.872471850573845, -0.0, 72.29307119412562, 0.0, 0.0, 0.0
-0.0, 55.91768979294733, -0.0, 72.26795011502928, 0.0, 0.0, 0.0
-0.0, 55.96261996909331, -0.0, 72.24298890605928, 0.0, 0.0, 0.0
-0.0, 56.00726262110342, -0.0, 72.21818743272033, 0.0, 0.0, 0.0
-0.0, 56.05161799759466, -0.0, 72.19354555689185, 0.0, 0.0, 0.0
-0.0, 56.09568635372398, -0.0, 72.16906313682, 0.0, 0.0, 0.0
-0.0, 56.13946795120478, -0.0, 72.14474002710847, 0.0, 0.0, 0.0
-0.0, 56.182963058321235, -0.0, 72.12057607871044, 0.0, 0.0, 0.0
-0.0, 56.22617194994456, -0.0, 72.09657113891963, 0.0, 0.0, 0.0
-0.0, 56.26909490754758, -0.0, 72.07272505136241, 0.0, 0.0, 0.0
-0.0, 56.31173221922097, -0.0, 72.04903765598836, 0.0, 0.0, 0.0
-0.0, 56.35408417968756, -0.0, 72.0255087890625, 0.0, 0.0, 0.0
-0.0, 56.39615109031874, -0.0, 72.00213828315624, 0.0, 0.0, 0.0
-0.0, 56.43793325914959, -0.0, 71.97892596713909, 0.0, 0.0, 0.0
-0.0, 56.47943100089353, -0.0, 71.95587166617027, 0.0, 0.0, 0.0
-0.0, 56.52064463695879, -0.0, 71.93297520168956, 0.0, 0.0, 0.0
-0.0, 56.56157449546265, -0.0, 71.91023639140961, 0.0, 0.0, 0.0
-0.0, 56.60222091124814, -0.0, 71.88765504930656, 0.0, 0.0, 0.0
-0.0, 56.642584225898105, -0.0, 71.8652309856122, 0.0, 0.0, 0.0
-0.0, 56.68266478775158, -0.0, 71.84296400680468, 0.0, 0.0, 0.0
-0.0, 56.72246295191829, -0.0, 71.82085391560096, 0.0, 0.0, 0.0
-0.0, 56.761979080294964, -0.0, 71.79890051094723, 0.0, 0.0, 0.0
-0.0, 56.801213541579955, -0.0, 71.77710358801117, 0.0, 0.0, 0.0
-0.0, 56.84016671128896, -0.0, 71.7554629381728, 0.0, 0.0, 0.0
-0.0, 56.87883897177045, -0.0, 71.73397834901635, 0.0, 0.0, 0.0
-0.0, 56.91723071222094, -0.0, 71.71264960432173, 0.0, 0.0, 0.0
-0.0, 56.95534232870014, -0.0, 71.69147648405549, 0.0, 0.0, 0.0
-0.0, 56.9931742241468, -0.0, 71.67045876436293, 0.0, 0.0, 0.0
-0.0, 57.03072680839375, -0.0, 71.64959621755905, 0.0, 0.0, 0.0
-0.0, 57.06800049818327, -0.0, 71.62888861212039, 0.0, 0.0, 0.0
-0.0, 57.10499571718296, -0.0, 71.6083357126762, 0.0, 0.0, 0.0
-0.0, 57.141712896, -0.0, 71.58793728, 0.0, 0.0, 0.0
-0.0, 57.178152472198036, -0.0, 71.56769307100107, 0.0, 0.0, 0.0
-0.0, 57.214314890311556, -0.0, 71.54760283871578, 0.0, 0.0, 0.0
-0.0, 57.25020060186094, -0.0, 71.52766633229949, 0.0, 0.0, 0.0
-0.0, 57.28581006536919, -0.0, 71.50788329701712, 0.0, 0.0, 0.0
-0.0, 57.32114374637604, -0.0, 71.48825347423553, 0.0, 0.0, 0.0
-0.0, 57.35620211745385, -0.0, 71.4687766014145, 0.0, 0.0, 0.0
-0.0, 57.39098565822289, -0.0, 71.44945241209842, 0.0, 0.0, 0.0
-0.0, 57.42549485536708, -0.0, 71.43028063590717, 0.0, 0.0, 0.0
-0.0, 57.45973020264856, -0.0, 71.41126099852863, 0.0, 0.0, 0.0
-0.0, 57.4936922009239, -0.0, 71.392393221709, 0.0, 0.0, 0.0
-0.0, 57.527381358158976, -0.0, 71.37367702324502, 0.0, 0.0, 0.0
-0.0, 57.56079818944437, -0.0, 71.3551121169753, 0.0, 0.0, 0.0
-0.0, 57.59394321701154, -0.0, 71.33669821277138, 0.0, 0.0, 0.0
-0.0, 57.626816970246665, -0.0, 71.31843501652966, 0.0, 0.0, 0.0
-0.0, 57.65941998570713, -0.0, 71.30032223016266, 0.0, 0.0, 0.0
-0.0, 57.69175280713728, -0.0, 71.28235955159036, 0.0, 0.0, 0.0
-0.0, 57.72381598548233, -0.0, 71.264546674732, 0.0, 0.0, 0.0
-0.0, 57.75561007890522, -0.0, 71.24688328949713, 0.0, 0.0, 0.0
-0.0, 57.7871356528008, -0.0, 71.22936908177735, 0.0, 0.0, 0.0
-0.0, 57.81839327981251, -0.0, 71.21200373343754, 0.0, 0.0, 0.0
-0.0, 57.8493835398462, -0.0, 71.19478692230769, 0.0, 0.0, 0.0
-0.0, 57.88010702008722, -0.0, 71.17771832217386, 0.0, 0.0, 0.0
-0.0, 57.91056431501394, -0.0, 71.16079760277003, 0.0, 0.0, 0.0
-0.0, 57.94075602641459, -0.0, 71.14402442976964, 0.0, 0.0, 0.0
-0.0, 57.970682763402635, -0.0, 71.12739846477638, 0.0, 0.0, 0.0
-0.0, 58.00034514243063, -0.0, 71.11091936531628, 0.0, 0.0, 0.0
-0.0, 58.02974378730764, -0.0, 71.09458678482912, 0.0, 0.0, 0.0
-0.0, 58.05887932921246, -0.0, 71.0784003726597, 0.0, 0.0, 0.0
-0.0, 58.087752406711445, -0.0, 71.06235977404913, 0.0, 0.0, 0.0
-0.0, 58.11636366577153, -0.0, 71.04646463012696, 0.0, 0.0, 0.0
-0.0, 58.14471375977695, -0.0, 71.03071457790165, 0.0, 0.0, 0.0
-0.0, 58.17280334954489, -0.0, 71.0151092502528, 0.0, 0.0, 0.0
-0.0, 58.20063310333961, -0.0, 70.99964827592243, 0.0, 0.0, 0.0
-0.0, 58.228203696888556, -0.0, 70.98433127950634, 0.0, 0.0, 0.0
-0.0, 58.25551581339795, -0.0, 70.9691578814456, 0.0, 0.0, 0.0
-0.0, 58.282570143567796, -0.0, 70.95412769801791, 0.0, 0.0, 0.0
-0.0, 58.30936738560746, -0.0, 70.93924034132917, 0.0, 0.0, 0.0
-0.0, 58.33590824525089, -0.0, 70.92449541930506, 0.0, 0.0, 0.0
-0.0, 58.362193435771985, -0.0, 70.9098925356823, 0.0, 0.0, 0.0
-0.0, 58.388223677999974, -0.0, 70.89543128999998, 0.0, 0.0, 0.0
-0.0, 58.41399970033518, -0.0, 70.88111127759154, 0.0, 0.0, 0.0
-0.0, 58.43952223876414, -0.0, 70.86693208957553, 0.0, 0.0, 0.0
-0.0, 58.46479203687397, -0.0, 70.85289331284773, 0.0, 0.0, 0.0
-0.0, 58.4898098458703, -0.0, 70.83899453007206, 0.0, 0.0, 0.0
-0.0, 58.514576424589336, -0.0, 70.8252353196726, 0.0, 0.0, 0.0
-0.0, 58.539092539516446, -0.0, 70.81161525582414, 0.0, 0.0, 0.0
-0.0, 58.56335896479885, -0.0, 70.79813390844507, 0.0, 0.0, 0.0
-0.0, 58.58737648226304, -0.0, 70.78479084318724, 0.0, 0.0, 0.0
-0.0, 58.61114588142874, -0.0, 70.77158562142847, 0.0, 0.0, 0.0
-0.0, 58.63466795952536, -0.0, 70.75851780026363, 0.0, 0.0, 0.0
-0.0, 58.65794352150647, -0.0, 70.74558693249648, 0.0, 0.0, 0.0
-0.0, 58.68097338006538, -0.0, 70.73279256663034, 0.0, 0.0, 0.0
-0.0, 58.70375835565153, -0.0, 70.72013424686031, 0.0, 0.0, 0.0
-0.0, 58.7262992764841, -0.0, 70.70761151306434, 0.0, 0.0, 0.0
-0.0, 58.74859697856908, -0.0, 70.69522390079493, 0.0, 0.0, 0.0
-0.0, 58.770652305713384, -0.0, 70.68297094127038, 0.0, 0.0, 0.0
-0.0, 58.79246610954084, -0.0, 70.67085216136624, 0.0, 0.0, 0.0
-0.0, 58.81403924950769, -0.0, 70.6588670836068, 0.0, 0.0, 0.0
-0.0, 58.83537259291768, -0.0, 70.64701522615681, 0.0, 0.0, 0.0
-0.0, 58.85646701493749, -0.0, 70.63529610281253, 0.0, 0.0, 0.0
-0.0, 58.87732339861191, -0.0, 70.6237092229934, 0.0, 0.0, 0.0
-0.0, 58.8979426348796, -0.0, 70.61225409173352, 0.0, 0.0, 0.0
-0.0, 58.91832562258861, -0.0, 70.60093020967301, 0.0, 0.0, 0.0
-0.0, 58.938473268510734, -0.0, 70.58973707304963, 0.0, 0.0, 0.0
-0.0, 58.95838648735827, -0.0, 70.57867417368988, 0.0, 0.0, 0.0
-0.0, 58.9780662017983, -0.0, 70.56774099900102, 0.0, 0.0, 0.0
-0.0, 58.99751334246872, -0.0, 70.55693703196184, 0.0, 0.0, 0.0
-0.0, 59.01672884799348, -0.0, 70.54626175111468, 0.0, 0.0, 0.0
-0.0, 59.03571366499756, -0.0, 70.53571463055692, 0.0, 0.0, 0.0
-0.0, 59.054468748123156, -0.0, 70.52529513993164, 0.0, 0.0, 0.0
-0.0, 59.072995060043695, -0.0, 70.51500274442014, 0.0, 0.0, 0.0
-0.0, 59.091293571481, -0.0, 70.50483690473277, 0.0, 0.0, 0.0
-0.0, 59.10936526121918, -0.0, 70.49479707710043, 0.0, 0.0, 0.0
-0.0, 59.12721111612109, -0.0, 70.4848827132661, 0.0, 0.0, 0.0
-0.0, 59.14483213114255, -0.0, 70.47509326047637, 0.0, 0.0, 0.0
-0.0, 59.162229309348845, -0.0, 70.46542816147291, 0.0, 0.0, 0.0
-0.0, 59.17940366192926, -0.0, 70.45588685448377, 0.0, 0.0, 0.0
-0.0, 59.196356208213615, -0.0, 70.44646877321472, 0.0, 0.0, 0.0
-0.0, 59.213087975685426, -0.0, 70.43717334684143, 0.0, 0.0, 0.0
-0.0, 59.229600000000175, -0.0, 70.42799999999991, 0.0, 0.0, 0.0
-0.0, 59.245893324998235, -0.0, 70.41894815277885, 0.0, 0.0, 0.0
-0.0, 59.261969002721514, -0.0, 70.4100172207103, 0.0, 0.0, 0.0
-0.0, 59.27782809342915, -0.0, 70.40120661476158, 0.0, 0.0, 0.0
-0.0, 59.29347166561115, -0.0, 70.39251574132714, 0.0, 0.0, 0.0
-0.0, 59.30890079600573, -0.0, 70.38394400221901, 0.0, 0.0, 0.0
-0.0, 59.324116569613864, -0.0, 70.37549079465899, 0.0, 0.0, 0.0
-0.0, 59.339120079714235, -0.0, 70.36715551126991, 0.0, 0.0, 0.0
-0.0, 59.35391242787915, -0.0, 70.35893754006722, 0.0, 0.0, 0.0
-0.0, 59.36849472398973, -0.0, 70.35083626445015, 0.0, 0.0, 0.0
-0.0, 59.38286808625196, -0.0, 70.34285106319334, 0.0, 0.0, 0.0
-0.0, 59.39703364121067, -0.0, 70.33498131043848, 0.0, 0.0, 0.0
-0.0, 59.41099252376654, -0.0, 70.32722637568523, 0.0, 0.0, 0.0
-0.0, 59.42474587718971, -0.0, 70.3195856237835, 0.0, 0.0, 0.0
-0.0, 59.43829485313671, -0.0, 70.31205841492411, 0.0, 0.0, 0.0
-0.0, 59.451640611665255, -0.0, 70.30464410463034, 0.0, 0.0, 0.0
-0.0, 59.4647843212494, -0.0, 70.29734204375043, 0.0, 0.0, 0.0
-0.0, 59.47772715879489, -0.0, 70.29015157844731, 0.0, 0.0, 0.0
-0.0, 59.49047030965539, -0.0, 70.28307205019141, 0.0, 0.0, 0.0
-0.0, 59.50301496764655, -0.0, 70.27610279575194, 0.0, 0.0, 0.0
-0.0, 59.51536233506255, -0.0, 70.2692431471875, 0.0, 0.0, 0.0
-0.0, 59.527513622690606, -0.0, 70.26249243183847, 0.0, 0.0, 0.0
-0.0, 59.539470049827344, -0.0, 70.25584997231817, 0.0, 0.0, 0.0
-0.0, 59.551232844292485, -0.0, 70.2493150865042, 0.0, 0.0, 0.0
-0.0, 59.56280324244665, -0.0, 70.24288708752965, 0.0, 0.0, 0.0
-0.0, 59.574182489204475, -0.0, 70.23656528377535, 0.0, 0.0, 0.0
-0.0, 59.585371838051, -0.0, 70.23034897886063, 0.0, 0.0, 0.0
-0.0, 59.596372551056845, -0.0, 70.22423747163498, 0.0, 0.0, 0.0
-0.0, 59.607185898894556, -0.0, 70.21823005616969, 0.0, 0.0, 0.0
-0.0, 59.61781316085194, -0.0, 70.21232602174891, 0.0, 0.0, 0.0
-0.0, 59.62825562484949, -0.0, 70.20652465286139, 0.0, 0.0, 0.0
-0.0, 59.638514587454665, -0.0, 70.20082522919193, 0.0, 0.0, 0.0
-0.0, 59.648591353897075, -0.0, 70.19522702561272, 0.0, 0.0, 0.0
-0.0, 59.65848723808466, -0.0, 70.18972931217527, 0.0, 0.0, 0.0
-0.0, 59.668203562618544, -0.0, 70.18433135410083, 0.0, 0.0, 0.0
-0.0, 59.677741658808884, -0.0, 70.17903241177282, 0.0, 0.0, 0.0
-0.0, 59.68710286668971, -0.0, 70.17383174072788, 0.0, 0.0, 0.0
-0.0, 59.69628853503423, -0.0, 70.16872859164764, 0.0, 0.0, 0.0
-0.0, 59.70530002137093, -0.0, 70.16372221034942, 0.0, 0.0, 0.0
-0.0, 59.71413869199819, -0.0, 70.15881183777884, 0.0, 0.0, 0.0
-0.0, 59.72280592199991, -0.0, 70.15399671000003, 0.0, 0.0, 0.0
-0.0, 59.73130309526147, -0.0, 70.14927605818804, 0.0, 0.0, 0.0
-0.0, 59.739631604484146, -0.0, 70.14464910861989, 0.0, 0.0, 0.0
-0.0, 59.747792851200984, -0.0, 70.14011508266617, 0.0, 0.0, 0.0
-0.0, 59.755788245792246, -0.0, 70.13567319678211, 0.0, 0.0, 0.0
-0.0, 59.76361920750037, -0.0, 70.13132266249977, 0.0, 0.0, 0.0
-0.0, 59.77128716444645, -0.0, 70.12706268641858, 0.0, 0.0, 0.0
-0.0, 59.77879355364399, -0.0, 70.12289247019777, 0.0, 0.0, 0.0
-0.0, 59.786139821014956, -0.0, 70.11881121054722, 0.0, 0.0, 0.0
-0.0, 59.793327421406275, -0.0, 70.11481809921861, 0.0, 0.0, 0.0
-0.0, 59.800357818603516, -0.0, 70.11091232299805, 0.0, 0.0, 0.0
-0.0, 59.80723248534696, -0.0, 70.10709306369614, 0.0, 0.0, 0.0
-0.0, 59.81395290334751, -0.0, 70.10335949814038, 0.0, 0.0, 0.0
-0.0, 59.820520563300875, -0.0, 70.09971079816614, 0.0, 0.0, 0.0
-0.0, 59.82693696490429, -0.0, 70.09614613060876, 0.0, 0.0, 0.0
-0.0, 59.83320361687072, -0.0, 70.09266465729402, 0.0, 0.0, 0.0
-0.0, 59.83932203694519, -0.0, 70.08926553503036, 0.0, 0.0, 0.0
-0.0, 59.84529375191954, -0.0, 70.08594791560029, 0.0, 0.0, 0.0
-0.0, 59.85112029764787, -0.0, 70.08271094575122, 0.0, 0.0, 0.0
-0.0, 59.856803219062215, -0.0, 70.07955376718766, 0.0, 0.0, 0.0
-0.0, 59.86234407018736, -0.0, 70.07647551656254, 0.0, 0.0, 0.0
-0.0, 59.86774441415764, -0.0, 70.07347532546805, 0.0, 0.0, 0.0
-0.0, 59.87300582322979, -0.0, 70.07055232042785, 0.0, 0.0, 0.0
-0.0, 59.87812987880096, -0.0, 70.06770562288835, 0.0, 0.0, 0.0
-0.0, 59.883118171422836, -0.0, 70.06493434920955, 0.0, 0.0, 0.0
-0.0, 59.88797230081639, -0.0, 70.0622376106576, 0.0, 0.0, 0.0
-0.0, 59.892693875888426, -0.0, 70.0596145133953, 0.0, 0.0, 0.0
-0.0, 59.89728451474707, -0.0, 70.05706415847388, 0.0, 0.0, 0.0
-0.0, 59.90174584471566, -0.0, 70.05458564182464, 0.0, 0.0, 0.0
-0.0, 59.90607950234943, -0.0, 70.0521780542503, 0.0, 0.0, 0.0
-0.0, 59.91028713345128, -0.0, 70.049840481416, 0.0, 0.0, 0.0
-0.0, 59.91437039308505, -0.0, 70.04757200384168, 0.0, 0.0, 0.0
-0.0, 59.91833094559303, -0.0, 70.04537169689289, 0.0, 0.0, 0.0
-0.0, 59.92217046461059, -0.0, 70.0432386307719, 0.0, 0.0, 0.0
-0.0, 59.92589063308117, -0.0, 70.04117187051054, 0.0, 0.0, 0.0
-0.0, 59.929493143272396, -0.0, 70.03917047595985, 0.0, 0.0, 0.0
-0.0, 59.93297969679071, -0.0, 70.03723350178299, 0.0, 0.0, 0.0
-0.0, 59.93635200459727, -0.0, 70.03535999744588, 0.0, 0.0, 0.0
-0.0, 59.93961178702364, -0.0, 70.03354900720919, 0.0, 0.0, 0.0
-0.0, 59.942760773785324, -0.0, 70.0317995701192, 0.0, 0.0, 0.0
-0.0, 59.94580070399991, -0.0, 70.03011071999995, 0.0, 0.0, 0.0
-0.0, 59.94873332620057, -0.0, 70.02848148544408, 0.0, 0.0, 0.0
-0.0, 59.95156039835183, -0.0, 70.0269108898045, 0.0, 0.0, 0.0
-0.0, 59.954283687864574, -0.0, 70.0253979511863, 0.0, 0.0, 0.0
-0.0, 59.95690497161314, -0.0, 70.02394168243708, 0.0, 0.0, 0.0
-0.0, 59.9594260359483, -0.0, 70.02254109113986, 0.0, 0.0, 0.0
-0.0, 59.961848676714055, -0.0, 70.02119517960327, 0.0, 0.0, 0.0
-0.0, 59.96417469926308, -0.0, 70.01990294485392, 0.0, 0.0, 0.0
-0.0, 59.96640591847091, -0.0, 70.01866337862731, 0.0, 0.0, 0.0
-0.0, 59.96854415875356, -0.0, 70.01747546735916, 0.0, 0.0, 0.0
-0.0, 59.97059125408009, -0.0, 70.01633819217778, 0.0, 0.0, 0.0
-0.0, 59.97254904799007, -0.0, 70.0152505288944, 0.0, 0.0, 0.0
-0.0, 59.9744193936084, -0.0, 70.01421144799531, 0.0, 0.0, 0.0
-0.0, 59.97620415366026, -0.0, 70.01321991463311, 0.0, 0.0, 0.0
-0.0, 59.97790520048699, -0.0, 70.01227488861838, 0.0, 0.0, 0.0
-0.0, 59.97952441606071, -0.0, 70.01137532441066, 0.0, 0.0, 0.0
-0.0, 59.981063692001385, -0.0, 70.0105201711105, 0.0, 0.0, 0.0
-0.0, 59.98252492959011, -0.0, 70.0097083724499, 0.0, 0.0, 0.0
-0.0, 59.98391003978543, -0.0, 70.00893886678574, 0.0, 0.0, 0.0
-0.0, 59.98522094323965, -0.0, 70.00821058708914, 0.0, 0.0, 0.0
-0.0, 59.98645957031249, -0.0, 70.00752246093754, 0.0, 0.0, 0.0
-0.0, 59.98762786108762, -0.0, 70.00687341050684, 0.0, 0.0, 0.0
-0.0, 59.988727765387466, -0.0, 70.00626235256254, 0.0, 0.0, 0.0
-0.0, 59.98976124278886, -0.0, 70.00568819845057, 0.0, 0.0, 0.0
-0.0, 59.990730262638635, -0.0, 70.00514985408967, 0.0, 0.0, 0.0
-0.0, 59.99163680406889, -0.0, 70.00464621996184, 0.0, 0.0, 0.0
-0.0, 59.99248285601095, -0.0, 70.00417619110499, 0.0, 0.0, 0.0
-0.0, 59.99327041721392, -0.0, 70.00373865710344, 0.0, 0.0, 0.0
-0.0, 59.99400149625666, -0.0, 70.00333250207979, 0.0, 0.0, 0.0
-0.0, 59.99467811156512, -0.0, 70.002956604686, 0.0, 0.0, 0.0
-0.0, 59.995302291427606, -0.0, 70.00260983809568, 0.0, 0.0, 0.0
-0.0, 59.995876074009686, -0.0, 70.00229106999461, 0.0, 0.0, 0.0
-0.0, 59.996401507368944, -0.0, 70.00199916257282, 0.0, 0.0, 0.0
-0.0, 59.996880649472246, -0.0, 70.00173297251547, 0.0, 0.0, 0.0
-0.0, 59.99731556820882, -0.0, 70.0014913509952, 0.0, 0.0, 0.0
-0.0, 59.99770834140759, -0.0, 70.00127314366244, 0.0, 0.0, 0.0
-0.0, 59.99806105685167, -0.0, 70.00107719063789, 0.0, 0.0, 0.0
-0.0, 59.99837581229366, -0.0, 70.00090232650354, 0.0, 0.0, 0.0
-0.0, 59.998654715470934, -0.0, 70.00074738029389, 0.0, 0.0, 0.0
-0.0, 59.9988998841219, -0.0, 70.00061117548785, 0.0, 0.0, 0.0
-0.0, 59.999113446000024, -0.0, 70.00049252999997, 0.0, 0.0, 0.0
-0.0, 59.99929753889023, -0.0, 70.00039025617201, 0.0, 0.0, 0.0
-0.0, 59.999454310624174, -0.0, 70.00030316076425, 0.0, 0.0, 0.0
-0.0, 59.99958591909535, -0.0, 70.00023004494705, 0.0, 0.0, 0.0
-0.0, 59.99969453227425, -0.0, 70.00016970429215, 0.0, 0.0, 0.0
-0.0, 59.999782328224, -0.0, 70.00012092876437, 0.0, 0.0, 0.0
-0.0, 59.999851495116786, -0.0, 70.00008250271298, 0.0, 0.0, 0.0
-0.0, 59.99990423124632, -0.0, 70.0000532048632, 0.0, 0.0, 0.0
-0.0, 59.999942745047065, -0.0, 70.00003180830731, 0.0, 0.0, 0.0
-0.0, 59.99996925510641, -0.0, 70.00001708049643, 0.0, 0.0, 0.0
-0.0, 59.999985990181585, -0.0, 70.00000778323249, 0.0, 0.0, 0.0
-0.0, 59.999995189215156, -0.0, 70.0000026726583, 0.0, 0.0, 0.0
-0.0, 59.99999910134943, -0.0, 70.00000049925029, 0.0, 0.0, 0.0
-0.0, 59.999999985942736, -0.0, 70.00000000780955, 0.0, 0.0, 0.0
