-0.0, 60.0, -0.0, 70.0, 0.0, 0.0, 0.0
-0.0, 59.99999962073952, -0.0, 70.00000021070026, 0.0, 0.0, 0.0
-0.0, 59.999996969330276, -0.0, 70.0000016837054, 0.0, 0.0, 0.0
-0.0, 59.99998978300538, -0.0, 70.00000567610812, 0.0, 0.0, 0.0
-0.0, 59.99997580921878, -0.0, 70.0000134393229, 0.0, 0.0, 0.0
-0.0, 59.999952805629825, -0.0, 70.00002621909454, 0.0, 0.0, 0.0
-0.0, 59.999918540087926, -0.0, 70.0000452555067, 0.0, 0.0, 0.0
-0.0, 59.99987079061717, -0.0, 70.00007178299046, 0.0, 0.0, 0.0
-0.0, 59.99980734540096, -0.0, 70.0001070303328, 0.0, 0.0, 0.0
-0.0, 59.99972600276659, -0.0, 70.00015222068522, 0.0, 0.0, 0.0
-0.0, 59.999624571169925, -0.0, 70.00020857157226, 0.0, 0.0, 0.0
-0.0, 59.99950086917997, -0.0, 70.00027729490002, 0.0, 0.0, 0.0
-0.0, 59.99935272546354, -0.0, 70.0003595969647, 0.0, 0.0, 0.0
-0.0, 59.99917797876986, -0.0, 70.00045667846119, 0.0, 0.0, 0.0
-0.0, 59.99897447791517, -0.0, 70.00056973449158, 0.0, 0.0, 0.0
-0.0, 59.998740081767394, -0.0, 70.00069995457368, 0.0, 0.0, 0.0
-0.0, 59.99847265923072, -0.0, 70.0008485226496, 0.0, 0.0, 0.0
-0.0, 59.998170089230236, -0.0, 70.00101661709431, 0.0, 0.0, 0.0
-0.0, 59.99783026069657, -0.0, 70.00120541072413, 0.0, 0.0, 0.0
-0.0, 59.997451072550476, -0.0, 70.00141607080529, 0.0, 0.0, 0.0
-0.0, 59.9970304336875, -0.0, 70.0016497590625, 0.0, 0.0, 0.0
-0.0, 59.99656626296257, -0.0, 70.00190763168746, 0.0, 0.0, 0.0
-0.0, 59.99605648917462, -0.0, 70.00219083934743, 0.0, 0.0, 0.0
-0.0, 59.99549905105124, -0.0, 70.00250052719376, 0.0, 0.0, 0.0
-0.0, 59.99489189723328, -0.0, 70.0028378348704, 0.0, 0.0, 0.0
-0.0, 59.99423298625946, -0.0, 70.00320389652252, 0.0, 0.0, 0.0
-0.0, 59.99352028655102, -0.0, 70.003599840805, 0.0, 0.0, 0.0
-0.0, 59.99275177639631, -0.0, 70.00402679089093, 0.0, 0.0, 0.0
-0.0, 59.99192544393546, -0.0, 70.0044858644803, 0.0, 0.0, 0.0
-0.0, 59.99103928714495, -0.0, 70.00497817380837, 0.0, 0.0, 0.0
-0.0, 59.99009131382227, -0.0, 70.0055048256543, 0.0, 0.0, 0.0
-0.0, 59.98907954157051, -0.0, 70.00606692134971, 0.0, 0.0, 0.0
-0.0, 59.98800199778304, -0.0, 70.0066655567872, 0.0, 0.0, 0.0
-0.0, 59.98685671962806, -0.0, 70.00730182242886, 0.0, 0.0, 0.0
-0.0, 59.98564175403327, -0.0, 70.00797680331485, 0.0, 0.0, 0.0
-0.0, 59.98435515767047, -0.0, 70.00869157907196, 0.0, 0.0, 0.0
-0.0, 59.98299499694022, -0.0, 70.0094472239221, 0.0, 0.0, 0.0
-0.0, 59.981559347956406, -0.0, 70.01024480669088, 0.0, 0.0, 0.0
-0.0, 59.980046296530915, -0.0, 70.01108539081616, 0.0, 0.0, 0.0
-0.0, 59.97845393815821, -0.0, 70.01197003435655, 0.0, 0.0, 0.0
-0.0, 59.976780378, -0.0, 70.01289979, 0.0, 0.0, 0.0
-0.0, 59.97502373086983, -0.0, 70.01387570507232, 0.0, 0.0, 0.0
-0.0, 59.97318212121771, -0.0, 70.01489882154571, 0.0, 0.0, 0.0
-0.0, 59.97125368311475, -0.0, 70.01597017604736, 0.0, 0.0, 0.0
-0.0, 59.96923656023778, -0.0, 70.0170907998679, 0.0, 0.0, 0.0
-0.0, 59.96712890585394, -0.0, 70.01826171897004, 0.0, 0.0, 0.0
-0.0, 59.96492888280536, -0.0, 70.01948395399702, 0.0, 0.0, 0.0
-0.0, 59.96263466349373, -0.0, 70.02075852028126, 0.0, 0.0, 0.0
-0.0, 59.96024442986496, -0.0, 70.0220864278528, 0.0, 0.0, 0.0
-0.0, 59.95775637339378, -0.0, 70.02346868144791, 0.0, 0.0, 0.0
-0.0, 59.95516869506836, -0.0, 70.02490628051758, 0.0, 0.0, 0.0
-0.0, 59.95247960537496, -0.0, 70.02640021923614, 0.0, 0.0, 0.0
-0.0, 59.94968732428254, -0.0, 70.0279514865097, 0.0, 0.0, 0.0
-0.0, 59.946790081227356, -0.0, 70.02956106598481, 0.0, 0.0, 0.0
-0.0, 59.94378611509761, -0.0, 70.03122993605689, 0.0, 0.0, 0.0
-0.0, 59.940673674218075, -0.0, 70.03295906987884, 0.0, 0.0, 0.0
-0.0, 59.93745101633472, -0.0, 70.0347494353696, 0.0, 0.0, 0.0
-0.0, 59.934116408599294, -0.0, 70.03660199522261, 0.0, 0.0, 0.0
-0.0, 59.93066812755401, -0.0, 70.03851770691445, 0.0, 0.0, 0.0
-0.0, 59.9271044591161, -0.0, 70.04049752271328, 0.0, 0.0, 0.0
-0.0, 59.9234236985625, -0.0, 70.0425423896875, 0.0, 0.0, 0.0
-0.0, 59.91962415051444, -0.0, 70.0446532497142, 0.0, 0.0, 0.0
-0.0, 59.91570412892206, -0.0, 70.04683103948774, 0.0, 0.0, 0.0
-0.0, 59.91166195704905, -0.0, 70.04907669052831, 0.0, 0.0, 0.0
-0.0, 59.90749596745728, -0.0, 70.0513911291904, 0.0, 0.0, 0.0
-0.0, 59.9032045019914, -0.0, 70.05377527667144, 0.0, 0.0, 0.0
-0.0, 59.898785911763454, -0.0, 70.0562300490203, 0.0, 0.0, 0.0
-0.0, 59.894238557137555, -0.0, 70.0587563571458, 0.0, 0.0, 0.0
-0.0, 59.88956080771446, -0.0, 70.0613551068253, 0.0, 0.0, 0.0
-0.0, 59.884751042316196, -0.0, 70.06402719871322, 0.0, 0.0, 0.0
-0.0, 59.879807648970704, -0.0, 70.06677352834961, 0.0, 0.0, 0.0
-0.0, 59.874729024896446, -0.0, 70.06959498616864, 0.0, 0.0, 0.0
-0.0, 59.86951357648704, -0.0, 70.0724924575072, 0.0, 0.0, 0.0
-0.0, 59.86415971929586, -0.0, 70.07546682261341, 0.0, 0.0, 0.0
-0.0, 59.8586658780207, -0.0, 70.07851895665516, 0.0, 0.0, 0.0
-0.0, 59.85303048648834, -0.0, 70.0816497297287, 0.0, 0.0, 0.0
-0.0, 59.84725198763922, -0.0, 70.0848600068671, 0.0, 0.0, 0.0
-0.0, 59.84132883351203, -0.0, 70.08815064804887, 0.0, 0.0, 0.0
-0.0, 59.83525948522835, -0.0, 70.09152250820647, 0.0, 0.0, 0.0
-0.0, 59.829042412977266, -0.0, 70.09497643723485, 0.0, 0.0, 0.0
-0.0, 59.822676096, -0.0, 70.09851328, 0.0, 0.0, 0.0
-0.0, 59.81615902257451, -0.0, 70.1021338763475, 0.0, 0.0, 0.0
-0.0, 59.80948969000015, -0.0, 70.10583906111103, 0.0, 0.0, 0.0
-0.0, 59.80266660458225, -0.0, 70.10962966412097, 0.0, 0.0, 0.0
-0.0, 59.79568828161678, -0.0, 70.1135065102129, 0.0, 0.0, 0.0
-0.0, 59.78855324537494, -0.0, 70.11747041923614, 0.0, 0.0, 0.0
-0.0, 59.7812600290878, -0.0, 70.12152220606234, 0.0, 0.0, 0.0
-0.0, 59.773807174930916, -0.0, 70.12566268059393, 0.0, 0.0, 0.0
-0.0, 59.76619323400896, -0.0, 70.1298926477728, 0.0, 0.0, 0.0
-0.0, 59.75841676634033, -0.0, 70.1342129075887, 0.0, 0.0, 0.0
-0.0, 59.7504763408418, -0.0, 70.13862425508789, 0.0, 0.0, 0.0
-0.0, 59.742370535313086, -0.0, 70.14312748038162, 0.0, 0.0, 0.0
-0.0, 59.73409793642154, -0.0, 70.1477233686547, 0.0, 0.0, 0.0
-0.0, 59.725657139686724, -0.0, 70.15241270017404, 0.0, 0.0, 0.0
-0.0, 59.71704674946505, -0.0, 70.15719625029719, 0.0, 0.0, 0.0
-0.0, 59.708265378934385, -0.0, 70.1620747894809, 0.0, 0.0, 0.0
-0.0, 59.69931165007872, -0.0, 70.1670490832896, 0.0, 0.0, 0.0
-0.0, 59.69018419367273, -0.0, 70.17211989240404, 0.0, 0.0, 0.0
-0.0, 59.680881649266446, -0.0, 70.17728797262976, 0.0, 0.0, 0.0
-0.0, 59.67140266516984, -0.0, 70.18255407490564, 0.0, 0.0, 0.0
-0.0, 59.6617458984375, -0.0, 70.1879189453125, 0.0, 0.0, 0.0
-0.0, 59.65191001485318, -0.0, 70.19338332508157, 0.0, 0.0, 0.0
-0.0, 59.64189368891449, -0.0, 70.19894795060306, 0.0, 0.0, 0.0
-0.0, 59.631695603817484, -0.0, 70.20461355343473, 0.0, 0.0, 0.0
-0.0, 59.62131445144128, -0.0, 70.2103808603104, 0.0, 0.0, 0.0
-0.0, 59.610748932332704, -0.0, 70.2162505931485, 0.0, 0.0, 0.0
-0.0, 59.59999775569089, -0.0, 70.22222346906061, 0.0, 0.0, 0.0
-0.0, 59.58905963935193, -0.0, 70.22830020036004, 0.0, 0.0, 0.0
-0.0, 59.57793330977346, -0.0, 70.2344814945703, 0.0, 0.0, 0.0
-0.0, 59.56661750201932, -0.0, 70.24076805443372, 0.0, 0.0, 0.0
-0.0, 59.55511095974414, -0.0, 70.24716057791993, 0.0, 0.0, 0.0
-0.0, 59.543412435178006, -0.0, 70.25365975823445, 0.0, 0.0, 0.0
-0.0, 59.53152068911104, -0.0, 70.2602662838272, 0.0, 0.0, 0.0
-0.0, 59.51943449087805, -0.0, 70.26698083840108, 0.0, 0.0, 0.0
-0.0, 59.50715261834314, -0.0, 70.27380410092047, 0.0, 0.0, 0.0
-0.0, 59.49467385788434, -0.0, 70.2807367456198, 0.0, 0.0, 0.0
-0.0, 59.48199700437822, -0.0, 70.2877794420121, 0.0, 0.0, 0.0
-0.0, 59.46912086118453, -0.0, 70.29493285489748, 0.0, 0.0, 0.0
-0.0, 59.45604424013079, -0.0, 70.30219764437179, 0.0, 0.0, 0.0
-0.0, 59.44276596149695, -0.0, 70.30957446583503, 0.0, 0.0, 0.0
-0.0, 59.429284854, -0.0, 70.31706397, 0.0, 0.0, 0.0
-0.0, 59.41559975477857, -0.0, 70.3246668029008, 0.0, 0.0, 0.0
-0.0, 59.40170950937759, -0.0, 70.33238360590134, 0.0, 0.0, 0.0
-0.0, 59.38761297173287, -0.0, 70.34021501570396, 0.0, 0.0, 0.0
-0.0, 59.37330900415578, -0.0, 70.3481616643579, 0.0, 0.0, 0.0
-0.0, 59.35879647731781, -0.0, 70.35622417926788, 0.0, 0.0, 0.0
-0.0, 59.34407427023523, -0.0, 70.36440318320264, 0.0, 0.0, 0.0
-0.0, 59.32914127025372, -0.0, 70.37269929430349, 0.0, 0.0, 0.0
-0.0, 59.31399637303296, -0.0, 70.3811131260928, 0.0, 0.0, 0.0
-0.0, 59.29863848253127, -0.0, 70.38964528748262, 0.0, 0.0, 0.0
-0.0, 59.28306651099023, -0.0, 70.3982963827832, 0.0, 0.0, 0.0
-0.0, 59.26727937891933, -0.0, 70.40706701171148, 0.0, 0.0, 0.0
-0.0, 59.25127601508054, -0.0, 70.4159577693997, 0.0, 0.0, 0.0
-0.0, 59.23505535647297, -0.0, 70.4249692464039, 0.0, 0.0, 0.0
-0.0, 59.21861634831748, -0.0, 70.43410202871252, 0.0, 0.0, 0.0
-0.0, 59.20195794404132, -0.0, 70.44335669775482, 0.0, 0.0, 0.0
-0.0, 59.18507910526272, -0.0, 70.4527338304096, 0.0, 0.0, 0.0
-0.0, 59.16797880177554, -0.0, 70.46223399901359, 0.0, 0.0, 0.0
-0.0, 59.15065601153388, -0.0, 70.47185777137007, 0.0, 0.0, 0.0
-0.0, 59.13310972063672, -0.0, 70.48160571075738, 0.0, 0.0, 0.0
-0.0, 59.1153389233125, -0.0, 70.4914783759375, 0.0, 0.0, 0.0
-0.0, 59.097342621903806, -0.0, 70.50147632116456, 0.0, 0.0, 0.0
-0.0, 59.07911982685193, -0.0, 70.51160009619338, 0.0, 0.0, 0.0
-0.0, 59.060669556681546, -0.0, 70.52185024628803, 0.0, 0.0, 0.0
-0.0, 59.04199083798528, -0.0, 70.5322273122304, 0.0, 0.0, 0.0
-0.0, 59.023082705408385, -0.0, 70.54273183032868, 0.0, 0.0, 0.0
-0.0, 59.00394420163333, -0.0, 70.55336433242593, 0.0, 0.0, 0.0
-0.0, 58.984574377364424, -0.0, 70.56412534590865, 0.0, 0.0, 0.0
-0.0, 58.96497229131246, -0.0, 70.5750153937153, 0.0, 0.0, 0.0
-0.0, 58.945137010179316, -0.0, 70.58603499434483, 0.0, 0.0, 0.0
-0.0, 58.92506760864258, -0.0, 70.59718466186523, 0.0, 0.0, 0.0
-0.0, 58.904763169340185, -0.0, 70.60846490592212, 0.0, 0.0, 0.0
-0.0, 58.88422278285504, -0.0, 70.6198762317472, 0.0, 0.0, 0.0
-0.0, 58.863445547699605, -0.0, 70.63141914016688, 0.0, 0.0, 0.0
-0.0, 58.84243057030058, -0.0, 70.6430941276108, 0.0, 0.0, 0.0
-0.0, 58.82117696498346, -0.0, 70.6549016861203, 0.0, 0.0, 0.0
-0.0, 58.79968385395722, -0.0, 70.6668423033571, 0.0, 0.0, 0.0
-0.0, 58.7779503672989, -0.0, 70.67891646261172, 0.0, 0.0, 0.0
-0.0, 58.755975642938225, -0.0, 70.6911246428121, 0.0, 0.0, 0.0
-0.0, 58.73375882664226, -0.0, 70.70346731853208, 0.0, 0.0, 0.0
-0.0, 58.711299072, -0.0, 70.71594496, 0.0, 0.0, 0.0
-0.0, 58.68859554040701, -0.0, 70.72855803310722, 0.0, 0.0, 0.0
-0.0, 58.66564740105002, -0.0, 70.74130699941665, 0.0, 0.0, 0.0
-0.0, 58.64245383089162, -0.0, 70.75419231617133, 0.0, 0.0, 0.0
-0.0, 58.61901401465478, -0.0, 70.7672144363029, 0.0, 0.0, 0.0
-0.0, 58.595327144807555, -0.0, 70.78037380844025, 0.0, 0.0, 0.0
-0.0, 58.57139242154767, -0.0, 70.79367087691796, 0.0, 0.0, 0.0
-0.0, 58.54720905278716, -0.0, 70.80710608178491, 0.0, 0.0, 0.0
-0.0, 58.52277625413696, -0.0, 70.8206798588128, 0.0, 0.0, 0.0
-0.0, 58.49809324889158, -0.0, 70.83439263950469, 0.0, 0.0, 0.0
-0.0, 58.473159268013674, -0.0, 70.84824485110352, 0.0, 0.0, 0.0
-0.0, 58.447973550118704, -0.0, 70.86223691660072, 0.0, 0.0, 0.0
-0.0, 58.42253534145954, -0.0, 70.8763692547447, 0.0, 0.0, 0.0
-0.0, 58.39684389591109, -0.0, 70.89064228004939, 0.0, 0.0, 0.0
-0.0, 58.37089847495492, -0.0, 70.90505640280283, 0.0, 0.0, 0.0
-0.0, 58.34469834766388, -0.0, 70.91961202907562, 0.0, 0.0, 0.0
-0.0, 58.31824279068672, -0.0, 70.9343095607296, 0.0, 0.0, 0.0
-0.0, 58.29153108823272, -0.0, 70.94914939542626, 0.0, 0.0, 0.0
-0.0, 58.26456253205632, -0.0, 70.96413192663537, 0.0, 0.0, 0.0
-0.0, 58.23733642144171, -0.0, 70.9792575436435, 0.0, 0.0, 0.0
-0.0, 58.2098520631875, -0.0, 70.9945266315625, 0.0, 0.0, 0.0
-0.0, 58.1821087715913, -0.0, 71.00993957133817, 0.0, 0.0, 0.0
-0.0, 58.15410586843437, -0.0, 71.02549673975868, 0.0, 0.0, 0.0
-0.0, 58.12584268296622, -0.0, 71.04119850946321, 0.0, 0.0, 0.0
-0.0, 58.09731855188928, -0.0, 71.0570452489504, 0.0, 0.0, 0.0
-0.0, 58.068532819343446, -0.0, 71.07303732258697, 0.0, 0.0, 0.0
-0.0, 58.039484836890765, -0.0, 71.08917509061624, 0.0, 0.0, 0.0
-0.0, 58.010173963500044, -0.0, 71.10545890916664, 0.0, 0.0, 0.0
-0.0, 57.980599565531456, -0.0, 71.1218891302603, 0.0, 0.0, 0.0
-0.0, 57.95076101672118, -0.0, 71.13846610182156, 0.0, 0.0, 0.0
-0.0, 57.92065769816602, -0.0, 71.15519016768555, 0.0, 0.0, 0.0
-0.0, 57.890288998307994, -0.0, 71.17206166760667, 0.0, 0.0, 0.0
-0.0, 57.85965431291904, -0.0, 71.1890809372672, 0.0, 0.0, 0.0
-0.0, 57.82875304508554, -0.0, 71.20624830828581, 0.0, 0.0, 0.0
-0.0, 57.797584605193016, -0.0, 71.2235641082261, 0.0, 0.0, 0.0
-0.0, 57.7661484109107, -0.0, 71.24102866060517, 0.0, 0.0, 0.0
-0.0, 57.73444388717622, -0.0, 71.2586422849021, 0.0, 0.0, 0.0
-0.0, 57.702470466180145, -0.0, 71.2764052965666, 0.0, 0.0, 0.0
-0.0, 57.67022758735067, -0.0, 71.29431800702741, 0.0, 0.0, 0.0
-0.0, 57.6377146973382, -0.0, 71.312380723701, 0.0, 0.0, 0.0
-0.0, 57.60493125, -0.0, 71.33059375, 0.0, 0.0, 0.0
-0.0, 57.57187670638481, -0.0, 71.34895738534178, 0.0, 0.0, 0.0
-0.0, 57.53855053471746, -0.0, 71.36747192515696, 0.0, 0.0, 0.0
-0.0, 57.50495221038349, -0.0, 71.38613766089806, 0.0, 0.0, 0.0
-0.0, 57.47108121591378, -0.0, 71.4049548800479, 0.0, 0.0, 0.0
-0.0, 57.43693704096918, -0.0, 71.42392386612823, 0.0, 0.0, 0.0
-0.0, 57.40251918232511, -0.0, 71.44304489870827, 0.0, 0.0, 0.0
-0.0, 57.36782714385622, -0.0, 71.46231825341322, 0.0, 0.0, 0.0
-0.0, 57.33286043652096, -0.0, 71.4817442019328, 0.0, 0.0, 0.0
-0.0, 57.29761857834626, -0.0, 71.50132301202986, 0.0, 0.0, 0.0
-0.0, 57.26210109441211, -0.0, 71.52105494754883, 0.0, 0.0, 0.0
-0.0, 57.2263075168362, -0.0, 71.54094026842434, 0.0, 0.0, 0.0
-0.0, 57.19023738475854, -0.0, 71.5609792306897, 0.0, 0.0, 0.0
-0.0, 57.153890244326085, -0.0, 71.58117208648551, 0.0, 0.0, 0.0
-0.0, 57.11726564867736, -0.0, 71.60151908406813, 0.0, 0.0, 0.0
-0.0, 57.08036315792706, -0.0, 71.6220204678183, 0.0, 0.0, 0.0
-0.0, 57.04318233915072, -0.0, 71.6426764782496, 0.0, 0.0, 0.0
-0.0, 57.00572276636928, -0.0, 71.66348735201707, 0.0, 0.0, 0.0
-0.0, 56.967984020533756, -0.0, 71.68445332192569, 0.0, 0.0, 0.0
-0.0, 56.929965689509835, -0.0, 71.70557461693897, 0.0, 0.0, 0.0
-0.0, 56.8916673680625, -0.0, 71.7268514621875, 0.0, 0.0, 0.0
-0.0, 56.85308865784067, -0.0, 71.7482840789774, 0.0, 0.0, 0.0
-0.0, 56.8142291673618, -0.0, 71.769872684799, 0.0, 0.0, 0.0
-0.0, 56.775088511996536, -0.0, 71.79161749333525, 0.0, 0.0, 0.0
-0.0, 56.73566631395328, -0.0, 71.8135187144704, 0.0, 0.0, 0.0
-0.0, 56.695962202262876, -0.0, 71.8355765542984, 0.0, 0.0, 0.0
-0.0, 56.6559758127632, -0.0, 71.85779121513156, 0.0, 0.0, 0.0
-0.0, 56.61570678808379, -0.0, 71.880162895509, 0.0, 0.0, 0.0
-0.0, 56.57515477763046, -0.0, 71.9026917902053, 0.0, 0.0, 0.0
-0.0, 56.53431943756993, -0.0, 71.92537809023892, 0.0, 0.0, 0.0
-0.0, 56.493200430814454, -0.0, 71.94822198288087, 0.0, 0.0, 0.0
-0.0, 56.45179742700643, -0.0, 71.9712236516631, 0.0, 0.0, 0.0
-0.0, 56.41011010250304, -0.0, 71.9943832763872, 0.0, 0.0, 0.0
-0.0, 56.36813814036085, -0.0, 72.01770103313287, 0.0, 0.0, 0.0
-0.0, 56.32588123032045, -0.0, 72.04117709426642, 0.0, 0.0, 0.0
-0.0, 56.28333906879108, -0.0, 72.0648116284494, 0.0, 0.0, 0.0
-0.0, 56.24051135883522, -0.0, 72.0886048006471, 0.0, 0.0, 0.0
-0.0, 56.19739781015326, -0.0, 72.11255677213707, 0.0, 0.0, 0.0
-0.0, 56.1539981390681, -0.0, 72.13666770051772, 0.0, 0.0, 0.0
-0.0, 56.11031206850976, -0.0, 72.1609377397168, 0.0, 0.0, 0.0
-0.0, 56.066339328, -0.0, 72.18536704, 0.0, 0.0, 0.0
-0.0, 56.02207965363699, -0.0, 72.20995574797945, 0.0, 0.0, 0.0
-0.0, 55.9775327880799, -0.0, 72.23470400662228, 0.0, 0.0, 0.0
-0.0, 55.93269848053349, -0.0, 72.25961195525917, 0.0, 0.0, 0.0
-0.0, 55.88757648673278, -0.0, 72.2846797295929, 0.0, 0.0, 0.0
-0.0, 55.842166568927674, -0.0, 72.30990746170684, 0.0, 0.0, 0.0
-0.0, 55.79646849586755, -0.0, 72.33529528007358, 0.0, 0.0, 0.0
-0.0, 55.7504820427859, -0.0, 72.36084330956339, 0.0, 0.0, 0.0
-0.0, 55.70420699138496, -0.0, 72.38655167145279, 0.0, 0.0, 0.0
-0.0, 55.65764312982032, -0.0, 72.41242048343315, 0.0, 0.0, 0.0
-0.0, 55.61079025268555, -0.0, 72.43844985961914, 0.0, 0.0, 0.0
-0.0, 55.56364816099682, -0.0, 72.46463991055732, 0.0, 0.0, 0.0
-0.0, 55.51621666217754, -0.0, 72.4909907432347, 0.0, 0.0, 0.0
-0.0, 55.46849557004296, -0.0, 72.51750246108725, 0.0, 0.0, 0.0
-0.0, 55.4204847047848, -0.0, 72.54417516400845, 0.0, 0.0, 0.0
-0.0, 55.372183892955874, -0.0, 72.57100894835784, 0.0, 0.0, 0.0
-0.0, 55.32359296745472, -0.0, 72.5980039069696, 0.0, 0.0, 0.0
-0.0, 55.27471176751021, -0.0, 72.62516012916099, 0.0, 0.0, 0.0
-0.0, 55.22554013866619, -0.0, 72.652477700741, 0.0, 0.0, 0.0
-0.0, 55.17607793276608, -0.0, 72.67995670401885, 0.0, 0.0, 0.0
-0.0, 55.1263250079375, -0.0, 72.7075972178125, 0.0, 0.0, 0.0
-0.0, 55.07628122857692, -0.0, 72.73539931745727, 0.0, 0.0, 0.0
-0.0, 55.02594646533424, -0.0, 72.76336307481431, 0.0, 0.0, 0.0
-0.0, 54.975320595097465, -0.0, 72.79148855827918, 0.0, 0.0, 0.0
-0.0, 54.92440350097728, -0.0, 72.8197758327904, 0.0, 0.0, 0.0
-0.0, 54.873195072291686, -0.0, 72.84822495983795, 0.0, 0.0, 0.0
-0.0, 54.82169520455064, -0.0, 72.87683599747187, 0.0, 0.0, 0.0
-0.0, 54.76990379944066, -0.0, 72.90560900031075, 0.0, 0.0, 0.0
-0.0, 54.71782076480946, -0.0, 72.9345440195503, 0.0, 0.0, 0.0
-0.0, 54.66544601465055, -0.0, 72.96364110297192, 0.0, 0.0, 0.0
-0.0, 54.61277946908789, -0.0, 72.99290029495117, 0.0, 0.0, 0.0
-0.0, 54.55982105436049, -0.0, 73.0223216364664, 0.0, 0.0, 0.0
-0.0, 54.50657070280704, -0.0, 73.0519051651072, 0.0, 0.0, 0.0
-0.0, 54.45302835285053, -0.0, 73.08165091508303, 0.0, 0.0, 0.0
-0.0, 54.39919394898289, -0.0, 73.11155891723173, 0.0, 0.0, 0.0
-0.0, 54.34506744174957, -0.0, 73.14162919902802, 0.0, 0.0, 0.0
-0.0, 54.29064878773422, -0.0, 73.1718617845921, 0.0, 0.0, 0.0
-0.0, 54.235937949543256, -0.0, 73.20225669469819, 0.0, 0.0, 0.0
-0.0, 54.18093489579054, -0.0, 73.23281394678304, 0.0, 0.0, 0.0
-0.0, 54.125639601081936, -0.0, 73.26353355495448, 0.0, 0.0, 0.0
-0.0, 54.070052046, -0.0, 73.29441553, 0.0, 0.0, 0.0
-0.0, 54.01417221708856, -0.0, 73.32545987939525, 0.0, 0.0, 0.0
-0.0, 53.95800010683734, -0.0, 73.35666660731259, 0.0, 0.0, 0.0
-0.0, 53.90153571366661, -0.0, 73.38803571462967, 0.0, 0.0, 0.0
-0.0, 53.84477904191178, -0.0, 73.4195671989379, 0.0, 0.0, 0.0
-0.0, 53.787730101808044, -0.0, 73.45126105455108, 0.0, 0.0, 0.0
-0.0, 53.73038890947499, -0.0, 73.4831172725139, 0.0, 0.0, 0.0
-0.0, 53.67275548690121, -0.0, 73.51513584061044, 0.0, 0.0, 0.0
-0.0, 53.61482986192896, -0.0, 73.5473167433728, 0.0, 0.0, 0.0
-0.0, 53.55661206823875, -0.0, 73.57965996208958, 0.0, 0.0, 0.0
-0.0, 53.49810214533399, -0.0, 73.61216547481445, 0.0, 0.0, 0.0
-0.0, 53.43930013852557, -0.0, 73.64483325637468, 0.0, 0.0, 0.0
-0.0, 53.38020609891654, -0.0, 73.6776632783797, 0.0, 0.0, 0.0
-0.0, 53.32082008338671, -0.0, 73.71065550922961, 0.0, 0.0, 0.0
-0.0, 53.26114215457723, -0.0, 73.74380991412376, 0.0, 0.0, 0.0
-0.0, 53.201172380875306, -0.0, 73.77712645506928, 0.0, 0.0, 0.0
-0.0, 53.14091083639872, -0.0, 73.8106050908896, 0.0, 0.0, 0.0
-0.0, 53.08035760098052, -0.0, 73.84424577723304, 0.0, 0.0, 0.0
-0.0, 53.01951276015363, -0.0, 73.87804846658132, 0.0, 0.0, 0.0
-0.0, 52.958376405135446, -0.0, 73.91201310825808, 0.0, 0.0, 0.0
-0.0, 52.896948632812496, -0.0, 73.9461396484375, 0.0, 0.0, 0.0
-0.0, 52.835229545725035, -0.0, 73.98042803015275, 0.0, 0.0, 0.0
-0.0, 52.77321925205168, -0.0, 74.01487819330463, 0.0, 0.0, 0.0
-0.0, 52.71091786559403, -0.0, 74.04949007466999, 0.0, 0.0, 0.0
-0.0, 52.64832550576128, -0.0, 74.0842636079104, 0.0, 0.0, 0.0
-0.0, 52.58544229755487, -0.0, 74.11919872358062, 0.0, 0.0, 0.0
-0.0, 52.52226837155308, -0.0, 74.15429534913717, 0.0, 0.0, 0.0
-0.0, 52.45880386389566, -0.0, 74.18955340894685, 0.0, 0.0, 0.0
-0.0, 52.39504891626846, -0.0, 74.2249728242953, 0.0, 0.0, 0.0
-0.0, 52.33100367588805, -0.0, 74.26055351339554, 0.0, 0.0, 0.0
-0.0, 52.266668295486326, -0.0, 74.29629539139648, 0.0, 0.0, 0.0
-0.0, 52.202042933295175, -0.0, 74.33219837039157, 0.0, 0.0, 0.0
-0.0, 52.13712775303104, -0.0, 74.3682623594272, 0.0, 0.0, 0.0
-0.0, 52.07192292387959, -0.0, 74.40448726451133, 0.0, 0.0, 0.0
-0.0, 52.00642862048033, -0.0, 74.44087298862205, 0.0, 0.0, 0.0
-0.0, 51.94064502291119, -0.0, 74.477419431716, 0.0, 0.0, 0.0
-0.0, 51.874572316673216, -0.0, 74.5141264907371, 0.0, 0.0, 0.0
-0.0, 51.80821069267513, -0.0, 74.55099405962493, 0.0, 0.0, 0.0
-0.0, 51.74156034721797, -0.0, 74.58802202932334, 0.0, 0.0, 0.0
-0.0, 51.67462148197974, -0.0, 74.62521028778903, 0.0, 0.0, 0.0
-0.0, 51.607394304, -0.0, 74.66255871999999, 0.0, 0.0, 0.0
-0.0, 51.53987902566449, -0.0, 74.70006720796417, 0.0, 0.0, 0.0
-0.0, 51.47207586468977, -0.0, 74.7377356307279, 0.0, 0.0, 0.0
-0.0, 51.403985044107856, -0.0, 74.77556386438452, 0.0, 0.0, 0.0
-0.0, 51.33560679225078, -0.0, 74.8135517820829, 0.0, 0.0, 0.0
-0.0, 51.266941342735294, -0.0, 74.85169925403595, 0.0, 0.0, 0.0
-0.0, 51.19798893444742, -0.0, 74.8900061475292, 0.0, 0.0, 0.0
-0.0, 51.12874981152714, -0.0, 74.92847232692937, 0.0, 0.0, 0.0
-0.0, 51.05922422335296, -0.0, 74.9670976536928, 0.0, 0.0, 0.0
-0.0, 50.98941242452656, -0.0, 75.00588198637413, 0.0, 0.0, 0.0
-0.0, 50.91931467485742, -0.0, 75.04482518063476, 0.0, 0.0, 0.0
-0.0, 50.848931239347436, -0.0, 75.08392708925142, 0.0, 0.0, 0.0
-0.0, 50.77826238817554, -0.0, 75.1231875621247, 0.0, 0.0, 0.0
-0.0, 50.70730839668232, -0.0, 75.1626064462876, 0.0, 0.0, 0.0
-0.0, 50.63606954535467, -0.0, 75.20218358591407, 0.0, 0.0, 0.0
-0.0, 50.56454611981036, -0.0, 75.24191882232758, 0.0, 0.0, 0.0
-0.0, 50.49273841078272, -0.0, 75.2818119940096, 0.0, 0.0, 0.0
-0.0, 50.4206467141052, -0.0, 75.32186293660823, 0.0, 0.0, 0.0
-0.0, 50.34827133069607, -0.0, 75.36207148294663, 0.0, 0.0, 0.0
-0.0, 50.27561256654295, -0.0, 75.4024374630317, 0.0, 0.0, 0.0
-0.0, 50.202670732687494, -0.0, 75.4429607040625, 0.0, 0.0, 0.0
-0.0, 50.12944614521003, -0.0, 75.48364103043887, 0.0, 0.0, 0.0
-0.0, 50.05593912521412, -0.0, 75.52447826376994, 0.0, 0.0, 0.0
-0.0, 49.98214999881121, -0.0, 75.56547222288266, 0.0, 0.0, 0.0
-0.0, 49.90807909710528, -0.0, 75.6066227238304, 0.0, 0.0, 0.0
-0.0, 49.833726756177434, -0.0, 75.64792957990143, 0.0, 0.0, 0.0
-0.0, 49.759093317070516, -0.0, 75.68939260162749, 0.0, 0.0, 0.0
-0.0, 49.68417912577378, -0.0, 75.73101159679234, 0.0, 0.0, 0.0
-0.0, 49.60898453320746, -0.0, 75.7727863704403, 0.0, 0.0, 0.0
-0.0, 49.533509895207416, -0.0, 75.81471672488476, 0.0, 0.0, 0.0
-0.0, 49.45775557250977, -0.0, 75.8568024597168, 0.0, 0.0, 0.0
-0.0, 49.38172193073548, -0.0, 75.89904337181362, 0.0, 0.0, 0.0
-0.0, 49.305409340375036, -0.0, 75.9414392553472, 0.0, 0.0, 0.0
-0.0, 49.22881817677303, -0.0, 75.98398990179277, 0.0, 0.0, 0.0
-0.0, 49.151948820112764, -0.0, 76.02669509993736, 0.0, 0.0, 0.0
-0.0, 49.07480165540094, -0.0, 76.06955463588837, 0.0, 0.0, 0.0
-0.0, 48.99737707245222, -0.0, 76.1125682930821, 0.0, 0.0, 0.0
-0.0, 48.91967546587388, -0.0, 76.1557358522923, 0.0, 0.0, 0.0
-0.0, 48.84169723505041, -0.0, 76.19905709163866, 0.0, 0.0, 0.0
-0.0, 48.76344278412818, -0.0, 76.24253178659545, 0.0, 0.0, 0.0
-0.0, 48.684912522000005, -0.0, 76.28615971, 0.0, 0.0, 0.0
-0.0, 48.6061068622898, -0.0, 76.32994063206122, 0.0, 0.0, 0.0
-0.0, 48.52702622333721, -0.0, 76.37387432036822, 0.0, 0.0, 0.0
-0.0, 48.44767102818222, -0.0, 76.41796053989876, 0.0, 0.0, 0.0
-0.0, 48.36804170454978, -0.0, 76.4621990530279, 0.0, 0.0, 0.0
-0.0, 48.288138684834415, -0.0, 76.50658961953644, 0.0, 0.0, 0.0
-0.0, 48.20796240608486, -0.0, 76.55113199661952, 0.0, 0.0, 0.0
-0.0, 48.1275133099887, -0.0, 76.59582593889516, 0.0, 0.0, 0.0
-0.0, 48.046791842856955, -0.0, 76.6406711984128, 0.0, 0.0, 0.0
-0.0, 47.96579845560874, -0.0, 76.68566752466181, 0.0, 0.0, 0.0
-0.0, 47.884533603755855, -0.0, 76.73081466458008, 0.0, 0.0, 0.0
-0.0, 47.80299774738743, -0.0, 76.77611236256254, 0.0, 0.0, 0.0
-0.0, 47.72119135115453, -0.0, 76.8215603604697, 0.0, 0.0, 0.0
-0.0, 47.63911488425482, -0.0, 76.86715839763622, 0.0, 0.0, 0.0
-0.0, 47.556768820417105, -0.0, 76.91290621087938, 0.0, 0.0, 0.0
-0.0, 47.47415363788605, -0.0, 76.95880353450775, 0.0, 0.0, 0.0
-0.0, 47.391269819406716, -0.0, 77.0048501003296, 0.0, 0.0, 0.0
-0.0, 47.308117852209264, -0.0, 77.05104563766152, 0.0, 0.0, 0.0
-0.0, 47.22469822799351, -0.0, 77.09738987333694, 0.0, 0.0, 0.0
-0.0, 47.141011442913566, -0.0, 77.14388253171468, 0.0, 0.0, 0.0
-0.0, 47.057057997562495, -0.0, 77.1905233346875, 0.0, 0.0, 0.0
-0.0, 46.9728383969569, -0.0, 77.23731200169061, 0.0, 0.0, 0.0
-0.0, 46.88835315052155, -0.0, 77.28424824971025, 0.0, 0.0, 0.0
-0.0, 46.803602772074015, -0.0, 77.33133179329221, 0.0, 0.0, 0.0
-0.0, 46.718587779809276, -0.0, 77.3785623445504, 0.0, 0.0, 0.0
-0.0, 46.63330869628436, -0.0, 77.42593961317536, 0.0, 0.0, 0.0
-0.0, 46.547766048402956, -0.0, 77.4734633064428, 0.0, 0.0, 0.0
-0.0, 46.461960367400025, -0.0, 77.5211331292222, 0.0, 0.0, 0.0
-0.0, 46.37589218882646, -0.0, 77.56894878398529, 0.0, 0.0, 0.0
-0.0, 46.28956205253366, -0.0, 77.61690997081463, 0.0, 0.0, 0.0
-0.0, 46.202970502658204, -0.0, 77.66501638741211, 0.0, 0.0, 0.0
-0.0, 46.11611808760642, -0.0, 77.71326772910754, 0.0, 0.0, 0.0
-0.0, 46.02900536003904, -0.0, 77.7616636888672, 0.0, 0.0, 0.0
-0.0, 45.941632876855834, -0.0, 77.81020395730232, 0.0, 0.0, 0.0
-0.0, 45.8540011991802, -0.0, 77.85888822267766, 0.0, 0.0, 0.0
-0.0, 45.76611089234381, -0.0, 77.90771617092011, 0.0, 0.0, 0.0
-0.0, 45.67796252587122, -0.0, 77.9566874856271, 0.0, 0.0, 0.0
-0.0, 45.5895566734645, -0.0, 78.00580184807528, 0.0, 0.0, 0.0
-0.0, 45.50089391298785, -0.0, 78.05505893722898, 0.0, 0.0, 0.0
-0.0, 45.41197482645224, -0.0, 78.10445842974876, 0.0, 0.0, 0.0
-0.0, 45.3228, -0.0, 78.154, 0.0, 0.0, 0.0
-0.0, 45.23337002388948, -0.0, 78.2036833200614, 0.0, 0.0, 0.0
-0.0, 45.14368549247965, -0.0, 78.25350805973352, 0.0, 0.0, 0.0
-0.0, 45.05374700421472, -0.0, 78.30347388654738, 0.0, 0.0, 0.0
-0.0, 44.96355516160878, -0.0, 78.3535804657729, 0.0, 0.0, 0.0
-0.0, 44.8731105712304, -0.0, 78.40382746042755, 0.0, 0.0, 0.0
-0.0, 44.782413843687294, -0.0, 78.45421453128483, 0.0, 0.0, 0.0
-0.0, 44.69146559361088, -0.0, 78.50474133688284, 0.0, 0.0, 0.0
-0.0, 44.60026643964096, -0.0, 78.5554075335328, 0.0, 0.0, 0.0
-0.0, 44.508817004410304, -0.0, 78.6062127753276, 0.0, 0.0, 0.0
-0.0, 44.4171179145293, -0.0, 78.65715671415039, 0.0, 0.0, 0.0
-0.0, 44.32516980057055, -0.0, 78.70823899968303, 0.0, 0.0, 0.0
-0.0, 44.23297329705354, -0.0, 78.7594592794147, 0.0, 0.0, 0.0
-0.0, 44.14052904242919, -0.0, 78.81081719865045, 0.0, 0.0, 0.0
-0.0, 44.04783767906454, -0.0, 78.8623124005197, 0.0, 0.0, 0.0
-0.0, 43.95489985322735, -0.0, 78.9139445259848, 0.0, 0.0, 0.0
-0.0, 43.861716215070714, -0.0, 78.9657132138496, 0.0, 0.0, 0.0
-0.0, 43.768287418617696, -0.0, 79.01761810076795, 0.0, 0.0, 0.0
-0.0, 43.67461412174595, -0.0, 79.06965882125226, 0.0, 0.0, 0.0
-0.0, 43.58069698617231, -0.0, 79.12183500768205, 0.0, 0.0, 0.0
-0.0, 43.4865366774375, -0.0, 79.1741462903125, 0.0, 0.0, 0.0
-0.0, 43.392133864890646, -0.0, 79.22659229728298, 0.0, 0.0, 0.0
-0.0, 43.297489221674, -0.0, 79.27917265462555, 0.0, 0.0, 0.0
-0.0, 43.20260342470745, -0.0, 79.33188698627364, 0.0, 0.0, 0.0
-0.0, 43.107477154673276, -0.0, 79.3847349140704, 0.0, 0.0, 0.0
-0.0, 43.012111096000666, -0.0, 79.43771605777741, 0.0, 0.0, 0.0
-0.0, 42.916505936850385, -0.0, 79.49083003508312, 0.0, 0.0, 0.0
-0.0, 42.8206623690994, -0.0, 79.54407646161144, 0.0, 0.0, 0.0
-0.0, 42.724581088325465, -0.0, 79.5974549509303, 0.0, 0.0, 0.0
-0.0, 42.628262793791784, -0.0, 79.65096511456012, 0.0, 0.0, 0.0
-0.0, 42.53170818843164, -0.0, 79.70460656198242, 0.0, 0.0, 0.0
-0.0, 42.43491797883297, -0.0, 79.75837890064835, 0.0, 0.0, 0.0
-0.0, 42.33789287522304, -0.0, 79.8122817359872, 0.0, 0.0, 0.0
-0.0, 42.24063359145302, -0.0, 79.86631467141498, 0.0, 0.0, 0.0
-0.0, 42.14314084498264, -0.0, 79.92047730834298, 0.0, 0.0, 0.0
-0.0, 42.04541535686481, -0.0, 79.97476924618621, 0.0, 0.0, 0.0
-0.0, 41.94745785173022, -0.0, 80.0291900823721, 0.0, 0.0, 0.0
-0.0, 41.84926905777199, -0.0, 80.08373941234889, 0.0, 0.0, 0.0
-0.0, 41.750849706730286, -0.0, 80.13841682959429, 0.0, 0.0, 0.0
-0.0, 41.65220053387692, -0.0, 80.19322192562393, 0.0, 0.0, 0.0
-0.0, 41.553322277999996, -0.0, 80.24815429, 0.0, 0.0, 0.0
-0.0, 41.45421568138855, -0.0, 80.3032135103397, 0.0, 0.0, 0.0
-0.0, 41.35488148981708, -0.0, 80.35839917232384, 0.0, 0.0, 0.0
-0.0, 41.25532045253034, -0.0, 80.41371085970536, 0.0, 0.0, 0.0
-0.0, 41.155533322227775, -0.0, 80.4691481543179, 0.0, 0.0, 0.0
-0.0, 41.05552085504827, -0.0, 80.5247106360843, 0.0, 0.0, 0.0
-0.0, 40.95528381055473, -0.0, 80.58039788302514, 0.0, 0.0, 0.0
-0.0, 40.854822951718695, -0.0, 80.63620947126739, 0.0, 0.0, 0.0
-0.0, 40.75413904490496, -0.0, 80.6921449750528, 0.0, 0.0, 0.0
-0.0, 40.653232859856246, -0.0, 80.74820396674653, 0.0, 0.0, 0.0
-0.0, 40.55210516967773, -0.0, 80.80438601684571, 0.0, 0.0, 0.0
-0.0, 40.450756750821796, -0.0, 80.86069069398789, 0.0, 0.0, 0.0
-0.0, 40.34918838307254, -0.0, 80.9171175649597, 0.0, 0.0, 0.0
-0.0, 40.24740084953044, -0.0, 80.97366619470532, 0.0, 0.0, 0.0
-0.0, 40.145394936596986, -0.0, 81.03033614633502, 0.0, 0.0, 0.0
-0.0, 40.043171433959294, -0.0, 81.08712698113372, 0.0, 0.0, 0.0
-0.0, 39.94073113457472, -0.0, 81.14403825856961, 0.0, 0.0, 0.0
-0.0, 39.8380748346555, -0.0, 81.2010695363025, 0.0, 0.0, 0.0
-0.0, 39.735203333653374, -0.0, 81.25822037019256, 0.0, 0.0, 0.0
-0.0, 39.63211743424419, -0.0, 81.31549031430879, 0.0, 0.0, 0.0
-0.0, 39.52881794231249, -0.0, 81.37287892093751, 0.0, 0.0, 0.0
-0.0, 39.425305666936275, -0.0, 81.43038574059096, 0.0, 0.0, 0.0
-0.0, 39.32158142037143, -0.0, 81.48801032201587, 0.0, 0.0, 0.0
-0.0, 39.217646018036504, -0.0, 81.54575221220195, 0.0, 0.0, 0.0
-0.0, 39.11350027849728, -0.0, 81.6036109563904, 0.0, 0.0, 0.0
-0.0, 39.00914502345135, -0.0, 81.66158609808258, 0.0, 0.0, 0.0
-0.0, 38.90458107771282, -0.0, 81.71967717904843, 0.0, 0.0, 0.0
-0.0, 38.7998092691969, -0.0, 81.77788373933505, 0.0, 0.0, 0.0
-0.0, 38.69483042890445, -0.0, 81.8362053172753, 0.0, 0.0, 0.0
-0.0, 38.58964539090678, -0.0, 81.89464144949623, 0.0, 0.0, 0.0
-0.0, 38.48425499233008, -0.0, 81.95319167092774, 0.0, 0.0, 0.0
-0.0, 38.37866007334016, -0.0, 82.01185551481103, 0.0, 0.0, 0.0
-0.0, 38.27286147712704, -0.0, 82.0706325127072, 0.0, 0.0, 0.0
-0.0, 38.16686004988957, -0.0, 82.1295221945058, 0.0, 0.0, 0.0
-0.0, 38.06065664082007, -0.0, 82.1885240884333, 0.0, 0.0, 0.0
-0.0, 37.95425210208893, -0.0, 82.24763772106171, 0.0, 0.0, 0.0
-0.0, 37.84764728882922, -0.0, 82.3068626173171, 0.0, 0.0, 0.0
-0.0, 37.74084305912136, -0.0, 82.36619830048812, 0.0, 0.0, 0.0
-0.0, 37.633840273977725, -0.0, 82.4256442922346, 0.0, 0.0, 0.0
-0.0, 37.52663979732722, -0.0, 82.48520011259598, 0.0, 0.0, 0.0
-0.0, 37.419242496, -0.0, 82.54486528, 0.0, 0.0, 0.0
-0.0, 37.31164923971197, -0.0, 82.60463931127113, 0.0, 0.0, 0.0
-0.0, 37.203860901049524, -0.0, 82.66452172163915, 0.0, 0.0, 0.0
-0.0, 37.09587835545408, -0.0, 82.72451202474772, 0.0, 0.0, 0.0
-0.0, 36.98770248120678, -0.0, 82.7846097326629, 0.0, 0.0, 0.0
-0.0, 36.87933415941302, -0.0, 82.84481435588165, 0.0, 0.0, 0.0
-0.0, 36.77077427398717, -0.0, 82.90512540334046, 0.0, 0.0, 0.0
-0.0, 36.66202371163712, -0.0, 82.96554238242382, 0.0, 0.0, 0.0
-0.0, 36.55308336184896, -0.0, 83.0260647989728, 0.0, 0.0, 0.0
-0.0, 36.44395411687154, -0.0, 83.08669215729358, 0.0, 0.0, 0.0
-0.0, 36.33463687170117, -0.0, 83.14742396016602, 0.0, 0.0, 0.0
-0.0, 36.22513252406617, -0.0, 83.20825970885213, 0.0, 0.0, 0.0
-0.0, 36.11544197441154, -0.0, 83.2691989031047, 0.0, 0.0, 0.0
-0.0, 36.00556612588356, -0.0, 83.3302410411758, 0.0, 0.0, 0.0
-0.0, 35.89550588431442, -0.0, 83.39138561982531, 0.0, 0.0, 0.0
-0.0, 35.78526215820685, -0.0, 83.45263213432953, 0.0, 0.0, 0.0
-0.0, 35.67483585871872, -0.0, 83.5139800784896, 0.0, 0.0, 0.0
-0.0, 35.56422789964769, -0.0, 83.57542894464018, 0.0, 0.0, 0.0
-0.0, 35.45343919741582, -0.0, 83.63697822365788, 0.0, 0.0, 0.0
-0.0, 35.34247067105417, -0.0, 83.6986274049699, 0.0, 0.0, 0.0
-0.0, 35.2313232421875, -0.0, 83.7603759765625, 0.0, 0.0, 0.0
-0.0, 35.11999783501876, -0.0, 83.82222342498957, 0.0, 0.0, 0.0
-0.0, 35.008495376313874, -0.0, 83.88416923538118, 0.0, 0.0, 0.0
-0.0, 34.896816795386194, -0.0, 83.94621289145212, 0.0, 0.0, 0.0
-0.0, 34.78496302408128, -0.0, 84.0083538755104, 0.0, 0.0, 0.0
-0.0, 34.67293499676141, -0.0, 84.07059166846588, 0.0, 0.0, 0.0
-0.0, 34.56073365029027, -0.0, 84.13292574983873, 0.0, 0.0, 0.0
-0.0, 34.44835992401751, -0.0, 84.19535559776806, 0.0, 0.0, 0.0
-0.0, 34.33581475976345, -0.0, 84.2578806890203, 0.0, 0.0, 0.0
-0.0, 34.22309910180365, -0.0, 84.32050049899797, 0.0, 0.0, 0.0
-0.0, 34.110213896853516, -0.0, 84.38321450174804, 0.0, 0.0, 0.0
-0.0, 33.99716009405296, -0.0, 84.44602216997058, 0.0, 0.0, 0.0
-0.0, 33.883938644951044, -0.0, 84.5089229750272, 0.0, 0.0, 0.0
-0.0, 33.77055050349051, -0.0, 84.57191638694971, 0.0, 0.0, 0.0
-0.0, 33.65699662599252, -0.0, 84.6350018744486, 0.0, 0.0, 0.0
-0.0, 33.54327797114118, -0.0, 84.69817890492158, 0.0, 0.0, 0.0
-0.0, 33.429395499968216, -0.0, 84.76144694446211, 0.0, 0.0, 0.0
-0.0, 33.31535017583761, -0.0, 84.824805457868, 0.0, 0.0, 0.0
-0.0, 33.201142964430154, -0.0, 84.88825390864992, 0.0, 0.0, 0.0
-0.0, 33.086774833728164, -0.0, 84.9517917590399, 0.0, 0.0, 0.0
-0.0, 32.972246754000004, -0.0, 85.01541847, 0.0, 0.0, 0.0
-0.0, 32.85755969778479, -0.0, 85.07913350123067, 0.0, 0.0, 0.0
-0.0, 32.742714639876965, -0.0, 85.14293631117947, 0.0, 0.0, 0.0
-0.0, 32.62771255731096, -0.0, 85.20682635704947, 0.0, 0.0, 0.0
-0.0, 32.51255442934578, -0.0, 85.2708030948079, 0.0, 0.0, 0.0
-0.0, 32.397241237449656, -0.0, 85.33486597919463, 0.0, 0.0, 0.0
-0.0, 32.2817739652846, -0.0, 85.39901446373078, 0.0, 0.0, 0.0
-0.0, 32.166153598691196, -0.0, 85.46324800072712, 0.0, 0.0, 0.0
-0.0, 32.050381125672956, -0.0, 85.5275660412928, 0.0, 0.0, 0.0
-0.0, 31.934457536381224, -0.0, 85.59196803534375, 0.0, 0.0, 0.0
-0.0, 31.8183838230996, -0.0, 85.65645343161134, 0.0, 0.0, 0.0
-0.0, 31.702160980228662, -0.0, 85.72102167765074, 0.0, 0.0, 0.0
-0.0, 31.585790004270535, -0.0, 85.7856722198497, 0.0, 0.0, 0.0
-0.0, 31.46927189381356, -0.0, 85.85040450343692, 0.0, 0.0, 0.0
-0.0, 31.352607649516855, -0.0, 85.91521797249064, 0.0, 0.0, 0.0
-0.0, 31.23579827409503, -0.0, 85.98011206994721, 0.0, 0.0, 0.0
-0.0, 31.118844772302715, -0.0, 86.04508623760961, 0.0, 0.0, 0.0
-0.0, 31.001748150919255, -0.0, 86.11013991615597, 0.0, 0.0, 0.0
-0.0, 30.884509418733245, -0.0, 86.1752725451482, 0.0, 0.0, 0.0
-0.0, 30.767129586527307, -0.0, 86.24048356304039, 0.0, 0.0, 0.0
-0.0, 30.6496096670625, -0.0, 86.3057724071875, 0.0, 0.0, 0.0
-0.0, 30.531950675063143, -0.0, 86.37113851385381, 0.0, 0.0, 0.0
-0.0, 30.4141536272013, -0.0, 86.4365813182215, 0.0, 0.0, 0.0
-0.0, 30.29621954208151, -0.0, 86.50210025439915, 0.0, 0.0, 0.0
-0.0, 30.178149440225273, -0.0, 86.56769475543041, 0.0, 0.0, 0.0
-0.0, 30.059944344055843, -0.0, 86.63336425330232, 0.0, 0.0, 0.0
-0.0, 29.941605277882704, -0.0, 86.69910817895405, 0.0, 0.0, 0.0
-0.0, 29.823133267886263, -0.0, 86.76492596228542, 0.0, 0.0, 0.0
-0.0, 29.70452934210246, -0.0, 86.8308170321653, 0.0, 0.0, 0.0
-0.0, 29.585794530407405, -0.0, 86.89678081644033, 0.0, 0.0, 0.0
-0.0, 29.466929864501942, -0.0, 86.96281674194336, 0.0, 0.0, 0.0
-0.0, 29.347936377896403, -0.0, 87.028924234502, 0.0, 0.0, 0.0
-0.0, 29.228815105895027, -0.0, 87.0951027189472, 0.0, 0.0, 0.0
-0.0, 29.109567085580828, -0.0, 87.16135161912177, 0.0, 0.0, 0.0
-0.0, 28.99019335579994, -0.0, 87.22767035788893, 0.0, 0.0, 0.0
-0.0, 28.87069495714654, -0.0, 87.29405835714081, 0.0, 0.0, 0.0
-0.0, 28.751072931947224, -0.0, 87.36051503780709, 0.0, 0.0, 0.0
-0.0, 28.63132832424573, -0.0, 87.42703981986348, 0.0, 0.0, 0.0
-0.0, 28.5114621797876, -0.0, 87.49363212234022, 0.0, 0.0, 0.0
-0.0, 28.39147554600472, -0.0, 87.56029136333072, 0.0, 0.0, 0.0
-0.0, 28.271369472000003, -0.0, 87.62701695999999, 0.0, 0.0, 0.0
-0.0, 28.15114500853196, -0.0, 87.69380832859336, 0.0, 0.0, 0.0
-0.0, 28.030803207999405, -0.0, 87.76066488444478, 0.0, 0.0, 0.0
-0.0, 27.91034512442595, -0.0, 87.82758604198558, 0.0, 0.0, 0.0
-0.0, 27.78977181344478, -0.0, 87.8945712147529, 0.0, 0.0, 0.0
-0.0, 27.669084332283127, -0.0, 87.96161981539825, 0.0, 0.0, 0.0
-0.0, 27.548283739747063, -0.0, 88.02873125569607, 0.0, 0.0, 0.0
-0.0, 27.42737109620586, -0.0, 88.0959049465523, 0.0, 0.0, 0.0
-0.0, 27.306347463576962, -0.0, 88.1631402980128, 0.0, 0.0, 0.0
-0.0, 27.185213905310285, -0.0, 88.23043671927206, 0.0, 0.0, 0.0
-0.0, 27.06397148637305, -0.0, 88.29779361868164, 0.0, 0.0, 0.0
-0.0, 26.942621273234273, -0.0, 88.36521040375872, 0.0, 0.0, 0.0
-0.0, 26.821164333849552, -0.0, 88.4326864811947, 0.0, 0.0, 0.0
-0.0, 26.69960173764543, -0.0, 88.50022125686365, 0.0, 0.0, 0.0
-0.0, 26.5779345555043, -0.0, 88.56781413583094, 0.0, 0.0, 0.0
-0.0, 26.456163859748827, -0.0, 88.63546452236176, 0.0, 0.0, 0.0
-0.0, 26.33429072412673, -0.0, 88.7031718199296, 0.0, 0.0, 0.0
-0.0, 26.21231622379517, -0.0, 88.7709354312249, 0.0, 0.0, 0.0
-0.0, 26.0902414353057, -0.0, 88.8387547581635, 0.0, 0.0, 0.0
-0.0, 25.96806743658854, -0.0, 88.90662920189526, 0.0, 0.0, 0.0
-0.0, 25.845795306937504, -0.0, 88.9745581628125, 0.0, 0.0, 0.0
-0.0, 25.723426126994376, -0.0, 89.04254104055867, 0.0, 0.0, 0.0
-0.0, 25.600960978733738, -0.0, 89.11057723403681, 0.0, 0.0, 0.0
-0.0, 25.478400945447433, -0.0, 89.1786661414181, 0.0, 0.0, 0.0
-0.0, 25.355747111729286, -0.0, 89.2468071601504, 0.0, 0.0, 0.0
-0.0, 25.233000563459655, -0.0, 89.31499968696687, 0.0, 0.0, 0.0
-0.0, 25.110162387790147, -0.0, 89.38324311789437, 0.0, 0.0, 0.0
-0.0, 24.98723367312813, -0.0, 89.45153684826215, 0.0, 0.0, 0.0
-0.0, 24.86421550912145, -0.0, 89.5198802727103, 0.0, 0.0, 0.0
-0.0, 24.74110898664302, -0.0, 89.58827278519833, 0.0, 0.0, 0.0
-0.0, 24.61791519777539, -0.0, 89.65671377901367, 0.0, 0.0, 0.0
-0.0, 24.494635235795457, -0.0, 89.7252026467803, 0.0, 0.0, 0.0
-0.0, 24.371270195159042, -0.0, 89.7937387804672, 0.0, 0.0, 0.0
-0.0, 24.24782117148549, -0.0, 89.86232157139693, 0.0, 0.0, 0.0
-0.0, 24.124289261542394, -0.0, 89.93095041025423, 0.0, 0.0, 0.0
-0.0, 24.000675563230033, -0.0, 89.99962468709442, 0.0, 0.0, 0.0
-0.0, 23.876981175566215, -0.0, 90.0683437913521, 0.0, 0.0, 0.0
-0.0, 23.753207198670715, -0.0, 90.1371071118496, 0.0, 0.0, 0.0
-0.0, 23.629354733750034, -0.0, 90.20591403680554, 0.0, 0.0, 0.0
-0.0, 23.505424883081886, -0.0, 90.27476395384339, 0.0, 0.0, 0.0
-0.0, 23.38141874999998, -0.0, 90.34365625000001, 0.0, 0.0, 0.0
-0.0, 23.25733743887853, -0.0, 90.41259031173415, 0.0, 0.0, 0.0
-0.0, 23.13318205511684, -0.0, 90.48156552493509, 0.0, 0.0, 0.0
-0.0, 23.008953705124085, -0.0, 90.55058127493106, 0.0, 0.0, 0.0
-0.0, 22.88465349630377, -0.0, 90.6196369464979, 0.0, 0.0, 0.0
-0.0, 22.760282537038506, -0.0, 90.6887319238675, 0.0, 0.0, 0.0
-0.0, 22.635841936674474, -0.0, 90.7578655907364, 0.0, 0.0, 0.0
-0.0, 22.51133280550618, -0.0, 90.82703733027434, 0.0, 0.0, 0.0
-0.0, 22.386756254760947, -0.0, 90.8962465251328, 0.0, 0.0, 0.0
-0.0, 22.262113396583715, -0.0, 90.9654925574535, 0.0, 0.0, 0.0
-0.0, 22.13740534402148, -0.0, 91.03477480887696, 0.0, 0.0, 0.0
-0.0, 22.01263321100803, -0.0, 91.10409266055109, 0.0, 0.0, 0.0
-0.0, 21.88779811234855, -0.0, 91.1734454931397, 0.0, 0.0, 0.0
-0.0, 21.762901163704164, -0.0, 91.24283268683101, 0.0, 0.0, 0.0
-0.0, 21.637943481576727, -0.0, 91.31225362134626, 0.0, 0.0, 0.0
-0.0, 21.51292618329328, -0.0, 91.38170767594818, 0.0, 0.0, 0.0
-0.0, 21.387850386990706, -0.0, 91.45119422944961, 0.0, 0.0, 0.0
-0.0, 21.262717211600503, -0.0, 91.52071266022195, 0.0, 0.0, 0.0
-0.0, 21.13752777683313, -0.0, 91.59026234620382, 0.0, 0.0, 0.0
-0.0, 21.012283203162923, -0.0, 91.65984266490949, 0.0, 0.0, 0.0
-0.0, 20.886984611812508, -0.0, 91.72945299343749, 0.0, 0.0, 0.0
-0.0, 20.761633124737507, -0.0, 91.79909270847917, 0.0, 0.0, 0.0
-0.0, 20.636229864611174, -0.0, 91.86876118632712, 0.0, 0.0, 0.0
-0.0, 20.510775954809, -0.0, 91.93845780288389, 0.0, 0.0, 0.0
-0.0, 20.385272519393283, -0.0, 92.0081819336704, 0.0, 0.0, 0.0
-0.0, 20.25972068309784, -0.0, 92.07793295383453, 0.0, 0.0, 0.0
-0.0, 20.134121571312576, -0.0, 92.14771023815968, 0.0, 0.0, 0.0
-0.0, 20.008476310068133, -0.0, 92.21751316107326, 0.0, 0.0, 0.0
-0.0, 19.88278602602046, -0.0, 92.28734109665531, 0.0, 0.0, 0.0
-0.0, 19.757051846435516, -0.0, 92.35719341864693, 0.0, 0.0, 0.0
-0.0, 19.63127489917383, -0.0, 92.42706950045898, 0.0, 0.0, 0.0
-0.0, 19.505456312675143, -0.0, 92.49696871518049, 0.0, 0.0, 0.0
-0.0, 19.37959721594303, -0.0, 92.5668904355872, 0.0, 0.0, 0.0
-0.0, 19.253698738529565, -0.0, 92.63683403415024, 0.0, 0.0, 0.0
-0.0, 19.127762010519817, -0.0, 92.70679888304454, 0.0, 0.0, 0.0
-0.0, 19.001788162516654, -0.0, 92.77678435415741, 0.0, 0.0, 0.0
-0.0, 18.875778325625213, -0.0, 92.8467898190971, 0.0, 0.0, 0.0
-0.0, 18.749733631437593, -0.0, 92.91681464920133, 0.0, 0.0, 0.0
-0.0, 18.623655212017482, -0.0, 92.98685821554584, 0.0, 0.0, 0.0
-0.0, 18.4975441998847, -0.0, 93.05691988895293, 0.0, 0.0, 0.0
-0.0, 18.37140172800001, -0.0, 93.12699904, 0.0, 0.0, 0.0
-0.0, 18.245228929749445, -0.0, 93.19709503902808, 0.0, 0.0, 0.0
-0.0, 18.11902693892928, -0.0, 93.2672072561504, 0.0, 0.0, 0.0
-0.0, 17.99279688973032, -0.0, 93.33733506126094, 0.0, 0.0, 0.0
-0.0, 17.866539916722793, -0.0, 93.40747782404289, 0.0, 0.0, 0.0
-0.0, 17.740257154840755, -0.0, 93.47763491397735, 0.0, 0.0, 0.0
-0.0, 17.61394973936693, -0.0, 93.5478057003517, 0.0, 0.0, 0.0
-0.0, 17.487618805917094, -0.0, 93.61798955226828, 0.0, 0.0, 0.0
-0.0, 17.361265490424955, -0.0, 93.6881858386528, 0.0, 0.0, 0.0
-0.0, 17.23489092912652, -0.0, 93.75839392826305, 0.0, 0.0, 0.0
-0.0, 17.108496258544918, -0.0, 93.82861318969726, 0.0, 0.0, 0.0
-0.0, 16.9820826154749, -0.0, 93.89884299140283, 0.0, 0.0, 0.0
-0.0, 16.855651136967552, -0.0, 93.9690827016847, 0.0, 0.0, 0.0
-0.0, 16.729202960314794, -0.0, 94.03933168871401, 0.0, 0.0, 0.0
-0.0, 16.602739223034163, -0.0, 94.10958932053657, 0.0, 0.0, 0.0
-0.0, 16.47626106285334, -0.0, 94.17985496508149, 0.0, 0.0, 0.0
-0.0, 16.349769617694726, -0.0, 94.2501279901696, 0.0, 0.0, 0.0
-0.0, 16.223266025660166, -0.0, 94.32040776352213, 0.0, 0.0, 0.0
-0.0, 16.096751425015576, -0.0, 94.39069365276913, 0.0, 0.0, 0.0
-0.0, 15.970226954175416, -0.0, 94.4609850254581, 0.0, 0.0, 0.0
-0.0, 15.843693751687496, -0.0, 94.5312812490625, 0.0, 0.0, 0.0
-0.0, 15.717152956217504, -0.0, 94.60158169099029, 0.0, 0.0, 0.0
-0.0, 15.590605706533616, -0.0, 94.67188571859243, 0.0, 0.0, 0.0
-0.0, 15.464053141491164, -0.0, 94.74219269917157, 0.0, 0.0, 0.0
-0.0, 15.337496400017272, -0.0, 94.81250199999039, 0.0, 0.0, 0.0
-0.0, 15.2109366210954, -0.0, 94.88281298828034, 0.0, 0.0, 0.0
-0.0, 15.08437494375002, -0.0, 94.95312503125, 0.0, 0.0, 0.0
-0.0, 14.95781250703127, -0.0, 95.02343749609375, 0.0, 0.0, 0.0
-0.0, 14.831250449999487, -0.0, 95.09374975000028, 0.0, 0.0, 0.0
-0.0, 14.704689911709877, -0.0, 95.16406116016118, 0.0, 0.0, 0.0
-0.0, 14.57813203119727, -0.0, 95.2343710937793, 0.0, 0.0, 0.0
-0.0, 14.45157794746045, -0.0, 95.30467891807753, 0.0, 0.0, 0.0
-0.0, 14.32502879944704, -0.0, 95.3749840003072, 0.0, 0.0, 0.0
-0.0, 14.198485726037987, -0.0, 95.44528570775667, 0.0, 0.0, 0.0
-0.0, 14.071949866032242, -0.0, 95.51558340775986, 0.0, 0.0, 0.0
-0.0, 13.94542235813141, -0.0, 95.58587646770476, 0.0, 0.0, 0.0
-0.0, 13.81890434092422, -0.0, 95.65616425504209, 0.0, 0.0, 0.0
-0.0, 13.69239695287132, -0.0, 95.7264461372937, 0.0, 0.0, 0.0
-0.0, 13.565901332289897, -0.0, 95.79672148206117, 0.0, 0.0, 0.0
-0.0, 13.439418617338148, -0.0, 95.86698965703435, 0.0, 0.0, 0.0
-0.0, 13.312949945999975, -0.0, 95.93725003, 0.0, 0.0, 0.0
-0.0, 13.186496456069747, -0.0, 96.00750196885014, 0.0, 0.0, 0.0
-0.0, 13.060059285136703, -0.0, 96.07774484159071, 0.0, 0.0, 0.0
-0.0, 12.93363957056971, -0.0, 96.14797801635017, 0.0, 0.0, 0.0
-0.0, 12.807238449501774, -0.0, 96.2182008613879, 0.0, 0.0, 0.0
-0.0, 12.68085705881488, -0.0, 96.28841274510285, 0.0, 0.0, 0.0
-0.0, 12.554496535124358, -0.0, 96.35861303604203, 0.0, 0.0, 0.0
-0.0, 12.428158014763653, -0.0, 96.42880110290906, 0.0, 0.0, 0.0
-0.0, 12.30184263376897, -0.0, 96.49897631457281, 0.0, 0.0, 0.0
-0.0, 12.17555152786369, -0.0, 96.56913804007571, 0.0, 0.0, 0.0
-0.0, 12.049285832443381, -0.0, 96.63928564864257, 0.0, 0.0, 0.0
-0.0, 11.923046682559914, -0.0, 96.70941850968893, 0.0, 0.0, 0.0
-0.0, 11.796835212906537, -0.0, 96.7795359928297, 0.0, 0.0, 0.0
-0.0, 11.670652557802299, -0.0, 96.8496374678876, 0.0, 0.0, 0.0
-0.0, 11.54449985117661, -0.0, 96.91972230490188, 0.0, 0.0, 0.0
-0.0, 11.418378226553997, -0.0, 96.98978987413666, 0.0, 0.0, 0.0
-0.0, 11.29228881703871, -0.0, 97.05983954608962, 0.0, 0.0, 0.0
-0.0, 11.166232755299248, -0.0, 97.12987069150043, 0.0, 0.0, 0.0
-0.0, 11.040211173553004, -0.0, 97.19988268135944, 0.0, 0.0, 0.0
-0.0, 10.914225203551027, -0.0, 97.26987488691609, 0.0, 0.0, 0.0
-0.0, 10.788275976562488, -0.0, 97.33984667968751, 0.0, 0.0, 0.0
-0.0, 10.662364623359366, -0.0, 97.40979743146701, 0.0, 0.0, 0.0
-0.0, 10.536492274201066, -0.0, 97.47972651433274, 0.0, 0.0, 0.0
-0.0, 10.410660058818976, -0.0, 97.54963330065613, 0.0, 0.0, 0.0
-0.0, 10.284869106401274, -0.0, 97.6195171631104, 0.0, 0.0, 0.0
-0.0, 10.159120545577338, -0.0, 97.68937747467926, 0.0, 0.0, 0.0
-0.0, 10.033415504402463, -0.0, 97.7592136086653, 0.0, 0.0, 0.0
-0.0, 9.907755110342478, -0.0, 97.82902493869862, 0.0, 0.0, 0.0
-0.0, 9.78214049025847, -0.0, 97.8988108387453, 0.0, 0.0, 0.0
-0.0, 9.65657277039113, -0.0, 97.96857068311604, 0.0, 0.0, 0.0
-0.0, 9.531053076345714, -0.0, 98.03830384647462, 0.0, 0.0, 0.0
-0.0, 9.40558253307637, -0.0, 98.10800970384645, 0.0, 0.0, 0.0
-0.0, 9.280162264871024, -0.0, 98.1776876306272, 0.0, 0.0, 0.0
-0.0, 9.154793395335794, -0.0, 98.24733700259122, 0.0, 0.0, 0.0
-0.0, 9.029477047379686, -0.0, 98.31695719590017, 0.0, 0.0, 0.0
-0.0, 8.904214343199278, -0.0, 98.38654758711152, 0.0, 0.0, 0.0
-0.0, 8.7790064042632, -0.0, 98.45610755318711, 0.0, 0.0, 0.0
-0.0, 8.653854351296957, -0.0, 98.52563647150168, 0.0, 0.0, 0.0
-0.0, 8.528759304267382, -0.0, 98.59513371985146, 0.0, 0.0, 0.0
-0.0, 8.403722382367192, -0.0, 98.66459867646267, 0.0, 0.0, 0.0
-0.0, 8.278744704000019, -0.0, 98.73403072, 0.0, 0.0, 0.0
-0.0, 8.153827386764434, -0.0, 98.80342922957531, 0.0, 0.0, 0.0
-0.0, 8.028971547439141, -0.0, 98.87279358475602, 0.0, 0.0, 0.0
-0.0, 7.9041783019671925, -0.0, 98.94212316557379, 0.0, 0.0, 0.0
-0.0, 7.779448765440776, -0.0, 99.01141735253292, 0.0, 0.0, 0.0
-0.0, 7.654784052085866, -0.0, 99.08067552661896, 0.0, 0.0, 0.0
-0.0, 7.5301852752467795, -0.0, 99.14989706930734, 0.0, 0.0, 0.0
-0.0, 7.405653547370875, -0.0, 99.21908136257174, 0.0, 0.0, 0.0
-0.0, 7.281189979992952, -0.0, 99.28822778889281, 0.0, 0.0, 0.0
-0.0, 7.156795683720283, -0.0, 99.3573357312665, 0.0, 0.0, 0.0
-0.0, 7.032471768216794, -0.0, 99.42640457321289, 0.0, 0.0, 0.0
-0.0, 6.908219342188005, -0.0, 99.49543369878442, 0.0, 0.0, 0.0
-0.0, 6.784039513365549, -0.0, 99.5644224925747, 0.0, 0.0, 0.0
-0.0, 6.659933388491673, -0.0, 99.63337033972687, 0.0, 0.0, 0.0
-0.0, 6.535902073304044, -0.0, 99.7022766259422, 0.0, 0.0, 0.0
-0.0, 6.411946672520315, -0.0, 99.77114073748871, 0.0, 0.0, 0.0
-0.0, 6.288068289822689, -0.0, 99.8399620612096, 0.0, 0.0, 0.0
-0.0, 6.164268027842681, -0.0, 99.90873998453185, 0.0, 0.0, 0.0
-0.0, 6.040546988145451, -0.0, 99.97747389547474, 0.0, 0.0, 0.0
-0.0, 5.916906271214778, -0.0, 100.04616318265845, 0.0, 0.0, 0.0
-0.0, 5.7933469764374905, -0.0, 100.1148072353125, 0.0, 0.0, 0.0
-0.0, 5.66987020208812, -0.0, 100.18340544328439, 0.0, 0.0, 0.0
-0.0, 5.546477045313452, -0.0, 100.25195719704809, 0.0, 0.0, 0.0
-0.0, 5.423168602117414, -0.0, 100.32046188771255, 0.0, 0.0, 0.0
-0.0, 5.299945967345238, -0.0, 100.38891890703043, 0.0, 0.0, 0.0
-0.0, 5.1768102346686575, -0.0, 100.45732764740632, 0.0, 0.0, 0.0
-0.0, 5.053762496569888, -0.0, 100.52568750190562, 0.0, 0.0, 0.0
-0.0, 4.93080384432686, -0.0, 100.59399786426283, 0.0, 0.0, 0.0
-0.0, 4.807935367997459, -0.0, 100.66225812889031, 0.0, 0.0, 0.0
-0.0, 4.685158156404263, -0.0, 100.73046769088653, 0.0, 0.0, 0.0
-0.0, 4.562473297119141, -0.0, 100.79862594604492, 0.0, 0.0, 0.0
-0.0, 4.439881876447913, -0.0, 100.86673229086227, 0.0, 0.0, 0.0
-0.0, 4.3173849794150385, -0.0, 100.9347861225472, 0.0, 0.0, 0.0
-0.0, 4.194983689747978, -0.0, 101.0027868390289, 0.0, 0.0, 0.0
-0.0, 4.072679089862163, -0.0, 101.07073383896547, 0.0, 0.0, 0.0
-0.0, 3.9504722608452667, -0.0, 101.13862652175263, 0.0, 0.0, 0.0
-0.0, 3.8283642824422373, -0.0, 101.2064642875321, 0.0, 0.0, 0.0
-0.0, 3.7063562330394717, -0.0, 101.27424653720028, 0.0, 0.0, 0.0
-0.0, 3.5844491896497885, -0.0, 101.34197267241677, 0.0, 0.0, 0.0
-0.0, 3.462644227896895, -0.0, 101.40964209561284, 0.0, 0.0, 0.0
-0.0, 3.340942422000005, -0.0, 101.47725420999998, 0.0, 0.0, 0.0
-0.0, 3.2193448447585027, -0.0, 101.5448084195786, 0.0, 0.0, 0.0
-0.0, 3.0978525675365987, -0.0, 101.61230412914634, 0.0, 0.0, 0.0
-0.0, 2.976466660247816, -0.0, 101.67974074430677, 0.0, 0.0, 0.0
-0.0, 2.855188191339785, -0.0, 101.7471176714779, 0.0, 0.0, 0.0
-0.0, 2.7340182277787477, -0.0, 101.81443431790069, 0.0, 0.0, 0.0
-0.0, 2.612957835034237, -0.0, 101.88169009164766, 0.0, 0.0, 0.0
-0.0, 2.492008077063659, -0.0, 101.94888440163129, 0.0, 0.0, 0.0
-0.0, 2.371170016296965, -0.0, 102.0160166576128, 0.0, 0.0, 0.0
-0.0, 2.2504447136211994, -0.0, 102.08308627021043, 0.0, 0.0, 0.0
-0.0, 2.1298332283652144, -0.0, 102.1500926509082, 0.0, 0.0, 0.0
-0.0, 2.0093366182842587, -0.0, 102.2170352120643, 0.0, 0.0, 0.0
-0.0, 1.8889559395445374, -0.0, 102.28391336691969, 0.0, 0.0, 0.0
-0.0, 1.7686922467079071, -0.0, 102.35072652960673, 0.0, 0.0, 0.0
-0.0, 1.6485465927164853, -0.0, 102.4174741151575, 0.0, 0.0, 0.0
-0.0, 1.52852002887726, -0.0, 102.48415553951264, 0.0, 0.0, 0.0
-0.0, 1.4086136048467282, -0.0, 102.5507702195296, 0.0, 0.0, 0.0
-0.0, 1.2888283686154693, -0.0, 102.6173175729914, 0.0, 0.0, 0.0
-0.0, 1.1691653664928694, -0.0, 102.68379701861507, 0.0, 0.0, 0.0
-0.0, 1.0496256430916517, -0.0, 102.75020797606021, 0.0, 0.0, 0.0
-0.0, 0.9302102413124942, -0.0, 102.8165498659375, 0.0, 0.0, 0.0
-0.0, 0.8109202023287594, -0.0, 102.88282210981737, 0.0, 0.0, 0.0
-0.0, 0.6917565655709339, -0.0, 102.94902413023839, 0.0, 0.0, 0.0
-0.0, 0.5727203687114866, -0.0, 103.01515535071584, 0.0, 0.0, 0.0
-0.0, 0.4538126476492721, -0.0, 103.08121519575039, 0.0, 0.0, 0.0
-0.0, 0.3350344364943041, -0.0, 103.14720309083648, 0.0, 0.0, 0.0
-0.0, 0.2163867675523221, -0.0, 103.21311846247093, 0.0, 0.0, 0.0
-0.0, 0.09787067130936578, -0.0, 103.27896073816146, 0.0, 0.0, 0.0
-0.0, -0.020512823583516138, -0.0, 103.34472934643529, 0.0, 0.0, 0.0
-0.0, -0.1387626903257697, -0.0, 103.41042371684763, 0.0, 0.0, 0.0
-0.0, -0.2568779039824278, -0.0, 103.47604327999024, 0.0, 0.0, 0.0
-0.0, -0.3748574414998558, -0.0, 103.54158746749992, 0.0, 0.0, 0.0
-0.0, -0.4927002817209356, -0.0, 103.6070557120672, 0.0, 0.0, 0.0
-0.0, -0.6104054054004493, -0.0, 103.67244744744471, 0.0, 0.0, 0.0
-0.0, -0.7279717952204408, -0.0, 103.73776210845581, 0.0, 0.0, 0.0
-0.0, -0.8453984358056132, -0.0, 103.80299913100313, 0.0, 0.0, 0.0
-0.0, -0.9626843137388192, -0.0, 103.8681579520771, 0.0, 0.0, 0.0
-0.0, -1.0798284175761665, -0.0, 103.93323800976452, 0.0, 0.0, 0.0
-0.0, -1.1968297378627923, -0.0, 103.9982387432571, 0.0, 0.0, 0.0
-0.0, -1.313687267147813, -0.0, 104.0631595928599, 0.0, 0.0, 0.0
-0.0, -1.4303999999999846, -0.0, 104.12799999999999, 0.0, 0.0, 0.0
-0.0, -1.5469669330230502, -0.0, 104.19275940723503, 0.0, 0.0, 0.0
-0.0, -1.6633870648709959, -0.0, 104.25743725826167, 0.0, 0.0, 0.0
-0.0, -1.7796593962634262, -0.0, 104.32203299792414, 0.0, 0.0, 0.0
-0.0, -1.895782930001225, -0.0, 104.3865460722229, 0.0, 0.0, 0.0
-0.0, -2.0117566709815122, -0.0, 104.45097592832306, 0.0, 0.0, 0.0
-0.0, -2.1275796262133255, -0.0, 104.51532201456297, 0.0, 0.0, 0.0
-0.0, -2.243250804832904, -0.0, 104.57958378046273, 0.0, 0.0, 0.0
-0.0, -2.3587692181190363, -0.0, 104.6437606767328, 0.0, 0.0, 0.0
-0.0, -2.474133879508493, -0.0, 104.7078521552825, 0.0, 0.0, 0.0
-0.0, -2.5893438046113673, -0.0, 104.77185766922852, 0.0, 0.0, 0.0
-0.0, -2.7043980112263384, -0.0, 104.8357766729035, 0.0, 0.0, 0.0
-0.0, -2.8192955193564657, -0.0, 104.8996086218647, 0.0, 0.0, 0.0
-0.0, -2.934035351223976, -0.0, 104.9633529729022, 0.0, 0.0, 0.0
-0.0, -3.0486165312860933, -0.0, 105.02700918404784, 0.0, 0.0, 0.0
-0.0, -3.1630380862501895, -0.0, 105.09057671458345, 0.0, 0.0, 0.0
-0.0, -3.277299045089265, -0.0, 105.15405502504959, 0.0, 0.0, 0.0
-0.0, -3.391398439057312, -0.0, 105.21744357725407, 0.0, 0.0, 0.0
-0.0, -3.505335301704683, -0.0, 105.28074183428039, 0.0, 0.0, 0.0
-0.0, -3.6191086688933325, -0.0, 105.3439492604963, 0.0, 0.0, 0.0
-0.0, -3.7327175788124904, -0.0, 105.40706532156248, 0.0, 0.0, 0.0
-0.0, -3.846161071993741, -0.0, 105.47008948444098, 0.0, 0.0, 0.0
-0.0, -3.9594381913266474, -0.0, 105.5330212174037, 0.0, 0.0, 0.0
-0.0, -4.072547982073843, -0.0, 105.59585999004102, 0.0, 0.0, 0.0
-0.0, -4.185489491886727, -0.0, 105.65860527327041, 0.0, 0.0, 0.0
-0.0, -4.298261770820602, -0.0, 105.7212565393448, 0.0, 0.0, 0.0
-0.0, -4.410863871350216, -0.0, 105.78381326186124, 0.0, 0.0, 0.0
-0.0, -4.523294848385035, -0.0, 105.84627491576946, 0.0, 0.0, 0.0
-0.0, -4.635553759284534, -0.0, 105.9086409773803, 0.0, 0.0, 0.0
-0.0, -4.747639663873898, -0.0, 105.97091092437438, 0.0, 0.0, 0.0
-0.0, -4.859551624458987, -0.0, 106.03308423581055, 0.0, 0.0, 0.0
-0.0, -4.9712887058420705, -0.0, 106.09516039213449, 0.0, 0.0, 0.0
-0.0, -5.08284997533697, -0.0, 106.1571388751872, 0.0, 0.0, 0.0
-0.0, -5.194234502784525, -0.0, 106.21901916821362, 0.0, 0.0, 0.0
-0.0, -5.305441360568011, -0.0, 106.28080075587111, 0.0, 0.0, 0.0
-0.0, -5.416469623628359, -0.0, 106.34248312423797, 0.0, 0.0, 0.0
-0.0, -5.527318369479758, -0.0, 106.4040657608221, 0.0, 0.0, 0.0
-0.0, -5.637986678224934, -0.0, 106.4655481545694, 0.0, 0.0, 0.0
-0.0, -5.748473632570324, -0.0, 106.5269297958724, 0.0, 0.0, 0.0
-0.0, -5.858778317841825, -0.0, 106.5882101765788, 0.0, 0.0, 0.0
-0.0, -5.968899821999983, -0.0, 106.64938879, 0.0, 0.0, 0.0
-0.0, -6.078837235655243, -0.0, 106.71046513091957, 0.0, 0.0, 0.0
-0.0, -6.18858965208355, -0.0, 106.77143869560196, 0.0, 0.0, 0.0
-0.0, -6.298156167241558, -0.0, 106.83230898180086, 0.0, 0.0, 0.0
-0.0, -6.4075358797821735, -0.0, 106.89307548876788, 0.0, 0.0, 0.0
-0.0, -6.516727891069863, -0.0, 106.95373771726103, 0.0, 0.0, 0.0
-0.0, -6.625731305195899, -0.0, 107.01429516955326, 0.0, 0.0, 0.0
-0.0, -6.734545228993824, -0.0, 107.07474734944103, 0.0, 0.0, 0.0
-0.0, -6.843168772055037, -0.0, 107.13509376225281, 0.0, 0.0, 0.0
-0.0, -6.951601046743804, -0.0, 107.19533391485767, 0.0, 0.0, 0.0
-0.0, -7.059841168212898, -0.0, 107.25546731567381, 0.0, 0.0, 0.0
-0.0, -7.167888254418898, -0.0, 107.31549347467717, 0.0, 0.0, 0.0
-0.0, -7.2757414261375, -0.0, 107.37541190340971, 0.0, 0.0, 0.0
-0.0, -7.383399806978957, -0.0, 107.4352221149883, 0.0, 0.0, 0.0
-0.0, -7.490862523403621, -0.0, 107.49492362411311, 0.0, 0.0, 0.0
-0.0, -7.598128704736979, -0.0, 107.55451594707608, 0.0, 0.0, 0.0
-0.0, -7.705197483185231, -0.0, 107.61399860176958, 0.0, 0.0, 0.0
-0.0, -7.812067993850803, -0.0, 107.67337110769489, 0.0, 0.0, 0.0
-0.0, -7.918739374747275, -0.0, 107.7326329859707, 0.0, 0.0, 0.0
-0.0, -8.025210766815206, -0.0, 107.7917837593418, 0.0, 0.0, 0.0
-0.0, -8.131481313937485, -0.0, 107.8508229521875, 0.0, 0.0, 0.0
-0.0, -8.237550162954406, -0.0, 107.90975009053021, 0.0, 0.0, 0.0
-0.0, -8.343416463679205, -0.0, 107.968564702044, 0.0, 0.0, 0.0
-0.0, -8.449079368913544, -0.0, 108.02726631606308, 0.0, 0.0, 0.0
-0.0, -8.554538034462709, -0.0, 108.08585446359038, 0.0, 0.0, 0.0
-0.0, -8.659791619151207, -0.0, 108.14432867730622, 0.0, 0.0, 0.0
-0.0, -8.764839284837777, -0.0, 108.20268849157657, 0.0, 0.0, 0.0
-0.0, -8.869680196431261, -0.0, 108.26093344246182, 0.0, 0.0, 0.0
-0.0, -8.974313521905529, -0.0, 108.31906306772532, 0.0, 0.0, 0.0
-0.0, -9.078738432315134, -0.0, 108.37707690684175, 0.0, 0.0, 0.0
-0.0, -9.182954101810523, -0.0, 108.43497450100588, 0.0, 0.0, 0.0
-0.0, -9.286959707653594, -0.0, 108.49275539314088, 0.0, 0.0, 0.0
-0.0, -9.390754430232974, -0.0, 108.5504191279072, 0.0, 0.0, 0.0
-0.0, -9.494337453079211, -0.0, 108.60796525171068, 0.0, 0.0, 0.0
-0.0, -9.597707962880577, -0.0, 108.66539331271143, 0.0, 0.0, 0.0
-0.0, -9.700865149497986, -0.0, 108.72270286083221, 0.0, 0.0, 0.0
-0.0, -9.803808205980786, -0.0, 108.77989344776711, 0.0, 0.0, 0.0
-0.0, -9.906536328581794, -0.0, 108.8369646269899, 0.0, 0.0, 0.0
-0.0, -10.009048716772924, -0.0, 108.8939159537627, 0.0, 0.0, 0.0
-0.0, -10.11134457326034, -0.0, 108.95074698514463, 0.0, 0.0, 0.0
-0.0, -10.213423104000029, -0.0, 109.00745728000001, 0.0, 0.0, 0.0
-0.0, -10.315283518213064, -0.0, 109.06404639900727, 0.0, 0.0, 0.0
-0.0, -10.416925028401081, -0.0, 109.12051390466729, 0.0, 0.0, 0.0
-0.0, -10.518346850361539, -0.0, 109.17685936131198, 0.0, 0.0, 0.0
-0.0, -10.619548203203266, -0.0, 109.2330823351129, 0.0, 0.0, 0.0
-0.0, -10.72052830936137, -0.0, 109.28918239408964, 0.0, 0.0, 0.0
-0.0, -10.821286394613438, -0.0, 109.3451591081186, 0.0, 0.0, 0.0
-0.0, -10.921821688094184, -0.0, 109.4010120489412, 0.0, 0.0, 0.0
-0.0, -11.022133422311043, -0.0, 109.45674079017282, 0.0, 0.0, 0.0
-0.0, -11.122220833159787, -0.0, 109.51234490731099, 0.0, 0.0, 0.0
-0.0, -11.222083159939487, -0.0, 109.56782397774415, 0.0, 0.0, 0.0
-0.0, -11.32171964536829, -0.0, 109.62317758076013, 0.0, 0.0, 0.0
-0.0, -11.421129535598496, -0.0, 109.67840529755469, 0.0, 0.0, 0.0
-0.0, -11.520312080232117, -0.0, 109.7335067112401, 0.0, 0.0, 0.0
-0.0, -11.619266532336198, -0.0, 109.78848140685346, 0.0, 0.0, 0.0
-0.0, -11.71799214845818, -0.0, 109.84332897136564, 0.0, 0.0, 0.0
-0.0, -11.816488188641273, -0.0, 109.89804899368959, 0.0, 0.0, 0.0
-0.0, -11.914753916439807, -0.0, 109.95264106468879, 0.0, 0.0, 0.0
-0.0, -12.012788598934762, -0.0, 110.00710477718602, 0.0, 0.0, 0.0
-0.0, -12.110591506748932, -0.0, 110.06143972597164, 0.0, 0.0, 0.0
-0.0, -12.20816191406253, -0.0, 110.1156455078125, 0.0, 0.0, 0.0
-0.0, -12.305499098628175, -0.0, 110.16972172146009, 0.0, 0.0, 0.0
-0.0, -12.40260234178676, -0.0, 110.2236679676593, 0.0, 0.0, 0.0
-0.0, -12.49947092848258, -0.0, 110.277483849157, 0.0, 0.0, 0.0
-0.0, -12.596104147278709, -0.0, 110.3311689707104, 0.0, 0.0, 0.0
-0.0, -12.692501290372334, -0.0, 110.38472293909574, 0.0, 0.0, 0.0
-0.0, -12.788661653610347, -0.0, 110.43814536311687, 0.0, 0.0, 0.0
-0.0, -12.884584536504391, -0.0, 110.49143585361354, 0.0, 0.0, 0.0
-0.0, -12.980269242246521, -0.0, 110.54459402347032, 0.0, 0.0, 0.0
-0.0, -13.075715077724496, -0.0, 110.59761948762473, 0.0, 0.0, 0.0
-0.0, -13.17092135353704, -0.0, 110.65051186307615, 0.0, 0.0, 0.0
-0.0, -13.265887384009574, -0.0, 110.70327076889419, 0.0, 0.0, 0.0
-0.0, -13.36061248720894, -0.0, 110.75589582622722, 0.0, 0.0, 0.0
-0.0, -13.455095984959485, -0.0, 110.80838665831084, 0.0, 0.0, 0.0
-0.0, -13.549337202858155, -0.0, 110.86074289047673, 0.0, 0.0, 0.0
-0.0, -13.64333547028943, -0.0, 110.9129641501608, 0.0, 0.0, 0.0
-0.0, -13.737090120441792, -0.0, 110.96505006691211, 0.0, 0.0, 0.0
-0.0, -13.830600490321743, -0.0, 111.01700027240098, 0.0, 0.0, 0.0
-0.0, -13.92386592077041, -0.0, 111.06881440042802, 0.0, 0.0, 0.0
-0.0, -14.01688575647809, -0.0, 111.12049208693227, 0.0, 0.0, 0.0
-0.0, -14.109659346000058, -0.0, 111.17203297000005, 0.0, 0.0, 0.0
-0.0, -14.202186041771498, -0.0, 111.22343668987304, 0.0, 0.0, 0.0
-0.0, -14.29446520012364, -0.0, 111.27470288895759, 0.0, 0.0, 0.0
-0.0, -14.386496181298455, -0.0, 111.3258312118325, 0.0, 0.0, 0.0
-0.0, -14.478278349464205, -0.0, 111.37682130525789, 0.0, 0.0, 0.0
-0.0, -14.569811072731042, -0.0, 111.42767281818391, 0.0, 0.0, 0.0
-0.0, -14.661093723166061, -0.0, 111.47838540175894, 0.0, 0.0, 0.0
-0.0, -14.752125676808859, -0.0, 111.52895870933826, 0.0, 0.0, 0.0
-0.0, -14.842906313687052, -0.0, 111.5793923964928, 0.0, 0.0, 0.0
-0.0, -14.933435017831258, -0.0, 111.6296861210174, 0.0, 0.0, 0.0
-0.0, -15.023711177291034, -0.0, 111.67983954293946, 0.0, 0.0, 0.0
-0.0, -15.113734184149507, -0.0, 111.72985232452751, 0.0, 0.0, 0.0
-0.0, -15.203503434539499, -0.0, 111.77972413029971, 0.0, 0.0, 0.0
-0.0, -15.293018328658434, -0.0, 111.82945462703242, 0.0, 0.0, 0.0
-0.0, -15.38227827078373, -0.0, 111.87904348376873, 0.0, 0.0, 0.0
-0.0, -15.471282669288755, -0.0, 111.92849037182708, 0.0, 0.0, 0.0
-0.0, -15.560030936657313, -0.0, 111.97779496480959, 0.0, 0.0, 0.0
-0.0, -15.648522489499527, -0.0, 112.02695693861088, 0.0, 0.0, 0.0
-0.0, -15.736756748567359, -0.0, 112.07597597142632, 0.0, 0.0, 0.0
-0.0, -15.824733138769588, -0.0, 112.12485174376087, 0.0, 0.0, 0.0
-0.0, -15.912451089187542, -0.0, 112.1735839384375, 0.0, 0.0, 0.0
-0.0, -15.999910033090046, -0.0, 112.22217224060556, 0.0, 0.0, 0.0
-0.0, -16.087109407949328, -0.0, 112.27061633774964, 0.0, 0.0, 0.0
-0.0, -16.174048655456062, -0.0, 112.31891591969782, 0.0, 0.0, 0.0
-0.0, -16.26072722153475, -0.0, 112.36707067863041, 0.0, 0.0, 0.0
-0.0, -16.347144556359154, -0.0, 112.41508030908844, 0.0, 0.0, 0.0
-0.0, -16.433300114367967, -0.0, 112.46294450798217, 0.0, 0.0, 0.0
-0.0, -16.51919335427941, -0.0, 112.51066297459965, 0.0, 0.0, 0.0
-0.0, -16.6048237391076, -0.0, 112.55823541061531, 0.0, 0.0, 0.0
-0.0, -16.690190736177, -0.0, 112.60566152009835, 0.0, 0.0, 0.0
-0.0, -16.77529381713866, -0.0, 112.65294100952147, 0.0, 0.0, 0.0
-0.0, -16.860132457984918, -0.0, 112.70007358776937, 0.0, 0.0, 0.0
-0.0, -16.944706139064976, -0.0, 112.7470589661472, 0.0, 0.0, 0.0
-0.0, -17.029014345100464, -0.0, 112.79389685838919, 0.0, 0.0, 0.0
-0.0, -17.113056565200694, -0.0, 112.84058698066704, 0.0, 0.0, 0.0
-0.0, -17.196832292877858, -0.0, 112.88712905159879, 0.0, 0.0, 0.0
-0.0, -17.28034102606277, -0.0, 112.93352279225707, 0.0, 0.0, 0.0
-0.0, -17.363582267119895, -0.0, 112.97976792617776, 0.0, 0.0, 0.0
-0.0, -17.446555522863065, -0.0, 113.02586417936831, 0.0, 0.0, 0.0
-0.0, -17.529260304570343, -0.0, 113.07181128031682, 0.0, 0.0, 0.0
-0.0, -17.61169612799999, -0.0, 113.11760896000001, 0.0, 0.0, 0.0
-0.0, -17.693862513405605, -0.0, 113.16325695189201, 0.0, 0.0, 0.0
-0.0, -17.775758985551278, -0.0, 113.20875499197291, 0.0, 0.0, 0.0
-0.0, -17.8573850737272, -0.0, 113.25410281873734, 0.0, 0.0, 0.0
-0.0, -17.9387403117652, -0.0, 113.2993001732029, 0.0, 0.0, 0.0
-0.0, -18.019824238053815, -0.0, 113.34434679891876, 0.0, 0.0, 0.0
-0.0, -18.10063639555358, -0.0, 113.3892424419742, 0.0, 0.0, 0.0
-0.0, -18.181176331812935, -0.0, 113.43398685100718, 0.0, 0.0, 0.0
-0.0, -18.261443598983035, -0.0, 113.47857977721281, 0.0, 0.0, 0.0
-0.0, -18.341437753833517, -0.0, 113.52302097435197, 0.0, 0.0, 0.0
-0.0, -18.421158357767638, -0.0, 113.5673101987598, 0.0, 0.0, 0.0
-0.0, -18.500604976837664, -0.0, 113.61144720935425, 0.0, 0.0, 0.0
-0.0, -18.57977718176045, -0.0, 113.65543176764467, 0.0, 0.0, 0.0
-0.0, -18.658674547932776, -0.0, 113.69926363774042, 0.0, 0.0, 0.0
-0.0, -18.737296655446357, -0.0, 113.74294258635906, 0.0, 0.0, 0.0
-0.0, -18.815643089103673, -0.0, 113.78646838283538, 0.0, 0.0, 0.0
-0.0, -18.893713438433252, -0.0, 113.82984079912956, 0.0, 0.0, 0.0
-0.0, -18.97150729770486, -0.0, 113.87305960983602, 0.0, 0.0, 0.0
-0.0, -19.049024265944965, -0.0, 113.91612459219164, 0.0, 0.0, 0.0
-0.0, -19.126263946952093, -0.0, 113.95903552608452, 0.0, 0.0, 0.0
-0.0, -19.203225949312497, -0.0, 114.00179219406253, 0.0, 0.0, 0.0
-0.0, -19.279909886415027, -0.0, 114.04439438134169, 0.0, 0.0, 0.0
-0.0, -19.35631537646688, -0.0, 114.08684187581493, 0.0, 0.0, 0.0
-0.0, -19.432442042508825, -0.0, 114.12913446806046, 0.0, 0.0, 0.0
-0.0, -19.50828951243072, -0.0, 114.17127195135038, 0.0, 0.0, 0.0
-0.0, -19.583857418986625, -0.0, 114.21325412165923, 0.0, 0.0, 0.0
-0.0, -19.659145399810456, -0.0, 114.25508077767249, 0.0, 0.0, 0.0
-0.0, -19.734153097431275, -0.0, 114.29675172079517, 0.0, 0.0, 0.0
-0.0, -19.808880159288563, -0.0, 114.33826675516029, 0.0, 0.0, 0.0
-0.0, -19.883326237747625, -0.0, 114.37962568763758, 0.0, 0.0, 0.0
-0.0, -19.95749099011519, -0.0, 114.42082832784179, 0.0, 0.0, 0.0
-0.0, -20.031374078654522, -0.0, 114.4618744881414, 0.0, 0.0, 0.0
-0.0, -20.10497517060095, -0.0, 114.5027639836672, 0.0, 0.0, 0.0
-0.0, -20.178293938177035, -0.0, 114.5434966323206, 0.0, 0.0, 0.0
-0.0, -20.251330058608247, -0.0, 114.58407225478236, 0.0, 0.0, 0.0
-0.0, -20.324083214138113, -0.0, 114.62449067452121, 0.0, 0.0, 0.0
-0.0, -20.39655309204376, -0.0, 114.66475171780212, 0.0, 0.0, 0.0
-0.0, -20.468739384651144, -0.0, 114.70485521369508, 0.0, 0.0, 0.0
-0.0, -20.540641789350587, -0.0, 114.74480099408366, 0.0, 0.0, 0.0
-0.0, -20.612260008611912, -0.0, 114.78458889367326, 0.0, 0.0, 0.0
-0.0, -20.68359375, -0.0, 114.82421875, 0.0, 0.0, 0.0
-0.0, -20.754642726190326, -0.0, 114.86369040343907, 0.0, 0.0, 0.0
-0.0, -20.82540665498385, -0.0, 114.90300369721321, 0.0, 0.0, 0.0
-0.0, -20.895885259322853, -0.0, 114.94215847740159, 0.0, 0.0, 0.0
-0.0, -20.966078267306187, -0.0, 114.98115459294787, 0.0, 0.0, 0.0
-0.0, -21.035985412204667, -0.0, 115.01999189566924, 0.0, 0.0, 0.0
-0.0, -21.105606432476122, -0.0, 115.05867024026453, 0.0, 0.0, 0.0
-0.0, -21.174941071781348, -0.0, 115.09718948432295, 0.0, 0.0, 0.0
-0.0, -21.24398907899905, -0.0, 115.13554948833279, 0.0, 0.0, 0.0
-0.0, -21.312750208241283, -0.0, 115.17375011568961, 0.0, 0.0, 0.0
-0.0, -21.381224218869136, -0.0, 115.2117912327051, 0.0, 0.0, 0.0
-0.0, -21.449410875507652, -0.0, 115.24967270861534, 0.0, 0.0, 0.0
-0.0, -21.517309948061467, -0.0, 115.2873944155897, 0.0, 0.0, 0.0
-0.0, -21.58492121173026, -0.0, 115.32495622873901, 0.0, 0.0, 0.0
-0.0, -21.652244447023918, -0.0, 115.3623580261244, 0.0, 0.0, 0.0
-0.0, -21.719279439778035, -0.0, 115.39959968876556, 0.0, 0.0, 0.0
-0.0, -21.78602598116933, -0.0, 115.43668110064964, 0.0, 0.0, 0.0
-0.0, -21.852483867730797, -0.0, 115.4736021487393, 0.0, 0.0, 0.0
-0.0, -21.918652901367494, -0.0, 115.51036272298194, 0.0, 0.0, 0.0
-0.0, -21.984532889371508, -0.0, 115.5469627163175, 0.0, 0.0, 0.0
-0.0, -22.05012364443749, -0.0, 115.58340202468749, 0.0, 0.0, 0.0
-0.0, -22.115424984678157, -0.0, 115.61968054704337, 0.0, 0.0, 0.0
-0.0, -22.180436733639453, -0.0, 115.6557981853552, 0.0, 0.0, 0.0
-0.0, -22.245158720316027, -0.0, 115.69175484462001, 0.0, 0.0, 0.0
-0.0, -22.30959077916671, -0.0, 115.7275504328704, 0.0, 0.0, 0.0
-0.0, -22.373732750129705, -0.0, 115.7631848611832, 0.0, 0.0, 0.0
-0.0, -22.43758447863803, -0.0, 115.79865804368782, 0.0, 0.0, 0.0
-0.0, -22.50114581563497, -0.0, 115.83396989757497, 0.0, 0.0, 0.0
-0.0, -22.56441661758953, -0.0, 115.8691203431053, 0.0, 0.0, 0.0
-0.0, -22.62739674651141, -0.0, 115.90410930361747, 0.0, 0.0, 0.0
-0.0, -22.69008606996678, -0.0, 115.93893670553713, 0.0, 0.0, 0.0
-0.0, -22.752484461093644, -0.0, 115.97360247838535, 0.0, 0.0, 0.0
-0.0, -22.814591798616988, -0.0, 116.00810655478723, 0.0, 0.0, 0.0
-0.0, -22.876407966864264, -0.0, 116.04244887048013, 0.0, 0.0, 0.0
-0.0, -22.937932855780844, -0.0, 116.07662936432267, 0.0, 0.0, 0.0
-0.0, -22.99916636094528, -0.0, 116.11064797830291, 0.0, 0.0, 0.0
-0.0, -23.06010838358486, -0.0, 116.14450465754715, 0.0, 0.0, 0.0
-0.0, -23.120758830590518, -0.0, 116.17819935032807, 0.0, 0.0, 0.0
-0.0, -23.18111761453315, -0.0, 116.21173200807397, 0.0, 0.0, 0.0
-0.0, -23.241184653677806, -0.0, 116.24510258537656, 0.0, 0.0, 0.0
-0.0, -23.300959871999936, -0.0, 116.27831103999999, 0.0, 0.0, 0.0
-0.0, -23.360443199200603, -0.0, 116.31135733288923, 0.0, 0.0, 0.0
-0.0, -23.419634570721314, -0.0, 116.34424142817853, 0.0, 0.0, 0.0
-0.0, -23.478533927760395, -0.0, 116.37696329320022, 0.0, 0.0, 0.0
-0.0, -23.53714121728717, -0.0, 116.40952289849288, 0.0, 0.0, 0.0
-0.0, -23.59545639205865, -0.0, 116.44192021781038, 0.0, 0.0, 0.0
-0.0, -23.653479410633736, -0.0, 116.4741552281298, 0.0, 0.0, 0.0
-0.0, -23.71121023738914, -0.0, 116.50622790966067, 0.0, 0.0, 0.0
-0.0, -23.768648842534986, -0.0, 116.53813824585276, 0.0, 0.0, 0.0
-0.0, -23.82579520212977, -0.0, 116.56988622340545, 0.0, 0.0, 0.0
-0.0, -23.88264929809563, -0.0, 116.60147183227535, 0.0, 0.0, 0.0
-0.0, -23.93921111823451, -0.0, 116.63289506568582, 0.0, 0.0, 0.0
-0.0, -23.995480656242535, -0.0, 116.66415592013472, 0.0, 0.0, 0.0
-0.0, -24.051457911725805, -0.0, 116.69525439540325, 0.0, 0.0, 0.0
-0.0, -24.10714289021638, -0.0, 116.72619049456468, 0.0, 0.0, 0.0
-0.0, -24.16253560318671, -0.0, 116.75696422399258, 0.0, 0.0, 0.0
-0.0, -24.217636068065303, -0.0, 116.78757559336962, 0.0, 0.0, 0.0
-0.0, -24.272444308252346, -0.0, 116.8180246156957, 0.0, 0.0, 0.0
-0.0, -24.32696035313512, -0.0, 116.84831130729724, 0.0, 0.0, 0.0
-0.0, -24.38118423810269, -0.0, 116.87843568783484, 0.0, 0.0, 0.0
-0.0, -24.43511600456253, -0.0, 116.90839778031254, 0.0, 0.0, 0.0
-0.0, -24.488755699954368, -0.0, 116.93819761108578, 0.0, 0.0, 0.0
-0.0, -24.54210337776709, -0.0, 116.96783520987059, 0.0, 0.0, 0.0
-0.0, -24.595159097552568, -0.0, 116.99731060975147, 0.0, 0.0, 0.0
-0.0, -24.64792292494269, -0.0, 117.02662384719044, 0.0, 0.0, 0.0
-0.0, -24.700394931663368, -0.0, 117.05577496203524, 0.0, 0.0, 0.0
-0.0, -24.752575195550577, -0.0, 117.08476399752811, 0.0, 0.0, 0.0
-0.0, -24.804463800565713, -0.0, 117.11359100031429, 0.0, 0.0, 0.0
-0.0, -24.856060836810542, -0.0, 117.14225602045028, 0.0, 0.0, 0.0
-0.0, -24.90736640054334, -0.0, 117.17075911141293, 0.0, 0.0, 0.0
-0.0, -24.958380594193386, -0.0, 117.1991003301074, 0.0, 0.0, 0.0
-0.0, -25.00910352637709, -0.0, 117.22727973687616, 0.0, 0.0, 0.0
-0.0, -25.05953531191298, -0.0, 117.25529739550726, 0.0, 0.0, 0.0
-0.0, -25.109676071837043, -0.0, 117.28315337324278, 0.0, 0.0, 0.0
-0.0, -25.15952593341831, -0.0, 117.31084774078796, 0.0, 0.0, 0.0
-0.0, -25.20908503017432, -0.0, 117.33838057231907, 0.0, 0.0, 0.0
-0.0, -25.258353501885892, -0.0, 117.36575194549212, 0.0, 0.0, 0.0
-0.0, -25.307331494613152, -0.0, 117.39296194145173, 0.0, 0.0, 0.0
-0.0, -25.356019160710645, -0.0, 117.42001064483921, 0.0, 0.0, 0.0
-0.0, -25.404416658843076, -0.0, 117.44689814380173, 0.0, 0.0, 0.0
-0.0, -25.452524153999974, -0.0, 117.47362452999997, 0.0, 0.0, 0.0
-0.0, -25.50034181751164, -0.0, 117.50018989861755, 0.0, 0.0, 0.0
-0.0, -25.54786982706389, -0.0, 117.52659434836883, 0.0, 0.0, 0.0
-0.0, -25.595108366714697, -0.0, 117.55283798150818, 0.0, 0.0, 0.0
-0.0, -25.64205762690824, -0.0, 117.57892090383794, 0.0, 0.0, 0.0
-0.0, -25.68871780449075, -0.0, 117.60484322471706, 0.0, 0.0, 0.0
-0.0, -25.73508910272625, -0.0, 117.6306050570701, 0.0, 0.0, 0.0
-0.0, -25.781171731311474, -0.0, 117.65620651739522, 0.0, 0.0, 0.0
-0.0, -25.82696590639108, -0.0, 117.68164772577285, 0.0, 0.0, 0.0
-0.0, -25.872471850573845, -0.0, 117.70692880587438, 0.0, 0.0, 0.0
-0.0, -25.91768979294733, -0.0, 117.73204988497072, 0.0, 0.0, 0.0
-0.0, -25.96261996909331, -0.0, 117.75701109394072, 0.0, 0.0, 0.0
-0.0, -26.007262621103422, -0.0, 117.78181256727967, 0.0, 0.0, 0.0
-0.0, -26.05161799759466, -0.0, 117.80645444310815, 0.0, 0.0, 0.0
-0.0, -26.095686353723977, -0.0, 117.83093686318, 0.0, 0.0, 0.0
-0.0, -26.13946795120478, -0.0, 117.85525997289153, 0.0, 0.0, 0.0
-0.0, -26.182963058321235, -0.0, 117.87942392128956, 0.0, 0.0, 0.0
-0.0, -26.226171949944558, -0.0, 117.90342886108037, 0.0, 0.0, 0.0
-0.0, -26.269094907547583, -0.0, 117.92727494863759, 0.0, 0.0, 0.0
-0.0, -26.31173221922097, -0.0, 117.95096234401164, 0.0, 0.0, 0.0
-0.0, -26.35408417968756, -0.0, 117.9744912109375, 0.0, 0.0, 0.0
-0.0, -26.39615109031874, -0.0, 117.99786171684376, 0.0, 0.0, 0.0
-0.0, -26.437933259149588, -0.0, 118.02107403286091, 0.0, 0.0, 0.0
-0.0, -26.479431000893527, -0.0, 118.04412833382973, 0.0, 0.0, 0.0
-0.0, -26.520644636958792, -0.0, 118.06702479831044, 0.0, 0.0, 0.0
-0.0, -26.56157449546265, -0.0, 118.08976360859039, 0.0, 0.0, 0.0
-0.0, -26.60222091124814, -0.0, 118.11234495069344, 0.0, 0.0, 0.0
-0.0, -26.642584225898105, -0.0, 118.1347690143878, 0.0, 0.0, 0.0
-0.0, -26.682664787751577, -0.0, 118.15703599319532, 0.0, 0.0, 0.0
-0.0, -26.72246295191829, -0.0, 118.17914608439904, 0.0, 0.0, 0.0
-0.0, -26.761979080294964, -0.0, 118.20109948905277, 0.0, 0.0, 0.0
-0.0, -26.801213541579955, -0.0, 118.22289641198883, 0.0, 0.0, 0.0
-0.0, -26.84016671128896, -0.0, 118.2445370618272, 0.0, 0.0, 0.0
-0.0, -26.87883897177045, -0.0, 118.26602165098365, 0.0, 0.0, 0.0
-0.0, -26.91723071222094, -0.0, 118.28735039567827, 0.0, 0.0, 0.0
-0.0, -26.95534232870014, -0.0, 118.30852351594451, 0.0, 0.0, 0.0
-0.0, -26.9931742241468, -0.0, 118.32954123563707, 0.0, 0.0, 0.0
-0.0, -27.03072680839375, -0.0, 118.35040378244095, 0.0, 0.0, 0.0
-0.0, -27.068000498183267, -0.0, 118.37111138787961, 0.0, 0.0, 0.0
-0.0, -27.10499571718296, -0.0, 118.3916642873238, 0.0, 0.0, 0.0
-0.0, -27.141712896, -0.0, 118.41206272, 0.0, 0.0, 0.0
-0.0, -27.178152472198036, -0.0, 118.43230692899893, 0.0, 0.0, 0.0
-0.0, -27.214314890311556, -0.0, 118.45239716128422, 0.0, 0.0, 0.0
-0.0, -27.25020060186094, -0.0, 118.47233366770051, 0.0, 0.0, 0.0
-0.0, -27.28581006536919, -0.0, 118.49211670298288, 0.0, 0.0, 0.0
-0.0, -27.321143746376038, -0.0, 118.51174652576447, 0.0, 0.0, 0.0
-0.0, -27.356202117453847, -0.0, 118.5312233985855, 0.0, 0.0, 0.0
-0.0, -27.39098565822289, -0.0, 118.55054758790158, 0.0, 0.0, 0.0
-0.0, -27.425494855367077, -0.0, 118.56971936409283, 0.0, 0.0, 0.0
-0.0, -27.459730202648558, -0.0, 118.58873900147137, 0.0, 0.0, 0.0
-0.0, -27.493692200923903, -0.0, 118.607606778291, 0.0, 0.0, 0.0
-0.0, -27.527381358158976, -0.0, 118.62632297675498, 0.0, 0.0, 0.0
-0.0, -27.56079818944437, -0.0, 118.6448878830247, 0.0, 0.0, 0.0
-0.0, -27.593943217011542, -0.0, 118.66330178722862, 0.0, 0.0, 0.0
-0.0, -27.626816970246665, -0.0, 118.68156498347034, 0.0, 0.0, 0.0
-0.0, -27.65941998570713, -0.0, 118.69967776983734, 0.0, 0.0, 0.0
-0.0, -27.691752807137277, -0.0, 118.71764044840964, 0.0, 0.0, 0.0
-0.0, -27.723815985482332, -0.0, 118.735453325268, 0.0, 0.0, 0.0
-0.0, -27.75561007890522, -0.0, 118.75311671050287, 0.0, 0.0, 0.0
-0.0, -27.7871356528008, -0.0, 118.77063091822265, 0.0, 0.0, 0.0
-0.0, -27.81839327981251, -0.0, 118.78799626656246, 0.0, 0.0, 0.0
-0.0, -27.8493835398462, -0.0, 118.80521307769231, 0.0, 0.0, 0.0
-0.0, -27.880107020087223, -0.0, 118.82228167782614, 0.0, 0.0, 0.0
-0.0, -27.910564315013943, -0.0, 118.83920239722997, 0.0, 0.0, 0.0
-0.0, -27.94075602641459, -0.0, 118.85597557023036, 0.0, 0.0, 0.0
-0.0, -27.970682763402635, -0.0, 118.87260153522362, 0.0, 0.0, 0.0
-0.0, -28.000345142430632, -0.0, 118.88908063468372, 0.0, 0.0, 0.0
-0.0, -28.029743787307638, -0.0, 118.90541321517088, 0.0, 0.0, 0.0
-0.0, -28.05887932921246, -0.0, 118.9215996273403, 0.0, 0.0, 0.0
-0.0, -28.087752406711445, -0.0, 118.93764022595087, 0.0, 0.0, 0.0
-0.0, -28.11636366577153, -0.0, 118.95353536987304, 0.0, 0.0, 0.0
-0.0, -28.14471375977695, -0.0, 118.96928542209835, 0.0, 0.0, 0.0
-0.0, -28.172803349544893, -0.0, 118.9848907497472, 0.0, 0.0, 0.0
-0.0, -28.200633103339612, -0.0, 119.00035172407757, 0.0, 0.0, 0.0
-0.0, -28.228203696888556, -0.0, 119.01566872049366, 0.0, 0.0, 0.0
-0.0, -28.25551581339795, -0.0, 119.0308421185544, 0.0, 0.0, 0.0
-0.0, -28.282570143567796, -0.0, 119.04587230198209, 0.0, 0.0, 0.0
-0.0, -28.30936738560746, -0.0, 119.06075965867083, 0.0, 0.0, 0.0
-0.0, -28.33590824525089, -0.0, 119.07550458069494, 0.0, 0.0, 0.0
-0.0, -28.362193435771985, -0.0, 119.0901074643177, 0.0, 0.0, 0.0
-0.0, -28.388223677999974, -0.0, 119.10456871000002, 0.0, 0.0, 0.0
-0.0, -28.413999700335182, -0.0, 119.11888872240846, 0.0, 0.0, 0.0
-0.0, -28.43952223876414, -0.0, 119.13306791042447, 0.0, 0.0, 0.0
-0.0, -28.464792036873973, -0.0, 119.14710668715227, 0.0, 0.0, 0.0
-0.0, -28.489809845870298, -0.0, 119.16100546992794, 0.0, 0.0, 0.0
-0.0, -28.514576424589336, -0.0, 119.1747646803274, 0.0, 0.0, 0.0
-0.0, -28.539092539516446, -0.0, 119.18838474417586, 0.0, 0.0, 0.0
-0.0, -28.56335896479885, -0.0, 119.20186609155493, 0.0, 0.0, 0.0
-0.0, -28.58737648226304, -0.0, 119.21520915681276, 0.0, 0.0, 0.0
-0.0, -28.61114588142874, -0.0, 119.22841437857153, 0.0, 0.0, 0.0
-0.0, -28.63466795952536, -0.0, 119.24148219973637, 0.0, 0.0, 0.0
-0.0, -28.657943521506468, -0.0, 119.25441306750352, 0.0, 0.0, 0.0
-0.0, -28.68097338006538, -0.0, 119.26720743336966, 0.0, 0.0, 0.0
-0.0, -28.70375835565153, -0.0, 119.27986575313969, 0.0, 0.0, 0.0
-0.0, -28.7262992764841, -0.0, 119.29238848693566, 0.0, 0.0, 0.0
-0.0, -28.748596978569083, -0.0, 119.30477609920507, 0.0, 0.0, 0.0
-0.0, -28.770652305713384, -0.0, 119.31702905872962, 0.0, 0.0, 0.0
-0.0, -28.79246610954084, -0.0, 119.32914783863376, 0.0, 0.0, 0.0
-0.0, -28.814039249507687, -0.0, 119.3411329163932, 0.0, 0.0, 0.0
-0.0, -28.83537259291768, -0.0, 119.35298477384319, 0.0, 0.0, 0.0
-0.0, -28.856467014937493, -0.0, 119.36470389718747, 0.0, 0.0, 0.0
-0.0, -28.877323398611907, -0.0, 119.3762907770066, 0.0, 0.0, 0.0
-0.0, -28.8979426348796, -0.0, 119.38774590826648, 0.0, 0.0, 0.0
-0.0, -28.91832562258861, -0.0, 119.39906979032699, 0.0, 0.0, 0.0
-0.0, -28.938473268510734, -0.0, 119.41026292695037, 0.0, 0.0, 0.0
-0.0, -28.95838648735827, -0.0, 119.42132582631012, 0.0, 0.0, 0.0
-0.0, -28.9780662017983, -0.0, 119.43225900099898, 0.0, 0.0, 0.0
-0.0, -28.99751334246872, -0.0, 119.44306296803816, 0.0, 0.0, 0.0
-0.0, -29.016728847993477, -0.0, 119.45373824888532, 0.0, 0.0, 0.0
-0.0, -29.03571366499756, -0.0, 119.46428536944308, 0.0, 0.0, 0.0
-0.0, -29.054468748123156, -0.0, 119.47470486006836, 0.0, 0.0, 0.0
-0.0, -29.072995060043695, -0.0, 119.48499725557986, 0.0, 0.0, 0.0
-0.0, -29.091293571481003, -0.0, 119.49516309526723, 0.0, 0.0, 0.0
-0.0, -29.10936526121918, -0.0, 119.50520292289957, 0.0, 0.0, 0.0
-0.0, -29.12721111612109, -0.0, 119.5151172867339, 0.0, 0.0, 0.0
-0.0, -29.14483213114255, -0.0, 119.52490673952363, 0.0, 0.0, 0.0
-0.0, -29.162229309348845, -0.0, 119.53457183852709, 0.0, 0.0, 0.0
-0.0, -29.179403661929257, -0.0, 119.54411314551623, 0.0, 0.0, 0.0
-0.0, -29.196356208213615, -0.0, 119.55353122678528, 0.0, 0.0, 0.0
-0.0, -29.213087975685426, -0.0, 119.56282665315857, 0.0, 0.0, 0.0
-0.0, -29.229600000000175, -0.0, 119.57200000000009, 0.0, 0.0, 0.0
-0.0, -29.245893324998235, -0.0, 119.58105184722115, 0.0, 0.0, 0.0
-0.0, -29.261969002721514, -0.0, 119.5899827792897, 0.0, 0.0, 0.0
-0.0, -29.27782809342915, -0.0, 119.59879338523842, 0.0, 0.0, 0.0
-0.0, -29.29347166561115, -0.0, 119.60748425867286, 0.0, 0.0, 0.0
-0.0, -29.30890079600573, -0.0, 119.61605599778099, 0.0, 0.0, 0.0
-0.0, -29.324116569613864, -0.0, 119.62450920534101, 0.0, 0.0, 0.0
-0.0, -29.339120079714235, -0.0, 119.63284448873009, 0.0, 0.0, 0.0
-0.0, -29.353912427879152, -0.0, 119.64106245993278, 0.0, 0.0, 0.0
-0.0, -29.368494723989727, -0.0, 119.64916373554985, 0.0, 0.0, 0.0
-0.0, -29.38286808625196, -0.0, 119.65714893680666, 0.0, 0.0, 0.0
-0.0, -29.39703364121067, -0.0, 119.66501868956152, 0.0, 0.0, 0.0
-0.0, -29.410992523766538, -0.0, 119.67277362431477, 0.0, 0.0, 0.0
-0.0, -29.424745877189707, -0.0, 119.6804143762165, 0.0, 0.0, 0.0
-0.0, -29.43829485313671, -0.0, 119.68794158507589, 0.0, 0.0, 0.0
-0.0, -29.451640611665255, -0.0, 119.69535589536966, 0.0, 0.0, 0.0
-0.0, -29.464784321249397, -0.0, 119.70265795624957, 0.0, 0.0, 0.0
-0.0, -29.47772715879489, -0.0, 119.70984842155269, 0.0, 0.0, 0.0
-0.0, -29.490470309655393, -0.0, 119.71692794980859, 0.0, 0.0, 0.0
-0.0, -29.50301496764655, -0.0, 119.72389720424806, 0.0, 0.0, 0.0
-0.0, -29.515362335062548, -0.0, 119.7307568528125, 0.0, 0.0, 0.0
-0.0, -29.527513622690606, -0.0, 119.73750756816153, 0.0, 0.0, 0.0
-0.0, -29.539470049827344, -0.0, 119.74415002768183, 0.0, 0.0, 0.0
-0.0, -29.551232844292485, -0.0, 119.7506849134958, 0.0, 0.0, 0.0
-0.0, -29.56280324244665, -0.0, 119.75711291247035, 0.0, 0.0, 0.0
-0.0, -29.574182489204475, -0.0, 119.76343471622465, 0.0, 0.0, 0.0
-0.0, -29.585371838051003, -0.0, 119.76965102113937, 0.0, 0.0, 0.0
-0.0, -29.596372551056845, -0.0, 119.77576252836502, 0.0, 0.0, 0.0
-0.0, -29.607185898894556, -0.0, 119.78176994383031, 0.0, 0.0, 0.0
-0.0, -29.617813160851938, -0.0, 119.78767397825109, 0.0, 0.0, 0.0
-0.0, -29.628255624849487, -0.0, 119.79347534713861, 0.0, 0.0, 0.0
-0.0, -29.638514587454665, -0.0, 119.79917477080807, 0.0, 0.0, 0.0
-0.0, -29.648591353897075, -0.0, 119.80477297438728, 0.0, 0.0, 0.0
-0.0, -29.65848723808466, -0.0, 119.81027068782473, 0.0, 0.0, 0.0
-0.0, -29.668203562618544, -0.0, 119.81566864589917, 0.0, 0.0, 0.0
-0.0, -29.677741658808884, -0.0, 119.82096758822718, 0.0, 0.0, 0.0
-0.0, -29.687102866689713, -0.0, 119.82616825927212, 0.0, 0.0, 0.0
-0.0, -29.696288535034228, -0.0, 119.83127140835236, 0.0, 0.0, 0.0
-0.0, -29.70530002137093, -0.0, 119.83627778965058, 0.0, 0.0, 0.0
-0.0, -29.714138691998187, -0.0, 119.84118816222116, 0.0, 0.0, 0.0
-0.0, -29.722805921999907, -0.0, 119.84600328999997, 0.0, 0.0, 0.0
-0.0, -29.731303095261467, -0.0, 119.85072394181196, 0.0, 0.0, 0.0
-0.0, -29.739631604484146, -0.0, 119.85535089138011, 0.0, 0.0, 0.0
-0.0, -29.747792851200984, -0.0, 119.85988491733383, 0.0, 0.0, 0.0
-0.0, -29.755788245792246, -0.0, 119.86432680321789, 0.0, 0.0, 0.0
-0.0, -29.76361920750037, -0.0, 119.86867733750023, 0.0, 0.0, 0.0
-0.0, -29.77128716444645, -0.0, 119.87293731358142, 0.0, 0.0, 0.0
-0.0, -29.778793553643993, -0.0, 119.87710752980223, 0.0, 0.0, 0.0
-0.0, -29.786139821014956, -0.0, 119.88118878945278, 0.0, 0.0, 0.0
-0.0, -29.793327421406275, -0.0, 119.88518190078139, 0.0, 0.0, 0.0
-0.0, -29.800357818603516, -0.0, 119.88908767700195, 0.0, 0.0, 0.0
-0.0, -29.807232485346958, -0.0, 119.89290693630386, 0.0, 0.0, 0.0
-0.0, -29.813952903347513, -0.0, 119.89664050185962, 0.0, 0.0, 0.0
-0.0, -29.820520563300875, -0.0, 119.90028920183386, 0.0, 0.0, 0.0
-0.0, -29.82693696490429, -0.0, 119.90385386939124, 0.0, 0.0, 0.0
-0.0, -29.83320361687072, -0.0, 119.90733534270598, 0.0, 0.0, 0.0
-0.0, -29.83932203694519, -0.0, 119.91073446496964, 0.0, 0.0, 0.0
-0.0, -29.84529375191954, -0.0, 119.91405208439971, 0.0, 0.0, 0.0
-0.0, -29.851120297647867, -0.0, 119.91728905424878, 0.0, 0.0, 0.0
-0.0, -29.856803219062215, -0.0, 119.92044623281234, 0.0, 0.0, 0.0
-0.0, -29.862344070187362, -0.0, 119.92352448343746, 0.0, 0.0, 0.0
-0.0, -29.86774441415764, -0.0, 119.92652467453195, 0.0, 0.0, 0.0
-0.0, -29.87300582322979, -0.0, 119.92944767957215, 0.0, 0.0, 0.0
-0.0, -29.878129878800962, -0.0, 119.93229437711165, 0.0, 0.0, 0.0
-0.0, -29.883118171422836, -0.0, 119.93506565079045, 0.0, 0.0, 0.0
-0.0, -29.887972300816386, -0.0, 119.9377623893424, 0.0, 0.0, 0.0
-0.0, -29.892693875888426, -0.0, 119.9403854866047, 0.0, 0.0, 0.0
-0.0, -29.89728451474707, -0.0, 119.94293584152612, 0.0, 0.0, 0.0
-0.0, -29.901745844715663, -0.0, 119.94541435817536, 0.0, 0.0, 0.0
-0.0, -29.906079502349428, -0.0, 119.9478219457497, 0.0, 0.0, 0.0
-0.0, -29.910287133451277, -0.0, 119.950159518584, 0.0, 0.0, 0.0
-0.0, -29.91437039308505, -0.0, 119.95242799615832, 0.0, 0.0, 0.0
-0.0, -29.918330945593027, -0.0, 119.95462830310711, 0.0, 0.0, 0.0
-0.0, -29.922170464610588, -0.0, 119.9567613692281, 0.0, 0.0, 0.0
-0.0, -29.925890633081167, -0.0, 119.95882812948946, 0.0, 0.0, 0.0
-0.0, -29.929493143272396, -0.0, 119.96082952404015, 0.0, 0.0, 0.0
-0.0, -29.93297969679071, -0.0, 119.96276649821701, 0.0, 0.0, 0.0
-0.0, -29.936352004597268, -0.0, 119.96464000255412, 0.0, 0.0, 0.0
-0.0, -29.939611787023637, -0.0, 119.96645099279081, 0.0, 0.0, 0.0
-0.0, -29.942760773785324, -0.0, 119.9682004298808, 0.0, 0.0, 0.0
-0.0, -29.945800703999907, -0.0, 119.96988928000005, 0.0, 0.0, 0.0
-0.0, -29.948733326200568, -0.0, 119.97151851455592, 0.0, 0.0, 0.0
-0.0, -29.95156039835183, -0.0, 119.9730891101955, 0.0, 0.0, 0.0
-0.0, -29.954283687864574, -0.0, 119.9746020488137, 0.0, 0.0, 0.0
-0.0, -29.95690497161314, -0.0, 119.97605831756292, 0.0, 0.0, 0.0
-0.0, -29.959426035948297, -0.0, 119.97745890886014, 0.0, 0.0, 0.0
-0.0, -29.961848676714055, -0.0, 119.97880482039673, 0.0, 0.0, 0.0
-0.0, -29.964174699263083, -0.0, 119.98009705514608, 0.0, 0.0, 0.0
-0.0, -29.96640591847091, -0.0, 119.98133662137269, 0.0, 0.0, 0.0
-0.0, -29.96854415875356, -0.0, 119.98252453264084, 0.0, 0.0, 0.0
-0.0, -29.97059125408009, -0.0, 119.98366180782222, 0.0, 0.0, 0.0
-0.0, -29.97254904799007, -0.0, 119.9847494711056, 0.0, 0.0, 0.0
-0.0, -29.9744193936084, -0.0, 119.98578855200469, 0.0, 0.0, 0.0
-0.0, -29.976204153660262, -0.0, 119.98678008536689, 0.0, 0.0, 0.0
-0.0, -29.977905200486987, -0.0, 119.98772511138162, 0.0, 0.0, 0.0
-0.0, -29.979524416060713, -0.0, 119.98862467558934, 0.0, 0.0, 0.0
-0.0, -29.981063692001385, -0.0, 119.9894798288895, 0.0, 0.0, 0.0
-0.0, -29.982524929590113, -0.0, 119.9902916275501, 0.0, 0.0, 0.0
-0.0, -29.983910039785428, -0.0, 119.99106113321426, 0.0, 0.0, 0.0
-0.0, -29.985220943239653, -0.0, 119.99178941291086, 0.0, 0.0, 0.0
-0.0, -29.98645957031249, -0.0, 119.99247753906246, 0.0, 0.0, 0.0
-0.0, -29.987627861087617, -0.0, 119.99312658949316, 0.0, 0.0, 0.0
-0.0, -29.988727765387466, -0.0, 119.99373764743746, 0.0, 0.0, 0.0
-0.0, -29.98976124278886, -0.0, 119.99431180154943, 0.0, 0.0, 0.0
-0.0, -29.990730262638635, -0.0, 119.99485014591033, 0.0, 0.0, 0.0
-0.0, -29.99163680406889, -0.0, 119.99535378003816, 0.0, 0.0, 0.0
-0.0, -29.99248285601095, -0.0, 119.99582380889501, 0.0, 0.0, 0.0
-0.0, -29.99327041721392, -0.0, 119.99626134289656, 0.0, 0.0, 0.0
-0.0, -29.994001496256658, -0.0, 119.99666749792021, 0.0, 0.0, 0.0
-0.0, -29.994678111565122, -0.0, 119.997043395314, 0.0, 0.0, 0.0
-0.0, -29.995302291427606, -0.0, 119.99739016190432, 0.0, 0.0, 0.0
-0.0, -29.995876074009686, -0.0, 119.99770893000539, 0.0, 0.0, 0.0
-0.0, -29.996401507368944, -0.0, 119.99800083742718, 0.0, 0.0, 0.0
-0.0, -29.996880649472246, -0.0, 119.99826702748453, 0.0, 0.0, 0.0
-0.0, -29.99731556820882, -0.0, 119.9985086490048, 0.0, 0.0, 0.0
-0.0, -29.997708341407588, -0.0, 119.99872685633756, 0.0, 0.0, 0.0
-0.0, -29.998061056851668, -0.0, 119.99892280936211, 0.0, 0.0, 0.0
-0.0, -29.99837581229366, -0.0, 119.99909767349646, 0.0, 0.0, 0.0
-0.0, -29.998654715470934, -0.0, 119.99925261970611, 0.0, 0.0, 0.0
-0.0, -29.998899884121897, -0.0, 119.99938882451215, 0.0, 0.0, 0.0
-0.0, -29.999113446000024, -0.0, 119.99950747000003, 0.0, 0.0, 0.0
-0.0, -29.999297538890232, -0.0, 119.99960974382799, 0.0, 0.0, 0.0
-0.0, -29.999454310624174, -0.0, 119.99969683923575, 0.0, 0.0, 0.0
-0.0, -29.999585919095352, -0.0, 119.99976995505295, 0.0, 0.0, 0.0
-0.0, -29.999694532274248, -0.0, 119.99983029570785, 0.0, 0.0, 0.0
-0.0, -29.999782328224, -0.0, 119.99987907123563, 0.0, 0.0, 0.0
-0.0, -29.999851495116786, -0.0, 119.99991749728702, 0.0, 0.0, 0.0
-0.0, -29.99990423124632, -0.0, 119.9999467951368, 0.0, 0.0, 0.0
-0.0, -29.999942745047065, -0.0, 119.99996819169269, 0.0, 0.0, 0.0
-0.0, -29.999969255106407, -0.0, 119.99998291950357, 0.0, 0.0, 0.0
-0.0, -29.999985990181585, -0.0, 119.99999221676751, 0.0, 0.0, 0.0
-0.0, -29.999995189215156, -0.0, 119.9999973273417, 0.0, 0.0, 0.0
-0.0, -29.99999910134943, -0.0, 119.99999950074971, 0.0, 0.0, 0.0
-0.0, -29.999999985942736, -0.0, 119.99999999219045, 0.0, 0.0, 0.0
